{
	"format_version": "1.10.0",
	"particle_effect": {
		"description": {
			"identifier": "halor6:blue_plasma",
			"basic_render_parameters": {
				"material": "particles_alpha",
				"texture": "halor6:particles/particles"
			}
		},
		"components": {
			"minecraft:emitter_rate_steady": {
				"spawn_rate": 120,
				"max_particles": 200
			},
			"minecraft:emitter_lifetime_looping": {
				"active_time": 1
			},
			"minecraft:emitter_shape_sphere": {
				"radius": 0.2,
				"direction": "outwards"
			},
			"minecraft:particle_lifetime_expression": {
				"max_lifetime": "7.0 / 20.0 / Math.random(0.5, 1.0)"
			},
			"minecraft:particle_initial_speed": 2,
			"minecraft:particle_motion_dynamic": {
				"linear_drag_coefficient": 4
			},
			"minecraft:particle_appearance_billboard": {
				"size": [0.05, 0.05],
				"facing_camera_mode": "lookat_xyz",
				"uv": {
					"texture_width": 128,
					"texture_height": 128,
					"flipbook": {
						"base_UV": [56, 0],
						"size_UV": [8, 8],
						"step_UV": [-8, 0],
						"frames_per_second": 8,
						"max_frame": 8,
						"stretch_to_lifetime": true
					}
				}
			},
			"minecraft:particle_motion_collision": {
				"collision_drag": 0.4,
				"collision_radius": 0.2
			},
			"minecraft:particle_appearance_tinting": {
				"color": [0.30588, 0.45098, 0.97647, 0.74118]
			}
		}
	}
}