{
  // 版本
  "version": "1.5.0",
  // 名称，支持本地化
  "name": "pack.halor6.halo_weapon_pack.name",
  // 描述文本，支持本地化
  "desc": "pack.halor6.halo_weapon_pack.desc",
  // 许可证
  "license": "CC BY-NC-ND 4.0",
  // 作者
  "authors": [
    "RPA60"
  ],
  // 日期：ISO 8601 标准，即 YYYY-MM-DD
  "date": "2025-10-01",
  // URL 链接，可以在枪械合成台看到，点击按钮可以访问网络链接
  "url": "https://space.bilibili.com/16588104"
}