{
    // 枪械的显示名称，支持本地化
    "name": "halor6.gun.mk50.name",
    // 枪械效果文件
    "display": "halor6:mk50_display",
    // 枪械参数文件
    "data": "halor6:mk50_data",
    // 枪械文本提示
    "tooltip": "halor6.gun.mk50.desc",
    // 枪械种类，用于创造标签栏归类。
    "type": "pistol",
    // 枪械的物品类型，决定枪械的逻辑，如开火、装填等，默认是 modern_kinetic (现代动能枪械)
    "item_type": "modern_kinetic"
}