{
  "ammo": "halor6:kinetic_ammo",
  "ammo_amount": 70,
  "extended_mag_ammo_amount": [
    100,
    130,
    150
  ],
  "bolt": "open_bolt",
  "rpm": 600,
  "bullet": {
    "life": 0.8,
    "bullet_amount": 1,
    "damage": 7,
    "tracer_count_interval": 0,
    "extra_damage": {
      "armor_ignore": 0.35,
      "head_shot_multiplier": 1.4,
      "damage_adjust": [
        {"distance": 35, "damage": 7},
        {"distance": 70, "damage": 6},
        {"distance": "infinite", "damage": 5}
      ]
    },
    "speed": 550,
    "gravity": 0.15,
    "knockback": 0,
    "friction": 0.015,
    "ignite": false,
    "pierce": 1
  },
  "reload": {
    "type": "fuel",
    "feed": {
      "empty": 3.17,
      "tactical": 3.17
    },
    "cooldown": {
      "empty": 3.54,
      "tactical": 3.54
    }
  },
  "draw_time": 0.63,
  "put_away_time": 0.46,
  "aim_time": 0.12,
  "sprint_time": 0.18,
  "weight": 6.5,
  "movement_speed": {
    "base": 0.0,
    "aim": -0.2,
    "reload": -0.1
  },
  "crawl_recoil_multiplier": 0.5,
  "fire_mode": [
    "auto"
  ],
  "recoil": {
    "pitch": [
      {"time": 0, "value": [0.45, 0.45]},
      {"time": 0.25, "value": [0.45, 0.45]},
      {"time": 0.65, "value": [-0.175, -0.175]},
      {"time": 0.7, "value": [0, 0]}
    ],
    "yaw": [
      {"time": 0, "value": [-0.275, 0.25]},
      {"time": 0.25, "value": [-0.275, 0.25]},
      {"time": 0.45, "value": [0, 0]}
    ]
  },
  "inaccuracy": {
    "stand": 4,
    "move": 4.5,
    "sneak": 2.5,
    "lie": 1.5,
    "aim": 0.5
  },
  // 近战相关
  "melee": {
    // 枪械距离参数，用来延升近战攻击范围
    // 会与刺刀等配件的距离做加和
    "distance": 1,
    // 使用时的冷却时间
    "cooldown": 1.28,
    // 默认近战数据，会被配件的数据替换掉
    "default": {
      // 动画类型：没有枪托的为 melee_push，有枪托的为 melee_stock
      "animation_type": "melee_stock",
      // 刺刀距离参数，枪械里还有个刺刀攻击距离参数，两者做加和
      "distance": 1.3,
      // 刺刀范围角度
      "range_angle": 45,
      // 伤害值
      "damage": 16,
      // 击退效果
      "knockback": 1,
      // 前摇时长，单位：秒
      "prep": 0.43
    }
  },
  "allow_attachment_types": [
    "muzzle",
    "scope",
    "laser",
    "grip",
    "extended_mag"
  ],
  "builtin_attachments": {
  },
  "exclusive_attachments": {
  }
}