{
  "ammo": "halor6:power_ammo",
  "can_crawl": false,
  "ammo_amount": 2,
  "bolt": "open_bolt",
  "rpm": 70,
  "bullet": {
    "life": 10,
    "bullet_amount": 1,
    "damage": 30,
    "extra_damage": {
      "armor_ignore": 0,
      "head_shot_multiplier": 1.0
    },
    "speed": 60,
    "gravity": 0,
    "knockback": 0,
    "friction": 0.005,
    "ignite": false,
    "pierce": 0,
    "explosion": {
      "explode": true,
      "damage": 150,
      "radius": 6,
      "knockback": true,
      "destroy_block": true,
      "delay": 30
    }
  },
  "reload": {
    "type": "magazine",
    "feed": {
      "empty": 2.8,
      "tactical": 2.8
    },
    "cooldown": {
      "empty":3.37,
      "tactical": 3.37
    }
  },
  "draw_time": 0.67,
  "put_away_time": 0.51,
  "aim_time": 0.1,
  "sprint_time": 0.25,
  "weight": 8.0,
  "movement_speed": {
    "base": 0.0,
    "aim": -0.15,
    "reload": -0.2
  },
  "crawl_recoil_multiplier": 0.2,
  "can_slide": false,
  "fire_mode": [
    "semi"
  ],
  "recoil": {
    "pitch": [
      {"time": 0, "value": [2.5, 2.5]},
      {"time": 0.2, "value": [3.5, 3.5]},
      {"time": 0.45, "value": [-0.75, -0.75]},
      {"time": 0.7, "value": [0.25, 0.25]},
      {"time": 1.2, "value": [0, 0]},
      {"time": 1.4, "value": [0, 0]}
    ],
    "yaw": [
      {"time": 0, "value": [-0.4, 0.4]},
      {"time": 0.55, "value": [0, 0]}
    ]
  },
  "inaccuracy": {
    "stand": 1,
    "move": 1.5,
    "sneak": 0.75,
    "lie": 0.5,
    "aim": 0.05
  },
  // 近战相关
  "melee": {
    // 枪械距离参数，用来延升近战攻击范围
    // 会与刺刀等配件的距离做加和
    "distance": 1,
    // 使用时的冷却时间
    "cooldown": 1.20,
    // 默认近战数据，会被配件的数据替换掉
    "default": {
      // 动画类型：没有枪托的为 melee_push，有枪托的为 melee_stock
      "animation_type": "melee_stock",
      // 刺刀距离参数，枪械里还有个刺刀攻击距离参数，两者做加和
      "distance": 1,
      // 刺刀范围角度
      "range_angle": 40,
      // 伤害值
      "damage": 15,
      // 击退效果
      "knockback": 1,
      // 前摇时长，单位：秒
      "prep": 0.20
    }
  }
}