{
  "ammo": "halor6:kinetic_ammo_single",
  "ammo_amount": 7,
  "bolt": "manual_action",
  "rpm": 160,
  "bullet": {
    "life": 0.5,
    "bullet_amount": 10,
    "damage": 60,
    "tracer_count_interval": 0,
    "extra_damage": {
      "armor_ignore": 0.3,
      "head_shot_multiplier": 1.2,
      "damage_adjust": [
        {"distance": 24, "damage": 60},
        {"distance": 48, "damage": 55},
        {"distance": "infinite", "damage": 50}
      ]
    },
    "speed": 450,
    "gravity": 0.15,
    "knockback": 0,
    "friction": 0.01,
    "ignite": false,
    "pierce": 1
  },
  "reload": {
    // 在 m870 的脚本逻辑中：
    // feed.empty 表示 reload_intro_empty 的时长
    // feed.tactical 表示 reload_intro 的时长
    // cooldown.empty 表示 reload_loop 的时长
    // cooldown.tactical 表示 reload_end 的时长
    // M870读取的是Script中的内容，reload弃用
    "type": "magazine",
    "feed": {
      "empty": 1.1,
      "tactical": 0.57
    },
    "cooldown": {
      "empty":0.57,
      "tactical": 0.3
    }
  },
  "draw_time": 0.42,
  "put_away_time": 0.38,
  "aim_time": 0.21,
  "sprint_time": 0.22,
  "weight": 4.0,
  "movement_speed": {
    "base": 0.0,
    "aim": -0.15,
    "reload": -0.1
  },
  "crawl_recoil_multiplier": 0.2,
  "fire_mode": [
    "semi"
  ],
  "recoil": {
    "pitch": [
      {"time": 0, "value": [4.5, 4.5]},
      {"time": 0.1, "value": [3.5, 3.5]},
      {"time": 0.13, "value": [4, 4]},
      {"time": 0.4, "value": [-0.5, -0.5]},
      {"time": 0.53, "value": [0.25, 0.25]},
      {"time": 0.65, "value": [0, 0]},
      {"time": 0.7, "value": [0, 0]}
    ],
    "yaw": [
      {"time": 0, "value": [-0.2, 0.15]},
      {"time": 0.05, "value": [-0.1, 0.05]},
      {"time": 0.25, "value": [0, 0]}
    ]
  },
  "inaccuracy": {
    "stand": 4,
    "move": 4,
    "sneak": 4,
    "lie": 4,
    "aim": 3.5
  },
  "melee": {
    "distance": 1,
    "cooldown": 0.83,
    "default": {
      "animation_type": "melee_stock",
      "distance": 1,
      "range_angle": 40,
      "damage": 10,
      "knockback": 0.4,
      "prep": 0.1
    }
  },
  "script": "halor6:m90_gun_logic",
  "script_param": {
    "bolt_time": 0.4,
    "bolt_feed_time": 0.23,
    "intro_empty": 1.10,
    "intro": 0.3,
    "loop": 0.57,
    "ending": 0.3,
    "intro_empty_feed": 0.77,
    "loop_feed": 0.3
  },
  "allow_attachment_types": [
    "scope",
    "muzzle",
    "laser"
  ],
  "builtin_attachments": {
  },
  "exclusive_attachments": {
  }
}