{
  "ammo": "halor6:kinetic_ammo",
  "ammo_amount": 12,
  "extended_mag_ammo_amount": [
    15,
    18,
    20
  ],
  "bolt": "open_bolt",
  "rpm": 330,
  "bullet": {
    "life": 0.8,
    "bullet_amount": 1,
    "damage": 11,
    "tracer_count_interval": 0,
    "extra_damage": {
      "armor_ignore": 0,
      "head_shot_multiplier": 1.5,
      "damage_adjust": [
        {"distance": 18, "damage": 11},
        {"distance": 45, "damage": 10},
        {"distance": "infinite", "damage": 9}
      ]
    },
    "speed": 400,
    "gravity": 0.15,
    "knockback": 0,
    "friction": 0.025,
    "ignite": false,
    "pierce": 1
  },
  "reload": {
    "type": "fuel",
    "feed": {
      "empty": 1.4,
      "tactical": 0.87
    },
    "cooldown": {
      "empty": 1.63,
      "tactical": 1.27
    }
  },
  "draw_time": 0.25,
  "put_away_time": 0.2,
  "aim_time": 0.13,
  "sprint_time": 0.05,
  "weight": 1,
  "movement_speed": {
    "base": 0.0,
    "aim": 0,
    "reload": 0.1
  },
  "crawl_recoil_multiplier": 0.75,
  "fire_mode": [
    "semi"
  ],
  "allow_attachment_types": [
    "scope",
    "muzzle",
    "extended_mag"
  ],
  "recoil": {
    "pitch": [
      {"time": 0, "value": [0.7, 0.7]},
      {"time": 0.08, "value": [0.4, 0.4]},
      {"time": 0.3, "value": [0, 0]}
    ],
    "yaw": [
      {"time": 0, "value": [-0.25, 0.05]},
      {"time": 0.2, "value": [0, 0]}
    ]
  },
  "inaccuracy": {
    "stand": 1.2,
    "move": 1.5,
    "sneak": 1,
    "lie": 0.75,
    "aim": 0.1
  },
  // 近战相关
  "melee": {
    // 枪械距离参数，用来延升近战攻击范围
    // 会与刺刀等配件的距离做加和
    "distance": 1,
    // 使用时的冷却时间
    "cooldown": 0.63,
    // 默认近战数据，会被配件的数据替换掉
    "default": {
      // 动画类型：没有枪托的为 melee_push，有枪托的为 melee_stock
      "animation_type": "melee_stock",
      // 刺刀距离参数，枪械里还有个刺刀攻击距离参数，两者做加和
      "distance": 1,
      // 刺刀范围角度
      "range_angle": 40,
      // 伤害值
      "damage": 10,
      // 击退效果
      "knockback": 0.4,
      // 前摇时长，单位：秒
      "prep": 0.1
    }
  }
}