{
  "ammo": "halor6:power_ammo",
  "ammo_amount": 4,
  "extended_mag_ammo_amount": [
    6,
    8,
    10
  ],
  "bolt": "open_bolt",
  "rpm": 80,
  "bullet": {
    "life": 1.1,
    "bullet_amount": 1,
    "damage": 75,
    "tracer_count_interval": 0,
    "extra_damage": {
      "armor_ignore": 0.6,
      "head_shot_multiplier": 2,
      "damage_adjust": [
        {"distance": 65, "damage": 75},
        {"distance": 120, "damage": 70},
        {"distance": "infinite", "damage": 65}
      ]
    },
    "speed": 1200,
    "gravity": 0,
    "knockback": 0.1,
    "friction": 0.02,
    "ignite": false,
    "pierce": 10,
    "explosion": {
      "explode": false,
      "damage": 100,
      "radius": 1.5,
      "knockback": true,
      "delay": 1
    }
  },
  "reload": {
    "type": "magazine",
    "feed": {
      "empty": 2.29,
      "tactical": 1.71
    },
    "cooldown": {
      "empty": 2.79,
      "tactical": 2.13
    }
  },
  "draw_time": 0.42,
  "put_away_time": 0.42,
  "aim_time": 0.12,
  "sprint_time": 0.3,
  "weight": 5.0,
  "movement_speed": {
    // 默认修正
    "base": 0.0,
    // 瞄准时
    "aim": -0.2,
    // 换弹时
    "reload": -0.1
  },
  "crawl_recoil_multiplier": 0.33,
  "fire_mode": [
    "semi"
  ],
  "recoil": {
    "pitch": [
      {"time": 0, "value": [3.25, 3.25]},
      {"time": 0.07, "value": [2.375, 2.375]},
      {"time": 0.16, "value": [3, 3]},
      {"time": 0.24, "value": [1.85, 1.85]},
      {"time": 0.5, "value": [-0.5, -0.5]},
      {"time": 0.61, "value": [0.25, 0.25]},
      {"time": 0.73, "value": [0, 0]},
      {"time": 0.78, "value": [0, 0]}
    ],
    "yaw": [
      {"time": 0, "value": [-0.5, -0.5]},
      {"time": 0.17, "value": [0.1, 0.1]},
      {"time": 0.3, "value": [0, 0]},
      {"time": 0.7, "value": [0, 0]}
    ]
  },
  "inaccuracy": {
    "stand": 1,
    "move": 1,
    "sneak": 0.5,
    "lie": 0.05,
    "aim": 0.05
  },
  // 近战相关
  "melee": {
    // 枪械距离参数，用来延升近战攻击范围
    // 会与刺刀等配件的距离做加和
    "distance": 1,
    // 使用时的冷却时间
    "cooldown": 0.83,
    // 默认近战数据，会被配件的数据替换掉
    "default": {
      // 动画类型：没有枪托的为 melee_push，有枪托的为 melee_stock
      "animation_type": "melee_stock",
      // 刺刀距离参数，枪械里还有个刺刀攻击距离参数，两者做加和
      "distance": 1,
      // 刺刀范围角度
      "range_angle": 40,
      // 伤害值
      "damage": 10,
      // 击退效果
      "knockback": 0.4,
      // 前摇时长，单位：秒
      "prep": 0.1
    }
  },
  "allow_attachment_types": [
    "scope",
    "extended_mag"
  ],
  "builtin_attachments": {
    "scope": "halor6:scope_s7_default"
  },
  "exclusive_attachments": {
   
  }
}