{
  "ammo": "halor6:hardlight_ammo",
  "ammo_amount": 120,
  "bolt": "open_bolt",
  "rpm": 1000,
  "bullet": {
    "life": 0.8,
    "bullet_amount": 1,
    "damage": 3,
    "extra_damage": {
      "armor_ignore": 0.1,
      "head_shot_multiplier": 1.2,
      "damage_adjust": [
        {"distance": 30, "damage": 3},
        {"distance": "infinite", "damage": 3}
      ]
    },
    "speed": 3000,
    "gravity": 0,
    "knockback": 0,
    "friction": 0,
    "ignite": false,
    "pierce": 0
  },
  "reload": {
    "type": "fuel",
    "feed": {
      "empty": 2.13,
      "tactical": 2.13
    },
    "cooldown": {
      "empty": 2.53,
      "tactical": 2.53
    }
  },
  "draw_time": 0.4,
  "put_away_time": 0.42,
  "aim_time": 0.17,
  "sprint_time": 0.18,
  "weight": 4.5,
  "movement_speed": {
    "base": 0.0,
    "aim": -0.2,
    "reload": -0.1
  },
  "crawl_recoil_multiplier": 0.5,
  "fire_mode": [
    "auto",
    "semi"
  ],
  "recoil": {
    "pitch": [
      {"time": 0, "value": [0.25, 0.25]},
      {"time": 0.2, "value": [0.2, 0.2]},
      {"time": 0.5, "value": [-0.225, -0.225]},
      {"time": 0.8, "value": [0, 0]}
    ],
    "yaw": [
      {"time": 0, "value": [-0.15, 0.1]},
      {"time": 0.3, "value": [-0.35, 0.25]},
      {"time": 0.5, "value": [0, 0]}
    ]
  },
  "inaccuracy": {
    "stand": 0.5,
    "move": 0.5,
    "sneak": 0,
    "lie": 0,
    "aim": 0.5
  },
  // 近战相关
  "melee": {
    // 枪械距离参数，用来延升近战攻击范围
    // 会与刺刀等配件的距离做加和
    "distance": 1,
    // 使用时的冷却时间
    "cooldown": 0.83,
    // 默认近战数据，会被配件的数据替换掉
    "default": {
      // 动画类型：没有枪托的为 melee_push，有枪托的为 melee_stock
      "animation_type": "melee_stock",
      // 刺刀距离参数，枪械里还有个刺刀攻击距离参数，两者做加和
      "distance": 1,
      // 刺刀范围角度
      "range_angle": 40,
      // 伤害值
      "damage": 10,
      // 击退效果
      "knockback": 0.4,
      // 前摇时长，单位：秒
      "prep": 0.1
    }
  },
  "allow_attachment_types": [
  ],
  "builtin_attachments": {
  },
  "exclusive_attachments": {
  }
}