{
  "ammo": "halor6:plasma_ammo",
  "ammo_amount": 18,
  "extended_mag_ammo_amount": [
    21,
    25,
    30
  ],
  "bolt": "open_bolt",
  "rpm": 300,
  "bullet": {
    "life": 0.8,
    "bullet_amount": 1,
    "damage": 13,
    "tracer_count_interval": 0,
    "extra_damage": {
      "armor_ignore": 0.4,
      "head_shot_multiplier": 1.8,
      "damage_adjust": [
        {"distance": 60, "damage": 13},
        {"distance": 120, "damage": 12},
        {"distance": "infinite", "damage": 11}
      ]
    },
    "speed": 700,
    "gravity": 0.15,
    "knockback": 0,
    "friction": 0.01,
    "ignite": false,
    "pierce": 2,
    "explosion": {
      "explode": false,
      "damage": 28,
      "radius": 0.75,
      "knockback": true,
      "delay": 1
    }
  },
  "reload": {
    "type": "fuel",
    "feed": {
      "empty": 1.79,
      "tactical": 1.79
    },
    "cooldown": {
      "empty":2.5,
      "tactical": 2.5
    }
  },
  "draw_time": 0.42,
  "put_away_time": 0.38,
  "aim_time": 0.1,
  "sprint_time": 0.22,
  "weight": 4.0,
  "movement_speed": {
    "base": 0.0,
    "aim": -0.15,
    "reload": -0.1
  },
  "crawl_recoil_multiplier": 0.2,
  "fire_mode": [
    "semi"
  ],
  "recoil": {
    "pitch": [
      {"time": 0, "value": [1, 1.1]},
      {"time": 0.05, "value": [0.7, 0.8]},
      {"time": 0.2, "value": [-0.15, -0.1]},
      {"time": 0.5, "value": [0, 0]}
    ],
    "yaw": [
      {"time": 0, "value": [-0.1, 0.05]},
      {"time": 0.05, "value": [-0.1, 0.05]},
      {"time": 0.25, "value": [0, 0]}
    ]
  },
  "inaccuracy": {
    "stand": 0.8,
    "move": 1,
    "sneak": 0.5,
    "lie": 0.2,
    "aim": 0.05
  },
  "melee": {
    // 枪械距离参数，用来延升近战攻击范围
    // 会与刺刀等配件的距离做加和
    "distance": 1,
    // 使用时的冷却时间
    "cooldown": 0.83,
    // 默认近战数据，会被配件的数据替换掉
    "default": {
      // 动画类型：没有枪托的为 melee_push，有枪托的为 melee_stock
      "animation_type": "melee_stock",
      // 刺刀距离参数，枪械里还有个刺刀攻击距离参数，两者做加和
      "distance": 1,
      // 刺刀范围角度
      "range_angle": 40,
      // 伤害值
      "damage": 10,
      // 击退效果
      "knockback": 0.4,
      // 前摇时长，单位：秒
      "prep": 0.1
    }
  },
  "allow_attachment_types": [
    "extended_mag"
  ],
  "exclusive_attachments": {
  }
}