{
  "ammo": "halor6:kinetic_ammo",
  "ammo_amount": 20,
  "extended_mag_ammo_amount": [
    28,
    36,
    40
  ],
  "bolt": "open_bolt",
  "rpm": 400,
  "bullet": {
    "life": 0.8,
    "bullet_amount": 1,
    "damage": 12,
    "tracer_count_interval": 0,
    "extra_damage": {
      "armor_ignore": 0.45,
      "head_shot_multiplier": 1.7,
      "damage_adjust": [
        {"distance": 60, "damage": 12},
        {"distance": 100, "damage": 11},
        {"distance": "infinite", "damage": 10}
      ]
    },
    "speed": 650,
    "gravity": 0.1,
    "knockback": 0,
    "friction": 0.015,
    "ignite": false,
    "pierce": 2
  },
  "reload": {
    "type": "fuel",
    "feed": {
      "empty": 1.87,
      "tactical": 1.3
    },
    "cooldown": {
      "empty": 2.17,
      "tactical": 1.67
    }
  },
  "draw_time": 0.4,
  "put_away_time": 0.38,
  "aim_time": 0.12,
  "sprint_time": 0.18,
  "weight": 4.5,
  "movement_speed": {
    "base": 0.0,
    "aim": -0.2,
    "reload": -0.1
  },
  "crawl_recoil_multiplier": 0.5,
  "fire_mode": [
    "auto",
    "semi"
  ],
  // 开火模式调整（如无调整可不写）
  /*
  "fire_mode_adjust": {
    // 全自动状态的数值调整，如无调整可不写
    "auto": {
      // 加算，全自动模式的开火数值调整，如无调整可不写
      "damage": 0,
      "rpm": 0,
      "speed": 0,
      "knockback": 0,
      "armor_ignore": 0,
      "head_shot_multiplier": 0,
      "aim_inaccuracy": 0,
      "other_inaccuracy": 0
    },
    // 半自动状态的数值调整，如无调整可不写
    "semi": {
      // 加算，半自动模式的开火数值调整，如无调整可不写
      "damage": 9,
      "rpm": -400,
      "speed": 20,
      "knockback": 0.1,
      "armor_ignore": 0.1,
      "head_shot_multiplier": 0.1,
      "aim_inaccuracy": -0.1,
      "other_inaccuracy": -0.5
    }
    // 多连发状态的数值调整，如无调整可不写
    // "burst": {
    // 加算，多连发模式的开火数值调整，如无调整可不写
    // "damage": 0,
    // "rpm": 0,
    // "speed": 0,
    // "knockback": 0,
    // "armor_ignore": 0,
    // "head_shot_multiplier": 0,
    // "aim_inaccuracy": 0,
    // "other_inaccuracy": 0
    // }
  },
  "burst_data": {
    "continuous_shoot": false,
    "count": 3,
    "bpm": 900,
    "min_interval": 0.3
  },
  */
  "recoil": {
    "pitch": [
      {"time": 0, "value": [0.35, 0.35]},
      {"time": 0.25, "value": [-0.125, -0.125]},
      {"time": 0.33, "value": [0, 0]}
    ],
    "yaw": [
      {"time": 0, "value": [-0.1, 0.1]},
      {"time": 0.33, "value": [0, 0]}
    ]
  },
  "inaccuracy": {
    "stand": 1.5,
    "move": 1.8,
    "sneak": 1,
    "lie": 0.5,
    "aim": 0.1
  },
  // 近战相关
  "melee": {
    // 枪械距离参数，用来延升近战攻击范围
    // 会与刺刀等配件的距离做加和
    "distance": 1,
    // 使用时的冷却时间
    "cooldown": 0.83,
    // 默认近战数据，会被配件的数据替换掉
    "default": {
      // 动画类型：没有枪托的为 melee_push，有枪托的为 melee_stock
      "animation_type": "melee_stock",
      // 刺刀距离参数，枪械里还有个刺刀攻击距离参数，两者做加和
      "distance": 1,
      // 刺刀范围角度
      "range_angle": 40,
      // 伤害值
      "damage": 10,
      // 击退效果
      "knockback": 0.4,
      // 前摇时长，单位：秒
      "prep": 0.1
    }
  },
  "allow_attachment_types": [
    "muzzle",
    "scope",
    "laser",
    "grip",
    "extended_mag"
  ],
  "builtin_attachments": {
    "muzzle": "halor6:muzzle_vk78_default",
    "scope": "halor6:scope_vk78_default",
    "grip": "halor6:grip_vk78_default"
  },
  "exclusive_attachments": {
  }
}