{
  "type": "minecraft:crafting_shaped",
  "result": {
    "item": "tacz:workbench_b",
    "nbt": {
      "BlockId": "halor6:halo_weapon_trunk"
    }
  },
  "pattern": [
    "ILI",
    "IHI",
    "BRB"
  ],
  "key": {
    "H": {
      "item": "minecraft:sticky_piston"
    },
    "R": {
      "item": "minecraft:redstone_block"
    },
    "I": {
      "tag": "forge:ingots/iron"
    },
    "B": {
      "item": "minecraft:iron_block"
    },
    "L": {
      "item": "minecraft:redstone_lamp"
    }
  }
}