{
  "type": "minecraft:crafting_shaped",
  "result": {
    "item": "tacz:workbench_a",
    "nbt": {
      "BlockId": "halor6:halo_ammo_crate"
    }
  },
  "pattern": [
    " L ",
    "IHI",
    "BRB"
  ],
  "key": {
    "H": {
      "item": "minecraft:gunpowder"
    },
    "R": {
      "item": "minecraft:redstone_block"
    },
    "I": {
      "item": "minecraft:redstone"
    },
    "B": {
      "item": "minecraft:iron_ingot"
    },
    "L": {
      "item": "minecraft:emerald"
    }
  }
}