{
  "materials": [
    {
      "item": {
        "tag": "forge:ingots/iron"
      },
      "count": 30
    },
    {
      "item": {
        "tag": "forge:gunpowder"
      },
      "count": 10
    },
    {
      "item": {
        "tag": "forge:gems/lapis"
      },
      "count": 6
    },
    {
      "item": {
        "tag": "forge:rods/blaze"
      },
      "count": 2
    }
  ],
  "result": {
    "type": "ammo",
    "id": "halor6:power_ammo",
    "count": 20
  },
  "type": "tacz:gun_smith_table_crafting"
}