{
	"format_version": "1.12.0",
	"minecraft:geometry": [
		{
			"description": {
				"identifier": "geometry.unknown",
				"texture_width": 32,
				"texture_height": 32,
				"visible_bounds_width": 2,
				"visible_bounds_height": 1.5,
				"visible_bounds_offset": [0, 0.25, 0]
			},
			"bones": [
				{
					"name": "hand_grip",
					"pivot": [0, -6.01562, 16.8125],
					"cubes": [
						{
							"origin": [-0.82813, -0.13281, -8.41406],
							"size": [1.65625, 1.1875, 13.25781],
							"uv": {
								"north": {"uv": [8, 8], "uv_size": [1.75, 1.25]},
								"east": {"uv": [2, 0], "uv_size": [13.25, 1.25]},
								"south": {"uv": [4, 9], "uv_size": [1.75, 1.25]},
								"west": {"uv": [2, 2], "uv_size": [13.25, 1.25]},
								"up": {"uv": [0, 0], "uv_size": [1.75, 13.25]}
							}
						},
						{
							"origin": [-0.82813, -0.63281, -5.75],
							"size": [1.65625, 0.52344, 7.92969],
							"uv": {
								"north": {"uv": [7, 13], "uv_size": [1.75, 0.5]},
								"east": {"uv": [8, 6], "uv_size": [8, 0.5]},
								"south": {"uv": [13, 8], "uv_size": [1.75, 0.5]},
								"west": {"uv": [8, 7], "uv_size": [8, 0.5]},
								"down": {"uv": [2, 12], "uv_size": [1.75, -8]}
							}
						},
						{
							"origin": [-0.82813, -0.38661, -8.38905],
							"size": [1.65625, 0.52343, 2.71094],
							"pivot": [0, -0.12491, -7.03358],
							"rotation": [-10.6, 0, 0],
							"uv": {
								"east": {"uv": [11, 5], "uv_size": [2.75, 0.5]},
								"west": {"uv": [8, 11], "uv_size": [2.75, 0.5]}
							}
						},
						{
							"origin": [-0.82813, -0.38661, 2.1078],
							"size": [1.65625, 0.52343, 2.71094],
							"pivot": [0, -0.12491, 3.46327],
							"rotation": [10.6, 0, 0],
							"uv": {
								"east": {"uv": [11, 11], "uv_size": [2.75, 0.5]},
								"west": {"uv": [2, 12], "uv_size": [2.75, 0.5]},
								"down": {"uv": [6, 8.75], "uv_size": [1.75, -2.75]}
							}
						},
						{
							"origin": [-0.22656, -1.22656, -5.75],
							"size": [0.45312, 0.52344, 1.99219],
							"uv": {
								"south": {"uv": [15, 4], "uv_size": [0.5, 0.5]},
								"down": {"uv": [6, 15], "uv_size": [0.5, -2]}
							}
						},
						{
							"origin": [0.1108, -1.14302, -5.75],
							"size": [0.36718, 0.84375, 1.99219],
							"pivot": [0.25142, -0.88129, -4.75391],
							"rotation": [0, 0, 45],
							"uv": {
								"south": {"uv": [15, 11], "uv_size": [0.25, 0.75]},
								"west": {"uv": [6, 9], "uv_size": [2, 0.75]}
							}
						},
						{
							"origin": [0.1108, -1.14302, -5.75],
							"size": [0.25781, 0.84375, 6.61719],
							"pivot": [0.25142, -0.88129, -4.75391],
							"rotation": [0, 0, 45],
							"uv": {
								"west": {"uv": [4, 4], "uv_size": [6.5, 0.75]}
							}
						},
						{
							"origin": [-0.22656, -1.22656, -3.34375],
							"size": [0.45312, 0.52344, 0.94531],
							"uv": {
								"north": {"uv": [7, 15], "uv_size": [0.5, 0.5]},
								"south": {"uv": [8, 15], "uv_size": [0.5, 0.5]},
								"down": {"uv": [4, 15], "uv_size": [0.5, -1]}
							}
						},
						{
							"origin": [-0.14844, -1.14844, -3.96875],
							"size": [0.29688, 0.57813, 4.82031],
							"uv": {
								"down": {"uv": [3, 17.75], "uv_size": [0.25, -4.75]}
							}
						},
						{
							"origin": [0.1108, -1.14302, -3.34375],
							"size": [0.36718, 0.84375, 0.94531],
							"pivot": [0.25142, -0.88129, -2.34766],
							"rotation": [0, 0, 45],
							"uv": {
								"north": {"uv": [13, 15], "uv_size": [0.25, 0.75]},
								"south": {"uv": [15, 13], "uv_size": [0.25, 0.75]},
								"west": {"uv": [13, 9], "uv_size": [1, 0.75]}
							}
						},
						{
							"origin": [0.1108, -1.14302, -1.99219],
							"size": [0.36718, 0.84375, 0.94532],
							"pivot": [0.25142, -0.88129, -0.99609],
							"rotation": [0, 0, 45],
							"uv": {
								"north": {"uv": [14, 15], "uv_size": [0.25, 0.75]},
								"south": {"uv": [15, 14], "uv_size": [0.25, 0.75]},
								"west": {"uv": [10, 13], "uv_size": [1, 0.75]}
							}
						},
						{
							"origin": [-0.22656, -1.22656, -1.99219],
							"size": [0.45312, 0.52344, 0.94532],
							"uv": {
								"north": {"uv": [15, 8], "uv_size": [0.5, 0.5]},
								"south": {"uv": [9, 15], "uv_size": [0.5, 0.5]},
								"down": {"uv": [5, 15], "uv_size": [0.5, -1]}
							}
						},
						{
							"origin": [0.1108, -1.14302, -0.67187],
							"size": [0.36718, 0.84375, 0.94531],
							"pivot": [0.25142, -0.88129, 0.32422],
							"rotation": [0, 0, 45],
							"uv": {
								"north": {"uv": [15, 15], "uv_size": [0.25, 0.75]},
								"south": {"uv": [0, 16], "uv_size": [0.25, 0.75]},
								"west": {"uv": [12, 13], "uv_size": [1, 0.75]}
							}
						},
						{
							"origin": [-0.22656, -1.22656, -0.67187],
							"size": [0.45312, 0.52344, 0.94531],
							"uv": {
								"north": {"uv": [15, 9], "uv_size": [0.5, 0.5]},
								"south": {"uv": [10, 15], "uv_size": [0.5, 0.5]},
								"down": {"uv": [14, 6], "uv_size": [0.5, -1]}
							}
						},
						{
							"origin": [0.1108, -1.14302, 0.6875],
							"size": [0.36718, 0.84375, 1.49219],
							"pivot": [0.25142, -0.88129, 1.68359],
							"rotation": [0, 0, 45],
							"uv": {
								"north": {"uv": [12, 15], "uv_size": [0.25, 0.75]},
								"south": {"uv": [15, 12], "uv_size": [0.25, 0.75]},
								"west": {"uv": [4, 13], "uv_size": [1.5, 0.75]}
							}
						},
						{
							"origin": [-0.36861, -1.14302, -5.75],
							"size": [0.25781, 0.84375, 6.61719],
							"pivot": [-0.25142, -0.88129, -4.75391],
							"rotation": [0, 0, -45],
							"uv": {
								"east": {"uv": [4, 5], "uv_size": [6.5, 0.75]}
							}
						},
						{
							"origin": [-0.47798, -1.14302, -5.75],
							"size": [0.36718, 0.84375, 1.99219],
							"pivot": [-0.25142, -0.88129, -4.75391],
							"rotation": [0, 0, -45],
							"uv": {
								"east": {"uv": [11, 4], "uv_size": [2, 0.75]},
								"south": {"uv": [16, 5], "uv_size": [0.25, 0.75]}
							}
						},
						{
							"origin": [-0.47798, -1.14302, -1.99219],
							"size": [0.36718, 0.84375, 0.94532],
							"pivot": [-0.25142, -0.88129, -0.99609],
							"rotation": [0, 0, -45],
							"uv": {
								"north": {"uv": [16, 4], "uv_size": [0.25, 0.75]},
								"east": {"uv": [1, 14], "uv_size": [1, 0.75]},
								"south": {"uv": [5, 16], "uv_size": [0.25, 0.75]}
							}
						},
						{
							"origin": [-0.47798, -1.14302, -0.67187],
							"size": [0.36718, 0.84375, 0.94531],
							"pivot": [-0.25142, -0.88129, 0.32422],
							"rotation": [0, 0, -45],
							"uv": {
								"north": {"uv": [16, 3], "uv_size": [0.25, 0.75]},
								"east": {"uv": [0, 14], "uv_size": [1, 0.75]},
								"south": {"uv": [4, 16], "uv_size": [0.25, 0.75]}
							}
						},
						{
							"origin": [-0.47798, -1.14302, -3.34375],
							"size": [0.36718, 0.84375, 0.94531],
							"pivot": [-0.25142, -0.88129, -2.34766],
							"rotation": [0, 0, -45],
							"uv": {
								"north": {"uv": [2, 16], "uv_size": [0.25, 0.75]},
								"east": {"uv": [13, 13], "uv_size": [1, 0.75]},
								"south": {"uv": [16, 2], "uv_size": [0.25, 0.75]}
							}
						},
						{
							"origin": [-0.47798, -1.14302, 0.6875],
							"size": [0.36718, 0.84375, 1.49219],
							"pivot": [-0.25142, -0.88129, 1.68359],
							"rotation": [0, 0, -45],
							"uv": {
								"north": {"uv": [1, 16], "uv_size": [0.25, 0.75]},
								"east": {"uv": [13, 4], "uv_size": [1.5, 0.75]},
								"south": {"uv": [16, 1], "uv_size": [0.25, 0.75]}
							}
						},
						{
							"origin": [-0.22656, -1.22656, 0.6875],
							"size": [0.45312, 0.52344, 1.49219],
							"uv": {
								"north": {"uv": [15, 5], "uv_size": [0.5, 0.5]},
								"down": {"uv": [9, 14.5], "uv_size": [0.5, -1.5]}
							}
						},
						{
							"origin": [-0.22656, -0.97881, 2.10815],
							"size": [0.45312, 0.52343, 2.71093],
							"pivot": [0, -0.71709, 3.47924],
							"rotation": [10.6, 0, 0],
							"uv": {
								"east": {"uv": [5, 12], "uv_size": [2.75, 0.5]},
								"west": {"uv": [8, 12], "uv_size": [2.75, 0.5]},
								"down": {"uv": [11, 14.75], "uv_size": [0.5, -2.75]}
							}
						},
						{
							"origin": [0.17554, -0.96418, 2.15233],
							"size": [0.45312, 0.83592, 2.625],
							"pivot": [0.4021, -0.49543, 3.42186],
							"rotation": [7.47291, -7.53914, 45.00694],
							"uv": {
								"north": {"uv": [7, 14], "uv_size": [0.5, 0.75]},
								"south": {"uv": [8, 14], "uv_size": [0.5, 0.75]},
								"west": {"uv": [6, 10], "uv_size": [2.75, 0.75]}
							}
						},
						{
							"origin": [-0.62866, -0.96418, 2.15233],
							"size": [0.45312, 0.83592, 2.625],
							"pivot": [-0.4021, -0.49543, 3.42186],
							"rotation": [7.47291, 7.53914, -45.00694],
							"uv": {
								"north": {"uv": [10, 14], "uv_size": [0.5, 0.75]},
								"east": {"uv": [10, 8], "uv_size": [2.75, 0.75]},
								"south": {"uv": [14, 11], "uv_size": [0.5, 0.75]}
							}
						},
						{
							"origin": [-0.22656, -0.72656, 2.10156],
							"size": [0.45312, 0.60937, 2.74219],
							"uv": {
								"south": {"uv": [5, 15], "uv_size": [0.5, 0.5]}
							}
						},
						{
							"origin": [0.08917, -0.66894, 4.72656],
							"size": [0.45312, 0.84375, 0.11719],
							"pivot": [0.31573, -0.3213, 3.47266],
							"rotation": [0, 0, 45.5],
							"uv": {
								"south": {"uv": [14, 9], "uv_size": [0.5, 0.75]},
								"west": {"uv": [11, 15], "uv_size": [0.25, 0.75]},
								"up": {"uv": [8, 16], "uv_size": [0.5, 0.25]}
							}
						},
						{
							"origin": [-0.54229, -0.66894, 4.72656],
							"size": [0.45312, 0.84375, 0.11719],
							"pivot": [-0.31573, -0.3213, 3.47266],
							"rotation": [0, 0, -45.5],
							"uv": {
								"east": {"uv": [16, 6], "uv_size": [0.25, 0.75]},
								"south": {"uv": [12, 14], "uv_size": [0.5, 0.75]},
								"up": {"uv": [16, 8], "uv_size": [0.5, 0.25]}
							}
						},
						{
							"origin": [-0.22681, -0.97645, -8.3894],
							"size": [0.45313, 0.52344, 2.71094],
							"pivot": [-0.00024, -0.71474, -7.04955],
							"rotation": [-10.6, 0, 0],
							"uv": {
								"east": {"uv": [12, 10], "uv_size": [2.75, 0.5]},
								"west": {"uv": [12, 12], "uv_size": [2.75, 0.5]},
								"down": {"uv": [2, 15.75], "uv_size": [0.5, -2.75]}
							}
						},
						{
							"origin": [-0.22681, -0.72421, -8.41406],
							"size": [0.45313, 0.60939, 2.74219],
							"uv": {
								"north": {"uv": [15, 10], "uv_size": [0.5, 0.5]}
							}
						},
						{
							"origin": [0.17529, -0.96183, -8.34764],
							"size": [0.45313, 0.83594, 2.625],
							"pivot": [0.40186, -0.49308, -6.99217],
							"rotation": [-7.47291, 7.53914, 45.00694],
							"uv": {
								"north": {"uv": [1, 15], "uv_size": [0.5, 0.75]},
								"south": {"uv": [4, 15], "uv_size": [0.5, 0.75]},
								"west": {"uv": [10, 9], "uv_size": [2.75, 0.75]}
							}
						},
						{
							"origin": [0.08892, -0.66659, -8.41406],
							"size": [0.45313, 0.84375, 0.11719],
							"pivot": [0.31549, -0.31893, -7.04297],
							"rotation": [0, 0, 45.5],
							"uv": {
								"north": {"uv": [0, 15], "uv_size": [0.5, 0.75]},
								"west": {"uv": [16, 7], "uv_size": [0.25, 0.75]}
							}
						},
						{
							"origin": [-0.6289, -0.96183, -8.34764],
							"size": [0.45312, 0.83594, 2.625],
							"pivot": [-0.40234, -0.49308, -6.99217],
							"rotation": [-7.47291, -7.53914, -45.00694],
							"uv": {
								"north": {"uv": [14, 13], "uv_size": [0.5, 0.75]},
								"east": {"uv": [9, 10], "uv_size": [2.75, 0.75]},
								"south": {"uv": [14, 14], "uv_size": [0.5, 0.75]}
							}
						},
						{
							"origin": [-0.54253, -0.66659, -8.41406],
							"size": [0.45312, 0.84375, 0.11719],
							"pivot": [-0.31597, -0.31893, -7.04297],
							"rotation": [0, 0, -45.5],
							"uv": {
								"north": {"uv": [13, 14], "uv_size": [0.5, 0.75]},
								"east": {"uv": [7, 16], "uv_size": [0.25, 0.75]},
								"up": {"uv": [9, 16], "uv_size": [0.5, 0.25]}
							}
						}
					]
				},
				{
					"name": "bone12",
					"parent": "hand_grip",
					"pivot": [-0.00781, 0.10093, 4.56461],
					"cubes": [
						{
							"origin": [0.71094, -0.62561, -1.40203],
							"size": [0.11719, 0.51562, 3.49312],
							"inflate": 0.001,
							"uv": {
								"west": {"uv": [4, 11], "uv_size": [3.5, 0.5]}
							}
						},
						{
							"origin": [-0.82813, -0.62561, -1.40203],
							"size": [0.11719, 0.51562, 3.49312],
							"inflate": 0.001,
							"uv": {
								"east": {"uv": [7.5, 11], "uv_size": [-3.5, 0.5]}
							}
						},
						{
							"origin": [0.54538, -1.36125, -1.40203],
							"size": [0.11719, 0.85158, 0.34469],
							"inflate": 0.001,
							"pivot": [0.60398, -0.76748, 0.34453],
							"rotation": [0, 0, 45],
							"uv": {
								"west": {"uv": [4, 11], "uv_size": [3.5, 0.5]}
							}
						},
						{
							"origin": [-0.66257, -1.36125, -1.40203],
							"size": [0.11719, 0.85158, 0.34469],
							"inflate": 0.001,
							"pivot": [-0.60398, -0.76748, 0.34453],
							"rotation": [0, 0, -45],
							"uv": {
								"east": {"uv": [7.5, 11], "uv_size": [-3.5, 0.5]}
							}
						},
						{
							"origin": [-0.08632, -1.36819, -1.40203],
							"size": [0.11719, 0.45312, 0.34469],
							"inflate": 0.001,
							"pivot": [-0.02772, -1.17288, 0.34453],
							"rotation": [0, 0, 90],
							"uv": {
								"west": {"uv": [4, 11], "uv_size": [3.5, 0.5]}
							}
						},
						{
							"origin": [-0.08785, -1.3659, 1.74641],
							"size": [0.11719, 0.45313, 0.34468],
							"inflate": 0.001,
							"pivot": [-0.02925, -1.17058, 3.49297],
							"rotation": [0, 0, 90],
							"uv": {
								"west": {"uv": [4, 11], "uv_size": [3.5, 0.5]}
							}
						},
						{
							"origin": [0.54538, -1.36125, 0.74641],
							"size": [0.11719, 0.85158, 1.34468],
							"inflate": 0.001,
							"pivot": [0.60398, -0.76748, 0.34453],
							"rotation": [0, 0, 45],
							"uv": {
								"west": {"uv": [4, 11], "uv_size": [3.5, 0.5]}
							}
						},
						{
							"origin": [-0.66257, -1.36125, 0.74641],
							"size": [0.11719, 0.85158, 1.34468],
							"inflate": 0.001,
							"pivot": [-0.60398, -0.76748, 0.34453],
							"rotation": [0, 0, -45],
							"uv": {
								"east": {"uv": [7.5, 11], "uv_size": [-3.5, 0.5]}
							}
						}
					]
				}
			]
		}
	]
}