{
	"format_version": "1.12.0",
	"minecraft:geometry": [
		{
			"description": {
				"identifier": "geometry.unknown",
				"texture_width": 16,
				"texture_height": 16,
				"visible_bounds_width": 4,
				"visible_bounds_height": 5,
				"visible_bounds_offset": [0, 0.5, 0]
			},
			"bones": [
				{
					"name": "muzzle",
					"pivot": [0, 0, 0]
				},
				{
					"name": "hexadecagon15",
					"parent": "muzzle",
					"pivot": [0, -4.99999, -0.27343],
					"cubes": [
						{
							"origin": [-0.09946, -0.5, -0.62109],
							"size": [0.19892, 0.20001, 0.84766],
							"pivot": [0, 0, -0.27343],
							"rotation": [0, 0, -45],
							"uv": {
								"north": {"uv": [11, 8], "uv_size": [0.5, 0.5]},
								"south": {"uv": [9, 11], "uv_size": [0.5, 0.5]},
								"up": {"uv": [3, 7], "uv_size": [0.5, 1]},
								"down": {"uv": [4, 11], "uv_size": [0.5, -1]}
							}
						},
						{
							"origin": [-0.09946, -0.5, -0.62109],
							"size": [0.19892, 0.20001, 0.84766],
							"pivot": [0, 0, -0.27343],
							"rotation": [0, 0, -22.5],
							"uv": {
								"north": {"uv": [11, 9], "uv_size": [0.5, 0.5]},
								"south": {"uv": [10, 11], "uv_size": [0.5, 0.5]},
								"up": {"uv": [10, 5], "uv_size": [0.5, 1]},
								"down": {"uv": [6, 11], "uv_size": [0.5, -1]}
							}
						},
						{
							"origin": [-0.09946, -0.5, -0.62109],
							"size": [0.19892, 0.20001, 0.84766],
							"uv": {
								"north": {"uv": [11, 10], "uv_size": [0.5, 0.5]},
								"south": {"uv": [11, 11], "uv_size": [0.5, 0.5]},
								"up": {"uv": [10, 6], "uv_size": [0.5, 1]},
								"down": {"uv": [7, 11], "uv_size": [0.5, -1]}
							}
						},
						{
							"origin": [-0.09946, -0.5, -0.62109],
							"size": [0.19892, 0.20001, 0.84766],
							"pivot": [0, 0, -0.27343],
							"rotation": [0, 0, 22.5],
							"uv": {
								"north": {"uv": [0, 12], "uv_size": [0.5, 0.5]},
								"south": {"uv": [12, 0], "uv_size": [0.5, 0.5]},
								"up": {"uv": [10, 7], "uv_size": [0.5, 1]},
								"down": {"uv": [10, 9], "uv_size": [0.5, -1]}
							}
						},
						{
							"origin": [-0.09946, -0.5, -0.62109],
							"size": [0.19892, 0.20001, 0.84766],
							"pivot": [0, 0, -0.27343],
							"rotation": [0, 0, 45],
							"uv": {
								"north": {"uv": [1, 12], "uv_size": [0.5, 0.5]},
								"south": {"uv": [12, 1], "uv_size": [0.5, 0.5]},
								"up": {"uv": [9, 10], "uv_size": [0.5, 1]},
								"down": {"uv": [10, 10], "uv_size": [0.5, -1]}
							}
						},
						{
							"origin": [-0.09946, 0.30001, -0.62109],
							"size": [0.19892, 0.19999, 0.84766],
							"pivot": [0, 0, -0.27343],
							"rotation": [0, 0, -45],
							"uv": {
								"north": {"uv": [2, 12], "uv_size": [0.5, 0.5]},
								"south": {"uv": [12, 2], "uv_size": [0.5, 0.5]},
								"up": {"uv": [10, 10], "uv_size": [0.5, 1]},
								"down": {"uv": [0, 12], "uv_size": [0.5, -1]}
							}
						},
						{
							"origin": [-0.09946, 0.30001, -0.62109],
							"size": [0.19892, 0.19999, 0.84766],
							"pivot": [0, 0, -0.27343],
							"rotation": [0, 0, 45],
							"uv": {
								"north": {"uv": [3, 12], "uv_size": [0.5, 0.5]},
								"south": {"uv": [12, 3], "uv_size": [0.5, 0.5]},
								"up": {"uv": [11, 0], "uv_size": [0.5, 1]},
								"down": {"uv": [1, 12], "uv_size": [0.5, -1]}
							}
						},
						{
							"origin": [0.3, -0.09946, -0.62109],
							"size": [0.2, 0.19892, 0.84766],
							"pivot": [0, 0, -0.27343],
							"rotation": [0, 0, -22.5],
							"uv": {
								"north": {"uv": [4, 12], "uv_size": [0.5, 0.5]},
								"east": {"uv": [11, 1], "uv_size": [1, 0.5]},
								"south": {"uv": [12, 4], "uv_size": [0.5, 0.5]},
								"west": {"uv": [2, 11], "uv_size": [1, 0.5]}
							}
						},
						{
							"origin": [0.3, -0.09946, -0.62109],
							"size": [0.2, 0.19892, 0.84766],
							"uv": {
								"north": {"uv": [5, 12], "uv_size": [0.5, 0.5]},
								"east": {"uv": [11, 3], "uv_size": [1, 0.5]},
								"south": {"uv": [12, 5], "uv_size": [0.5, 0.5]},
								"west": {"uv": [4, 11], "uv_size": [1, 0.5]}
							}
						},
						{
							"origin": [0.3, -0.09946, -0.62109],
							"size": [0.2, 0.19892, 0.84766],
							"pivot": [0, 0, -0.27343],
							"rotation": [0, 0, 22.5],
							"uv": {
								"north": {"uv": [6, 12], "uv_size": [0.5, 0.5]},
								"east": {"uv": [11, 4], "uv_size": [1, 0.5]},
								"south": {"uv": [12, 6], "uv_size": [0.5, 0.5]},
								"west": {"uv": [5, 11], "uv_size": [1, 0.5]}
							}
						},
						{
							"origin": [-0.5, -0.09946, -0.62109],
							"size": [0.2, 0.19892, 0.84766],
							"pivot": [0, 0, -0.27343],
							"rotation": [0, 0, -22.5],
							"uv": {
								"north": {"uv": [7, 12], "uv_size": [0.5, 0.5]},
								"east": {"uv": [11, 5], "uv_size": [1, 0.5]},
								"south": {"uv": [12, 7], "uv_size": [0.5, 0.5]},
								"west": {"uv": [6, 11], "uv_size": [1, 0.5]}
							}
						},
						{
							"origin": [-0.5, -0.09946, -0.62109],
							"size": [0.2, 0.19892, 0.84766],
							"uv": {
								"north": {"uv": [8, 12], "uv_size": [0.5, 0.5]},
								"east": {"uv": [11, 6], "uv_size": [1, 0.5]},
								"south": {"uv": [12, 8], "uv_size": [0.5, 0.5]},
								"west": {"uv": [7, 11], "uv_size": [1, 0.5]}
							}
						},
						{
							"origin": [-0.5, -0.09946, -0.62109],
							"size": [0.2, 0.19892, 0.84766],
							"pivot": [0, 0, -0.27343],
							"rotation": [0, 0, 22.5],
							"uv": {
								"north": {"uv": [9, 12], "uv_size": [0.5, 0.5]},
								"east": {"uv": [11, 7], "uv_size": [1, 0.5]},
								"south": {"uv": [12, 9], "uv_size": [0.5, 0.5]},
								"west": {"uv": [8, 11], "uv_size": [1, 0.5]}
							}
						}
					]
				},
				{
					"name": "hexadecagon5",
					"parent": "muzzle",
					"pivot": [0, -4.99999, -2.73437],
					"cubes": [
						{
							"origin": [-0.09946, -0.5, -3.61718],
							"size": [0.19892, 0.20001, 1.38281],
							"pivot": [0, 0, -2.73437],
							"rotation": [0, 0, -45],
							"uv": {
								"north": {"uv": [10, 12], "uv_size": [0.5, 0.5]},
								"south": {"uv": [12, 10], "uv_size": [0.5, 0.5]},
								"up": {"uv": [0, 5], "uv_size": [0.5, 1.5]},
								"down": {"uv": [5, 1.5], "uv_size": [0.5, -1.5]}
							}
						},
						{
							"origin": [-0.09946, -0.5, -3.61718],
							"size": [0.19892, 0.20001, 1.38281],
							"pivot": [0, 0, -2.73437],
							"rotation": [0, 0, -22.5],
							"uv": {
								"north": {"uv": [11, 12], "uv_size": [0.5, 0.5]},
								"south": {"uv": [12, 11], "uv_size": [0.5, 0.5]},
								"up": {"uv": [1, 5], "uv_size": [0.5, 1.5]},
								"down": {"uv": [2, 6.5], "uv_size": [0.5, -1.5]}
							}
						},
						{
							"origin": [-0.09946, -0.5, -3.61718],
							"size": [0.19892, 0.20001, 1.38281],
							"uv": {
								"north": {"uv": [12, 12], "uv_size": [0.5, 0.5]},
								"south": {"uv": [0, 13], "uv_size": [0.5, 0.5]},
								"up": {"uv": [5, 2], "uv_size": [0.5, 1.5]},
								"down": {"uv": [3, 6.5], "uv_size": [0.5, -1.5]}
							}
						},
						{
							"origin": [-0.09946, -0.5, -3.61718],
							"size": [0.19892, 0.20001, 1.38281],
							"pivot": [0, 0, -2.73437],
							"rotation": [0, 0, 22.5],
							"uv": {
								"north": {"uv": [13, 0], "uv_size": [0.5, 0.5]},
								"south": {"uv": [1, 13], "uv_size": [0.5, 0.5]},
								"up": {"uv": [5, 4], "uv_size": [0.5, 1.5]},
								"down": {"uv": [6, 1.5], "uv_size": [0.5, -1.5]}
							}
						},
						{
							"origin": [-0.09946, -0.5, -3.61718],
							"size": [0.19892, 0.20001, 1.38281],
							"pivot": [0, 0, -2.73437],
							"rotation": [0, 0, 45],
							"uv": {
								"north": {"uv": [13, 1], "uv_size": [0.5, 0.5]},
								"south": {"uv": [2, 13], "uv_size": [0.5, 0.5]},
								"up": {"uv": [6, 2], "uv_size": [0.5, 1.5]},
								"down": {"uv": [6, 5.5], "uv_size": [0.5, -1.5]}
							}
						},
						{
							"origin": [-0.09946, 0.30001, -3.61718],
							"size": [0.19892, 0.19999, 1.38281],
							"pivot": [0, 0, -2.73437],
							"rotation": [0, 0, -45],
							"uv": {
								"north": {"uv": [13, 2], "uv_size": [0.5, 0.5]},
								"south": {"uv": [3, 13], "uv_size": [0.5, 0.5]},
								"up": {"uv": [5, 6], "uv_size": [0.5, 1.5]},
								"down": {"uv": [6, 7.5], "uv_size": [0.5, -1.5]}
							}
						},
						{
							"origin": [-0.09946, 0.30001, -3.61718],
							"size": [0.19892, 0.19999, 3.84375],
							"pivot": [0, 0, -2.73437],
							"rotation": [0, 0, -22.5],
							"uv": {
								"north": {"uv": [13, 3], "uv_size": [0.5, 0.5]},
								"east": {"uv": [0, 0], "uv_size": [4, 0.5]},
								"south": {"uv": [0, 0], "uv_size": [4, 0.5]},
								"up": {"uv": [0, 1], "uv_size": [0.5, 4]},
								"down": {"uv": [1, 5], "uv_size": [0.5, -4]}
							}
						},
						{
							"origin": [-0.09946, 0.30001, -3.61718],
							"size": [0.19892, 0.19999, 3.84375],
							"uv": {
								"north": {"uv": [4, 13], "uv_size": [0.5, 0.5]},
								"south": {"uv": [0, 0], "uv_size": [4, 0.5]},
								"up": {"uv": [2, 1], "uv_size": [0.5, 4]},
								"down": {"uv": [3, 5], "uv_size": [0.5, -4]}
							}
						},
						{
							"origin": [-0.09946, 0.30001, -3.61718],
							"size": [0.19892, 0.19999, 3.84375],
							"pivot": [0, 0, -2.73437],
							"rotation": [0, 0, 22.5],
							"uv": {
								"north": {"uv": [13, 4], "uv_size": [0.5, 0.5]},
								"south": {"uv": [0, 0], "uv_size": [4, 0.5]},
								"west": {"uv": [0, 0], "uv_size": [4, 0.5]},
								"up": {"uv": [4, 0], "uv_size": [0.5, 4]},
								"down": {"uv": [4, 8], "uv_size": [0.5, -4]}
							}
						},
						{
							"origin": [-0.09946, 0.30001, -3.61718],
							"size": [0.19892, 0.19999, 1.38281],
							"pivot": [0, 0, -2.73437],
							"rotation": [0, 0, 45],
							"uv": {
								"north": {"uv": [5, 13], "uv_size": [0.5, 0.5]},
								"south": {"uv": [13, 5], "uv_size": [0.5, 0.5]},
								"up": {"uv": [0, 7], "uv_size": [0.5, 1.5]},
								"down": {"uv": [7, 1.5], "uv_size": [0.5, -1.5]}
							}
						},
						{
							"origin": [0.3, -0.09946, -3.61718],
							"size": [0.2, 0.19892, 1.38281],
							"pivot": [0, 0, -2.73437],
							"rotation": [0, 0, -22.5],
							"uv": {
								"north": {"uv": [6, 13], "uv_size": [0.5, 0.5]},
								"east": {"uv": [1, 7], "uv_size": [1.5, 0.5]},
								"south": {"uv": [13, 6], "uv_size": [0.5, 0.5]},
								"west": {"uv": [7, 2], "uv_size": [1.5, 0.5]}
							}
						},
						{
							"origin": [0.3, -0.09946, -3.61718],
							"size": [0.2, 0.19892, 1.38281],
							"uv": {
								"north": {"uv": [7, 13], "uv_size": [0.5, 0.5]},
								"east": {"uv": [7, 3], "uv_size": [1.5, 0.5]},
								"south": {"uv": [13, 7], "uv_size": [0.5, 0.5]},
								"west": {"uv": [7, 4], "uv_size": [1.5, 0.5]}
							}
						},
						{
							"origin": [0.3, -0.09946, -3.61718],
							"size": [0.2, 0.19892, 1.38281],
							"pivot": [0, 0, -2.73437],
							"rotation": [0, 0, 22.5],
							"uv": {
								"north": {"uv": [8, 13], "uv_size": [0.5, 0.5]},
								"east": {"uv": [7, 5], "uv_size": [1.5, 0.5]},
								"south": {"uv": [13, 8], "uv_size": [0.5, 0.5]},
								"west": {"uv": [7, 6], "uv_size": [1.5, 0.5]}
							}
						},
						{
							"origin": [-0.5, -0.09946, -3.61718],
							"size": [0.2, 0.19892, 1.38281],
							"pivot": [0, 0, -2.73437],
							"rotation": [0, 0, -22.5],
							"uv": {
								"north": {"uv": [9, 13], "uv_size": [0.5, 0.5]},
								"east": {"uv": [7, 7], "uv_size": [1.5, 0.5]},
								"south": {"uv": [13, 9], "uv_size": [0.5, 0.5]},
								"west": {"uv": [8, 0], "uv_size": [1.5, 0.5]}
							}
						},
						{
							"origin": [-0.5, -0.09946, -3.61718],
							"size": [0.2, 0.19892, 1.38281],
							"uv": {
								"north": {"uv": [10, 13], "uv_size": [0.5, 0.5]},
								"east": {"uv": [1, 8], "uv_size": [1.5, 0.5]},
								"south": {"uv": [13, 10], "uv_size": [0.5, 0.5]},
								"west": {"uv": [8, 1], "uv_size": [1.5, 0.5]}
							}
						},
						{
							"origin": [-0.5, -0.09946, -3.61718],
							"size": [0.2, 0.19892, 1.38281],
							"pivot": [0, 0, -2.73437],
							"rotation": [0, 0, 22.5],
							"uv": {
								"north": {"uv": [11, 13], "uv_size": [0.5, 0.5]},
								"east": {"uv": [3, 8], "uv_size": [1.5, 0.5]},
								"south": {"uv": [13, 11], "uv_size": [0.5, 0.5]},
								"west": {"uv": [5, 8], "uv_size": [1.5, 0.5]}
							}
						}
					]
				},
				{
					"name": "hexadecagon6",
					"parent": "muzzle",
					"pivot": [0, -4.99999, -0.27343],
					"cubes": [
						{
							"origin": [-0.09946, 0.30001, -2.23437],
							"size": [0.19892, 0.19999, 1.61328],
							"pivot": [0, 0, -1.12109],
							"rotation": [0, 0, -142.5],
							"uv": {
								"north": {"uv": [14, 0], "uv_size": [0.5, 0.5]},
								"east": {"uv": [3, 9], "uv_size": [1.5, 0.5]},
								"south": {"uv": [1, 14], "uv_size": [0.5, 0.5]},
								"up": {"uv": [9, 4], "uv_size": [0.5, 1.5]},
								"down": {"uv": [5, 10.5], "uv_size": [0.5, -1.5]}
							}
						},
						{
							"origin": [-0.09946, 0.30001, -2.23437],
							"size": [0.19892, 0.19999, 1.61328],
							"pivot": [0, 0, -1.12109],
							"rotation": [0, 0, -120],
							"uv": {
								"north": {"uv": [13, 13], "uv_size": [0.5, 0.5]},
								"south": {"uv": [0, 14], "uv_size": [0.5, 0.5]},
								"up": {"uv": [2, 9], "uv_size": [0.5, 1.5]},
								"down": {"uv": [9, 3.5], "uv_size": [0.5, -1.5]}
							}
						},
						{
							"origin": [-0.09946, 0.30001, -2.23437],
							"size": [0.19892, 0.19999, 1.61328],
							"pivot": [0, 0, -1.12109],
							"rotation": [0, 0, -97.5],
							"uv": {
								"north": {"uv": [12, 13], "uv_size": [0.5, 0.5]},
								"south": {"uv": [13, 12], "uv_size": [0.5, 0.5]},
								"west": {"uv": [7, 8], "uv_size": [1.5, 0.5]},
								"up": {"uv": [0, 9], "uv_size": [0.5, 1.5]},
								"down": {"uv": [1, 10.5], "uv_size": [0.5, -1.5]}
							}
						},
						{
							"origin": [-0.09946, 0.30001, -2.23437],
							"size": [0.19892, 0.19999, 1.61328],
							"pivot": [0, 0, -1.12109],
							"rotation": [0, 0, 97.5],
							"uv": {
								"north": {"uv": [14, 3], "uv_size": [0.5, 0.5]},
								"east": {"uv": [10, 2], "uv_size": [1.5, 0.5]},
								"south": {"uv": [4, 14], "uv_size": [0.5, 0.5]},
								"up": {"uv": [3, 10], "uv_size": [0.5, 1.5]},
								"down": {"uv": [10, 4.5], "uv_size": [0.5, -1.5]}
							}
						},
						{
							"origin": [-0.09946, 0.30001, -2.23437],
							"size": [0.19892, 0.19999, 1.61328],
							"pivot": [0, 0, -1.12109],
							"rotation": [0, 0, 120],
							"uv": {
								"north": {"uv": [14, 2], "uv_size": [0.5, 0.5]},
								"south": {"uv": [3, 14], "uv_size": [0.5, 0.5]},
								"up": {"uv": [9, 8], "uv_size": [0.5, 1.5]},
								"down": {"uv": [10, 1.5], "uv_size": [0.5, -1.5]}
							}
						},
						{
							"origin": [-0.09946, 0.30001, -2.23437],
							"size": [0.19892, 0.19999, 1.61328],
							"pivot": [0, 0, -1.12109],
							"rotation": [0, 0, 142.5],
							"uv": {
								"north": {"uv": [14, 1], "uv_size": [0.5, 0.5]},
								"south": {"uv": [2, 14], "uv_size": [0.5, 0.5]},
								"west": {"uv": [6, 9], "uv_size": [1.5, 0.5]},
								"up": {"uv": [9, 6], "uv_size": [0.5, 1.5]},
								"down": {"uv": [8, 10.5], "uv_size": [0.5, -1.5]}
							}
						}
					]
				}
			]
		}
	]
}