{
	"format_version": "1.12.0",
	"minecraft:geometry": [
		{
			"description": {
				"identifier": "geometry.unknown",
				"texture_width": 16,
				"texture_height": 16,
				"visible_bounds_width": 3,
				"visible_bounds_height": 2.5,
				"visible_bounds_offset": [0, 0.75, 0]
			},
			"bones": [
				{
					"name": "muzzle_m395b_default",
					"pivot": [0, 0.0156, -0.00002]
				},
				{
					"name": "hexadecagon6",
					"parent": "muzzle_m395b_default",
					"pivot": [0, -5.48437, 28.50001],
					"cubes": [
						{
							"origin": [-0.12929, -0.63437, -3.44531],
							"size": [0.25859, 0.2, 3.44531],
							"pivot": [0, 0.01563, -0.49999],
							"rotation": [0, 0, -45],
							"uv": {
								"north": {"uv": [7, 10], "uv_size": [0.5, 0.5]},
								"south": {"uv": [10, 7], "uv_size": [0.5, 0.5]},
								"west": {"uv": [0, 0], "uv_size": [3.5, 0.5]},
								"up": {"uv": [0, 1], "uv_size": [0.5, 3.5]},
								"down": {"uv": [1, 4.5], "uv_size": [0.5, -3.5]}
							}
						},
						{
							"origin": [-0.12929, -0.63437, -3.44531],
							"size": [0.25859, 0.2, 3.44531],
							"pivot": [0, 0.01563, -0.49999],
							"rotation": [0, 0, -22.5],
							"uv": {
								"north": {"uv": [10, 8], "uv_size": [0.5, 0.5]},
								"south": {"uv": [9, 10], "uv_size": [0.5, 0.5]},
								"up": {"uv": [2, 1], "uv_size": [0.5, 3.5]},
								"down": {"uv": [3, 4.5], "uv_size": [0.5, -3.5]}
							}
						},
						{
							"origin": [-0.12929, -0.63437, -3.44531],
							"size": [0.25859, 0.2, 3.44531],
							"uv": {
								"north": {"uv": [10, 9], "uv_size": [0.5, 0.5]},
								"south": {"uv": [10, 10], "uv_size": [0.5, 0.5]},
								"up": {"uv": [4, 0], "uv_size": [0.5, 3.5]},
								"down": {"uv": [4, 7.5], "uv_size": [0.5, -3.5]}
							}
						},
						{
							"origin": [-0.12929, -0.63437, -3.44531],
							"size": [0.25859, 0.2, 3.44531],
							"pivot": [0, 0.01563, -0.49999],
							"rotation": [0, 0, 22.5],
							"uv": {
								"north": {"uv": [1, 11], "uv_size": [0.5, 0.5]},
								"south": {"uv": [2, 11], "uv_size": [0.5, 0.5]},
								"up": {"uv": [0, 5], "uv_size": [0.5, 3.5]},
								"down": {"uv": [5, 3.5], "uv_size": [0.5, -3.5]}
							}
						},
						{
							"origin": [-0.12929, -0.63437, -3.44531],
							"size": [0.25859, 0.2, 3.44531],
							"pivot": [0, 0.01563, -0.49999],
							"rotation": [0, 0, 45],
							"uv": {
								"north": {"uv": [3, 11], "uv_size": [0.5, 0.5]},
								"east": {"uv": [5, 4], "uv_size": [3.5, 0.5]},
								"south": {"uv": [7, 11], "uv_size": [0.5, 0.5]},
								"up": {"uv": [1, 5], "uv_size": [0.5, 3.5]},
								"down": {"uv": [2, 8.5], "uv_size": [0.5, -3.5]}
							}
						},
						{
							"origin": [-0.12929, 0.46563, -3.44531],
							"size": [0.25859, 0.2, 3.44531],
							"pivot": [0, 0.01563, -0.49999],
							"rotation": [0, 0, -45],
							"uv": {
								"north": {"uv": [11, 7], "uv_size": [0.5, 0.5]},
								"east": {"uv": [5, 5], "uv_size": [3.5, 0.5]},
								"south": {"uv": [8, 11], "uv_size": [0.5, 0.5]},
								"up": {"uv": [3, 5], "uv_size": [0.5, 3.5]},
								"down": {"uv": [6, 3.5], "uv_size": [0.5, -3.5]}
							}
						},
						{
							"origin": [-0.12929, 0.46563, -3.44531],
							"size": [0.25859, 0.2, 3.44531],
							"pivot": [0, 0.01563, -0.49999],
							"rotation": [0, 0, -22.5],
							"uv": {
								"north": {"uv": [11, 8], "uv_size": [0.5, 0.5]},
								"south": {"uv": [9, 11], "uv_size": [0.5, 0.5]},
								"up": {"uv": [5, 6], "uv_size": [0.5, 3.5]},
								"down": {"uv": [6, 9.5], "uv_size": [0.5, -3.5]}
							}
						},
						{
							"origin": [-0.12929, 0.46563, -3.44531],
							"size": [0.25859, 0.2, 3.44531],
							"uv": {
								"north": {"uv": [11, 9], "uv_size": [0.5, 0.5]},
								"south": {"uv": [10, 11], "uv_size": [0.5, 0.5]},
								"up": {"uv": [7, 0], "uv_size": [0.5, 3.5]},
								"down": {"uv": [7, 9.5], "uv_size": [0.5, -3.5]}
							}
						},
						{
							"origin": [-0.12929, 0.46563, -3.44531],
							"size": [0.25859, 0.2, 3.44531],
							"pivot": [0, 0.01563, -0.49999],
							"rotation": [0, 0, 22.5],
							"uv": {
								"north": {"uv": [11, 10], "uv_size": [0.5, 0.5]},
								"south": {"uv": [11, 11], "uv_size": [0.5, 0.5]},
								"up": {"uv": [8, 0], "uv_size": [0.5, 3.5]},
								"down": {"uv": [4, 11.5], "uv_size": [0.5, -3.5]}
							}
						},
						{
							"origin": [-0.12929, 0.46563, -3.44531],
							"size": [0.25859, 0.2, 3.44531],
							"pivot": [0, 0.01563, -0.49999],
							"rotation": [0, 0, 45],
							"uv": {
								"north": {"uv": [12, 0], "uv_size": [0.5, 0.5]},
								"south": {"uv": [1, 12], "uv_size": [0.5, 0.5]},
								"west": {"uv": [8, 6], "uv_size": [3.5, 0.5]},
								"up": {"uv": [8, 7], "uv_size": [0.5, 3.5]},
								"down": {"uv": [0, 12.5], "uv_size": [0.5, -3.5]}
							}
						},
						{
							"origin": [0.45, -0.11367, -2.38281],
							"size": [0.2, 0.25859, 2.38281],
							"pivot": [0, 0.01563, -0.49999],
							"rotation": [0, 0, -22.5],
							"uv": {
								"north": {"uv": [2, 12], "uv_size": [0.5, 0.5]},
								"east": {"uv": [9, 0], "uv_size": [2.5, 0.5]},
								"south": {"uv": [3, 12], "uv_size": [0.5, 0.5]},
								"west": {"uv": [1, 9], "uv_size": [2.5, 0.5]},
								"down": {"uv": [9, 3.5], "uv_size": [0.5, -2.5]}
							}
						},
						{
							"origin": [0.45, -0.11367, -0.64844],
							"size": [0.2, 0.25859, 0.64844],
							"uv": {
								"north": {"uv": [4, 12], "uv_size": [0.5, 0.5]},
								"east": {"uv": [12, 4], "uv_size": [0.5, 0.5]},
								"south": {"uv": [12, 5], "uv_size": [0.5, 0.5]},
								"west": {"uv": [12, 6], "uv_size": [0.5, 0.5]}
							}
						},
						{
							"origin": [0.45, -0.11367, -2.38281],
							"size": [0.2, 0.25859, 2.38281],
							"pivot": [0, 0.01563, -0.49999],
							"rotation": [0, 0, 22.5],
							"uv": {
								"north": {"uv": [7, 12], "uv_size": [0.5, 0.5]},
								"east": {"uv": [9, 4], "uv_size": [2.5, 0.5]},
								"south": {"uv": [12, 7], "uv_size": [0.5, 0.5]},
								"west": {"uv": [9, 5], "uv_size": [2.5, 0.5]},
								"up": {"uv": [9, 7], "uv_size": [0.5, 2.5]}
							}
						},
						{
							"origin": [-0.65, -0.11367, -2.38281],
							"size": [0.2, 0.25859, 2.38281],
							"pivot": [0, 0.01563, -0.49999],
							"rotation": [0, 0, -22.5],
							"uv": {
								"north": {"uv": [8, 12], "uv_size": [0.5, 0.5]},
								"east": {"uv": [1, 10], "uv_size": [2.5, 0.5]},
								"south": {"uv": [12, 8], "uv_size": [0.5, 0.5]},
								"west": {"uv": [10, 1], "uv_size": [2.5, 0.5]},
								"up": {"uv": [5, 10], "uv_size": [0.5, 2.5]}
							}
						},
						{
							"origin": [0.45, -0.11367, -3.44531],
							"size": [0.2, 0.25859, 0.59375],
							"pivot": [0, 0.01563, -0.49999],
							"rotation": [0, 0, 22.5],
							"uv": {
								"north": {"uv": [9, 12], "uv_size": [0.5, 0.5]},
								"east": {"uv": [12, 9], "uv_size": [0.5, 0.5]},
								"south": {"uv": [10, 12], "uv_size": [0.5, 0.5]},
								"west": {"uv": [12, 10], "uv_size": [0.5, 0.5]},
								"up": {"uv": [11, 12], "uv_size": [0.5, 0.5]}
							}
						},
						{
							"origin": [-0.65, -0.11367, -3.44531],
							"size": [0.2, 0.25859, 0.59375],
							"pivot": [0, 0.01563, -0.49999],
							"rotation": [0, 0, -22.5],
							"uv": {
								"north": {"uv": [12, 11], "uv_size": [0.5, 0.5]},
								"east": {"uv": [12, 12], "uv_size": [0.5, 0.5]},
								"south": {"uv": [0, 13], "uv_size": [0.5, 0.5]},
								"west": {"uv": [13, 0], "uv_size": [0.5, 0.5]},
								"up": {"uv": [1, 13], "uv_size": [0.5, 0.5]}
							}
						},
						{
							"origin": [-0.65, -0.11367, -0.64844],
							"size": [0.2, 0.25859, 0.64844],
							"uv": {
								"north": {"uv": [13, 1], "uv_size": [0.5, 0.5]},
								"east": {"uv": [2, 13], "uv_size": [0.5, 0.5]},
								"south": {"uv": [13, 2], "uv_size": [0.5, 0.5]},
								"west": {"uv": [3, 13], "uv_size": [0.5, 0.5]}
							}
						},
						{
							"origin": [0.45, -0.11367, -3.20312],
							"size": [0.2, 0.25859, 0.34375],
							"uv": {
								"north": {"uv": [13, 3], "uv_size": [0.5, 0.5]},
								"east": {"uv": [4, 13], "uv_size": [0.5, 0.5]},
								"south": {"uv": [13, 4], "uv_size": [0.5, 0.5]},
								"west": {"uv": [5, 13], "uv_size": [0.5, 0.5]}
							}
						},
						{
							"origin": [-0.65, -0.11367, -3.20312],
							"size": [0.2, 0.25859, 0.34375],
							"uv": {
								"north": {"uv": [13, 5], "uv_size": [0.5, 0.5]},
								"east": {"uv": [6, 13], "uv_size": [0.5, 0.5]},
								"south": {"uv": [13, 6], "uv_size": [0.5, 0.5]},
								"west": {"uv": [7, 13], "uv_size": [0.5, 0.5]}
							}
						},
						{
							"origin": [-0.65, -0.11367, -2.38281],
							"size": [0.2, 0.25859, 2.38281],
							"pivot": [0, 0.01563, -0.49999],
							"rotation": [0, 0, 22.5],
							"uv": {
								"north": {"uv": [13, 7], "uv_size": [0.5, 0.5]},
								"east": {"uv": [10, 2], "uv_size": [2.5, 0.5]},
								"south": {"uv": [8, 13], "uv_size": [0.5, 0.5]},
								"west": {"uv": [10, 3], "uv_size": [2.5, 0.5]},
								"down": {"uv": [6, 12.5], "uv_size": [0.5, -2.5]}
							}
						},
						{
							"origin": [0.45, -0.11367, -3.44531],
							"size": [0.2, 0.25859, 0.59375],
							"pivot": [0, 0.01563, -0.49999],
							"rotation": [0, 0, -22.5],
							"uv": {
								"north": {"uv": [13, 8], "uv_size": [0.5, 0.5]},
								"east": {"uv": [9, 13], "uv_size": [0.5, 0.5]},
								"south": {"uv": [13, 9], "uv_size": [0.5, 0.5]},
								"west": {"uv": [10, 13], "uv_size": [0.5, 0.5]},
								"down": {"uv": [13, 10.5], "uv_size": [0.5, -0.5]}
							}
						},
						{
							"origin": [-0.65, -0.11367, -3.44531],
							"size": [0.2, 0.25859, 0.59375],
							"pivot": [0, 0.01563, -0.49999],
							"rotation": [0, 0, 22.5],
							"uv": {
								"north": {"uv": [11, 13], "uv_size": [0.5, 0.5]},
								"east": {"uv": [13, 11], "uv_size": [0.5, 0.5]},
								"south": {"uv": [12, 13], "uv_size": [0.5, 0.5]},
								"west": {"uv": [13, 12], "uv_size": [0.5, 0.5]},
								"down": {"uv": [13, 13.5], "uv_size": [0.5, -0.5]}
							}
						}
					]
				}
			]
		}
	]
}