{
	"format_version": "1.12.0",
	"minecraft:geometry": [
		{
			"description": {
				"identifier": "geometry.unknown",
				"texture_width": 16,
				"texture_height": 16,
				"visible_bounds_width": 2,
				"visible_bounds_height": 1.5,
				"visible_bounds_offset": [0, 0.25, 0]
			},
			"bones": [
				{
					"name": "muzzle",
					"pivot": [0, 0, 0.10938]
				},
				{
					"name": "hexadecagon22",
					"parent": "muzzle",
					"pivot": [0, -0.07812, -0.03906],
					"cubes": [
						{
							"origin": [-0.11935, -0.59999, -0.14062],
							"size": [0.2387, 0.15, 0.20312],
							"pivot": [0, 0, -0.1875],
							"rotation": [0, 0, -45],
							"uv": {
								"north": {"uv": [1, 2], "uv_size": [1, 1]},
								"south": {"uv": [2, 2], "uv_size": [1, 1]},
								"up": {"uv": [3, 0], "uv_size": [1, 1]},
								"down": {"uv": [1, 4], "uv_size": [1, -1]}
							}
						},
						{
							"origin": [-0.11935, -0.59999, -0.14062],
							"size": [0.2387, 0.15, 0.20312],
							"uv": {
								"north": {"uv": [3, 1], "uv_size": [1, 1]},
								"south": {"uv": [2, 3], "uv_size": [1, 1]},
								"up": {"uv": [3, 2], "uv_size": [1, 1]},
								"down": {"uv": [3, 4], "uv_size": [1, -1]}
							}
						},
						{
							"origin": [-0.11935, -0.59999, -0.14062],
							"size": [0.2387, 0.15, 0.20312],
							"pivot": [0, 0, -0.1875],
							"rotation": [0, 0, 45],
							"uv": {
								"north": {"uv": [0, 4], "uv_size": [1, 1]},
								"south": {"uv": [4, 0], "uv_size": [1, 1]},
								"up": {"uv": [1, 4], "uv_size": [1, 1]},
								"down": {"uv": [4, 2], "uv_size": [1, -1]}
							}
						},
						{
							"origin": [-0.11935, 0.44999, -0.14062],
							"size": [0.2387, 0.15001, 0.20312],
							"pivot": [0, 0, -0.1875],
							"rotation": [0, 0, -45],
							"uv": {
								"north": {"uv": [2, 4], "uv_size": [1, 1]},
								"south": {"uv": [4, 2], "uv_size": [1, 1]},
								"up": {"uv": [3, 4], "uv_size": [1, 1]},
								"down": {"uv": [4, 4], "uv_size": [1, -1]}
							}
						},
						{
							"origin": [-0.11935, 0.44999, -0.14062],
							"size": [0.2387, 0.15001, 0.20312],
							"uv": {
								"north": {"uv": [4, 4], "uv_size": [1, 1]},
								"south": {"uv": [0, 5], "uv_size": [1, 1]},
								"up": {"uv": [5, 0], "uv_size": [1, 1]},
								"down": {"uv": [1, 6], "uv_size": [1, -1]}
							}
						},
						{
							"origin": [-0.11935, 0.44999, -0.14062],
							"size": [0.2387, 0.15001, 0.20312],
							"pivot": [0, 0, -0.1875],
							"rotation": [0, 0, 45],
							"uv": {
								"north": {"uv": [5, 1], "uv_size": [1, 1]},
								"south": {"uv": [2, 5], "uv_size": [1, 1]},
								"up": {"uv": [5, 2], "uv_size": [1, 1]},
								"down": {"uv": [3, 6], "uv_size": [1, -1]}
							}
						},
						{
							"origin": [0.45, -0.11934, -0.14062],
							"size": [0.15, 0.23868, 0.20312],
							"uv": {
								"north": {"uv": [5, 3], "uv_size": [1, 1]},
								"east": {"uv": [4, 5], "uv_size": [1, 1]},
								"south": {"uv": [5, 4], "uv_size": [1, 1]},
								"west": {"uv": [5, 5], "uv_size": [1, 1]}
							}
						},
						{
							"origin": [-0.6, -0.11934, -0.14062],
							"size": [0.15, 0.23868, 0.20312],
							"uv": {
								"north": {"uv": [0, 6], "uv_size": [1, 1]},
								"east": {"uv": [6, 0], "uv_size": [1, 1]},
								"south": {"uv": [1, 6], "uv_size": [1, 1]},
								"west": {"uv": [6, 1], "uv_size": [1, 1]}
							}
						}
					]
				},
				{
					"name": "hexadecagon23",
					"parent": "muzzle",
					"pivot": [0, -8.07812, 2.75],
					"cubes": [
						{
							"origin": [-0.11935, -0.59999, -2.20312],
							"size": [0.2387, 0.15, 0.25],
							"pivot": [0, 0, -2.25],
							"rotation": [0, 0, -45],
							"uv": {
								"north": {"uv": [2, 6], "uv_size": [1, 1]},
								"south": {"uv": [6, 2], "uv_size": [1, 1]},
								"up": {"uv": [3, 6], "uv_size": [1, 1]},
								"down": {"uv": [6, 4], "uv_size": [1, -1]}
							}
						},
						{
							"origin": [-0.11935, -0.59999, -2.20312],
							"size": [0.2387, 0.15, 0.25],
							"uv": {
								"north": {"uv": [4, 6], "uv_size": [1, 1]},
								"south": {"uv": [6, 4], "uv_size": [1, 1]},
								"up": {"uv": [5, 6], "uv_size": [1, 1]},
								"down": {"uv": [6, 6], "uv_size": [1, -1]}
							}
						},
						{
							"origin": [-0.11935, -0.59999, -2.20312],
							"size": [0.2387, 0.15, 0.25],
							"pivot": [0, 0, -2.25],
							"rotation": [0, 0, 45],
							"uv": {
								"north": {"uv": [6, 6], "uv_size": [1, 1]},
								"south": {"uv": [0, 7], "uv_size": [1, 1]},
								"up": {"uv": [7, 0], "uv_size": [1, 1]},
								"down": {"uv": [1, 8], "uv_size": [1, -1]}
							}
						},
						{
							"origin": [-0.11935, 0.44999, -2.20312],
							"size": [0.2387, 0.15001, 0.25],
							"pivot": [0, 0, -2.25],
							"rotation": [0, 0, -45],
							"uv": {
								"north": {"uv": [7, 1], "uv_size": [1, 1]},
								"south": {"uv": [2, 7], "uv_size": [1, 1]},
								"up": {"uv": [7, 2], "uv_size": [1, 1]},
								"down": {"uv": [3, 8], "uv_size": [1, -1]}
							}
						},
						{
							"origin": [-0.11935, 0.44999, -2.20312],
							"size": [0.2387, 0.15001, 0.25],
							"uv": {
								"north": {"uv": [7, 3], "uv_size": [1, 1]},
								"south": {"uv": [4, 7], "uv_size": [1, 1]},
								"up": {"uv": [7, 4], "uv_size": [1, 1]},
								"down": {"uv": [5, 8], "uv_size": [1, -1]}
							}
						},
						{
							"origin": [-0.11935, 0.44999, -2.20312],
							"size": [0.2387, 0.15001, 0.25],
							"pivot": [0, 0, -2.25],
							"rotation": [0, 0, 45],
							"uv": {
								"north": {"uv": [7, 5], "uv_size": [1, 1]},
								"south": {"uv": [6, 7], "uv_size": [1, 1]},
								"up": {"uv": [7, 6], "uv_size": [1, 1]},
								"down": {"uv": [7, 8], "uv_size": [1, -1]}
							}
						},
						{
							"origin": [0.45, -0.11934, -2.20312],
							"size": [0.15, 0.23868, 0.25],
							"uv": {
								"north": {"uv": [0, 8], "uv_size": [1, 1]},
								"east": {"uv": [8, 0], "uv_size": [1, 1]},
								"south": {"uv": [1, 8], "uv_size": [1, 1]},
								"west": {"uv": [8, 1], "uv_size": [1, 1]}
							}
						},
						{
							"origin": [-0.6, -0.11934, -2.20312],
							"size": [0.15, 0.23868, 0.25],
							"uv": {
								"north": {"uv": [2, 8], "uv_size": [1, 1]},
								"east": {"uv": [8, 2], "uv_size": [1, 1]},
								"south": {"uv": [3, 8], "uv_size": [1, 1]},
								"west": {"uv": [8, 3], "uv_size": [1, 1]}
							}
						}
					]
				},
				{
					"name": "hexadecagon24",
					"parent": "muzzle",
					"pivot": [0, -6.07812, 4.625],
					"cubes": [
						{
							"origin": [0.45, -0.11934, -2.20312],
							"size": [0.15, 0.23868, 2.26562],
							"pivot": [0, 0, -0.375],
							"rotation": [0, 0, -22.5],
							"uv": {
								"north": {"uv": [4, 8], "uv_size": [1, 1]},
								"east": {"uv": [0, 0], "uv_size": [2, 1]},
								"south": {"uv": [8, 4], "uv_size": [1, 1]},
								"west": {"uv": [0, 1], "uv_size": [2, 1]},
								"up": {"uv": [0, 2], "uv_size": [1, 2]},
								"down": {"uv": [2, 2], "uv_size": [1, -2]}
							}
						},
						{
							"origin": [0.45, -0.11934, -2.20312],
							"size": [0.15, 0.23868, 2.26562],
							"pivot": [0, 0, -0.375],
							"rotation": [0, 0, -67.5],
							"uv": {
								"north": {"uv": [4, 8], "uv_size": [1, 1]},
								"east": {"uv": [0, 0], "uv_size": [2, 1]},
								"south": {"uv": [8, 4], "uv_size": [1, 1]},
								"west": {"uv": [0, 1], "uv_size": [2, 1]},
								"up": {"uv": [1, 4], "uv_size": [-1, -2]},
								"down": {"uv": [3, 2], "uv_size": [-1, -2]}
							}
						},
						{
							"origin": [0.45, -0.11934, -2.20312],
							"size": [0.15, 0.23868, 2.26562],
							"pivot": [0, 0, -0.375],
							"rotation": [0, 0, 22.5],
							"uv": {
								"north": {"uv": [4, 8], "uv_size": [1, 1]},
								"east": {"uv": [0, 0], "uv_size": [2, 1]},
								"south": {"uv": [8, 4], "uv_size": [1, 1]},
								"west": {"uv": [0, 1], "uv_size": [2, 1]},
								"up": {"uv": [1, 4], "uv_size": [-1, -2]},
								"down": {"uv": [3, 2], "uv_size": [-1, -2]}
							}
						},
						{
							"origin": [0.45, -0.11934, -2.20312],
							"size": [0.15, 0.23868, 2.26562],
							"pivot": [0, 0, -0.375],
							"rotation": [0, 0, 67.5],
							"uv": {
								"north": {"uv": [4, 8], "uv_size": [1, 1]},
								"east": {"uv": [0, 0], "uv_size": [2, 1]},
								"south": {"uv": [8, 4], "uv_size": [1, 1]},
								"west": {"uv": [0, 1], "uv_size": [2, 1]},
								"up": {"uv": [1, 4], "uv_size": [-1, -2]},
								"down": {"uv": [3, 2], "uv_size": [-1, -2]}
							}
						},
						{
							"origin": [0.45, -0.11934, -2.20312],
							"size": [0.15, 0.23868, 2.26562],
							"pivot": [0, 0, -0.375],
							"rotation": [0, 0, -157.5],
							"uv": {
								"north": {"uv": [4, 8], "uv_size": [1, 1]},
								"east": {"uv": [0, 0], "uv_size": [2, 1]},
								"south": {"uv": [8, 4], "uv_size": [1, 1]},
								"west": {"uv": [0, 1], "uv_size": [2, 1]},
								"up": {"uv": [1, 4], "uv_size": [-1, -2]},
								"down": {"uv": [3, 2], "uv_size": [-1, -2]}
							}
						},
						{
							"origin": [0.45, -0.11934, -2.20312],
							"size": [0.15, 0.23868, 2.26562],
							"pivot": [0, 0, -0.375],
							"rotation": [0, 0, -112.5],
							"uv": {
								"north": {"uv": [4, 8], "uv_size": [1, 1]},
								"east": {"uv": [0, 0], "uv_size": [2, 1]},
								"south": {"uv": [8, 4], "uv_size": [1, 1]},
								"west": {"uv": [0, 1], "uv_size": [2, 1]},
								"up": {"uv": [1, 4], "uv_size": [-1, -2]},
								"down": {"uv": [3, 2], "uv_size": [-1, -2]}
							}
						},
						{
							"origin": [0.45, -0.11934, -2.20312],
							"size": [0.15, 0.23868, 2.26562],
							"pivot": [0, 0, -0.375],
							"rotation": [0, 0, 112.5],
							"uv": {
								"north": {"uv": [4, 8], "uv_size": [1, 1]},
								"east": {"uv": [0, 0], "uv_size": [2, 1]},
								"south": {"uv": [8, 4], "uv_size": [1, 1]},
								"west": {"uv": [0, 1], "uv_size": [2, 1]},
								"up": {"uv": [1, 4], "uv_size": [-1, -2]},
								"down": {"uv": [3, 2], "uv_size": [-1, -2]}
							}
						},
						{
							"origin": [0.45, -0.11934, -2.20312],
							"size": [0.15, 0.23868, 2.26562],
							"pivot": [0, 0, -0.375],
							"rotation": [0, 0, 157.5],
							"uv": {
								"north": {"uv": [4, 8], "uv_size": [1, 1]},
								"east": {"uv": [0, 0], "uv_size": [2, 1]},
								"south": {"uv": [8, 4], "uv_size": [1, 1]},
								"west": {"uv": [0, 1], "uv_size": [2, 1]},
								"up": {"uv": [1, 4], "uv_size": [-1, -2]},
								"down": {"uv": [3, 2], "uv_size": [-1, -2]}
							}
						}
					]
				},
				{
					"name": "hexadecagon20",
					"parent": "muzzle",
					"pivot": [0, -8.07812, 5.5],
					"cubes": [
						{
							"origin": [-0.11935, -0.59999, 0.35938],
							"size": [0.2387, 1.19999, 0.25],
							"pivot": [0, 0, 0.5],
							"rotation": [0, 0, -45],
							"uv": {
								"north": {"uv": [5, 8], "uv_size": [1, 1]},
								"south": {"uv": [8, 5], "uv_size": [1, 1]},
								"up": {"uv": [6, 8], "uv_size": [1, 1]},
								"down": {"uv": [8, 7], "uv_size": [1, -1]}
							}
						},
						{
							"origin": [-0.11935, -0.59999, 0.35938],
							"size": [0.2387, 1.19999, 0.25],
							"pivot": [0, 0, 0.5],
							"rotation": [0, 0, -22.5],
							"uv": {
								"north": {"uv": [7, 8], "uv_size": [1, 1]},
								"south": {"uv": [8, 7], "uv_size": [1, 1]},
								"up": {"uv": [8, 8], "uv_size": [1, 1]},
								"down": {"uv": [0, 10], "uv_size": [1, -1]}
							}
						},
						{
							"origin": [-0.11935, -0.59999, 0.35938],
							"size": [0.2387, 1.19999, 0.25],
							"uv": {
								"north": {"uv": [9, 0], "uv_size": [1, 1]},
								"south": {"uv": [1, 9], "uv_size": [1, 1]},
								"up": {"uv": [9, 1], "uv_size": [1, 1]},
								"down": {"uv": [2, 10], "uv_size": [1, -1]}
							}
						},
						{
							"origin": [-0.11935, -0.59999, 0.35938],
							"size": [0.2387, 1.19999, 0.25],
							"pivot": [0, 0, 0.5],
							"rotation": [0, 0, 22.5],
							"uv": {
								"north": {"uv": [9, 2], "uv_size": [1, 1]},
								"south": {"uv": [3, 9], "uv_size": [1, 1]},
								"up": {"uv": [9, 3], "uv_size": [1, 1]},
								"down": {"uv": [4, 10], "uv_size": [1, -1]}
							}
						},
						{
							"origin": [-0.11935, -0.59999, 0.35938],
							"size": [0.2387, 1.19999, 0.25],
							"pivot": [0, 0, 0.5],
							"rotation": [0, 0, 45],
							"uv": {
								"north": {"uv": [9, 4], "uv_size": [1, 1]},
								"south": {"uv": [5, 9], "uv_size": [1, 1]},
								"up": {"uv": [9, 5], "uv_size": [1, 1]},
								"down": {"uv": [6, 10], "uv_size": [1, -1]}
							}
						},
						{
							"origin": [-0.6, -0.11934, 0.35938],
							"size": [1.2, 0.23868, 0.25],
							"pivot": [0, 0, 0.5],
							"rotation": [0, 0, -22.5],
							"uv": {
								"north": {"uv": [9, 6], "uv_size": [1, 1]},
								"east": {"uv": [7, 9], "uv_size": [1, 1]},
								"south": {"uv": [9, 7], "uv_size": [1, 1]},
								"west": {"uv": [8, 9], "uv_size": [1, 1]}
							}
						},
						{
							"origin": [-0.6, -0.11934, 0.35938],
							"size": [1.2, 0.23868, 0.25],
							"uv": {
								"north": {"uv": [9, 8], "uv_size": [1, 1]},
								"east": {"uv": [9, 9], "uv_size": [1, 1]},
								"south": {"uv": [0, 10], "uv_size": [1, 1]},
								"west": {"uv": [10, 0], "uv_size": [1, 1]}
							}
						},
						{
							"origin": [-0.6, -0.11934, 0.35938],
							"size": [1.2, 0.23868, 0.25],
							"pivot": [0, 0, 0.5],
							"rotation": [0, 0, 22.5],
							"uv": {
								"north": {"uv": [1, 10], "uv_size": [1, 1]},
								"east": {"uv": [10, 1], "uv_size": [1, 1]},
								"south": {"uv": [2, 10], "uv_size": [1, 1]},
								"west": {"uv": [10, 2], "uv_size": [1, 1]}
							}
						}
					]
				},
				{
					"name": "hexadecagon21",
					"parent": "muzzle",
					"pivot": [0, -8.07812, 5.25],
					"cubes": [
						{
							"origin": [-0.11935, -0.59999, 0.10938],
							"size": [0.2387, 1.19999, 0.14062],
							"pivot": [0, 0, 0.25],
							"rotation": [0, 0, -45],
							"uv": {
								"north": {"uv": [3, 10], "uv_size": [1, 1]},
								"south": {"uv": [10, 3], "uv_size": [1, 1]},
								"up": {"uv": [4, 10], "uv_size": [1, 1]},
								"down": {"uv": [10, 5], "uv_size": [1, -1]}
							}
						},
						{
							"origin": [-0.11935, -0.59999, 0.10938],
							"size": [0.2387, 1.19999, 0.14062],
							"pivot": [0, 0, 0.25],
							"rotation": [0, 0, -22.5],
							"uv": {
								"north": {"uv": [5, 10], "uv_size": [1, 1]},
								"south": {"uv": [10, 5], "uv_size": [1, 1]},
								"up": {"uv": [6, 10], "uv_size": [1, 1]},
								"down": {"uv": [10, 7], "uv_size": [1, -1]}
							}
						},
						{
							"origin": [-0.11935, -0.59999, 0.10938],
							"size": [0.2387, 1.19999, 0.14062],
							"uv": {
								"north": {"uv": [7, 10], "uv_size": [1, 1]},
								"south": {"uv": [10, 7], "uv_size": [1, 1]},
								"up": {"uv": [8, 10], "uv_size": [1, 1]},
								"down": {"uv": [10, 9], "uv_size": [1, -1]}
							}
						},
						{
							"origin": [-0.11935, -0.59999, 0.10938],
							"size": [0.2387, 1.19999, 0.14062],
							"pivot": [0, 0, 0.25],
							"rotation": [0, 0, 22.5],
							"uv": {
								"north": {"uv": [9, 10], "uv_size": [1, 1]},
								"south": {"uv": [10, 9], "uv_size": [1, 1]},
								"up": {"uv": [10, 10], "uv_size": [1, 1]},
								"down": {"uv": [0, 12], "uv_size": [1, -1]}
							}
						},
						{
							"origin": [-0.11935, -0.59999, 0.10938],
							"size": [0.2387, 1.19999, 0.14062],
							"pivot": [0, 0, 0.25],
							"rotation": [0, 0, 45],
							"uv": {
								"north": {"uv": [11, 0], "uv_size": [1, 1]},
								"south": {"uv": [1, 11], "uv_size": [1, 1]},
								"up": {"uv": [11, 1], "uv_size": [1, 1]},
								"down": {"uv": [2, 12], "uv_size": [1, -1]}
							}
						},
						{
							"origin": [-0.6, -0.11934, 0.10938],
							"size": [1.2, 0.23868, 0.14062],
							"pivot": [0, 0, 0.25],
							"rotation": [0, 0, -22.5],
							"uv": {
								"north": {"uv": [11, 2], "uv_size": [1, 1]},
								"east": {"uv": [3, 11], "uv_size": [1, 1]},
								"south": {"uv": [11, 3], "uv_size": [1, 1]},
								"west": {"uv": [4, 11], "uv_size": [1, 1]}
							}
						},
						{
							"origin": [-0.6, -0.11934, 0.10938],
							"size": [1.2, 0.23868, 0.14062],
							"uv": {
								"north": {"uv": [11, 4], "uv_size": [1, 1]},
								"east": {"uv": [5, 11], "uv_size": [1, 1]},
								"south": {"uv": [11, 5], "uv_size": [1, 1]},
								"west": {"uv": [6, 11], "uv_size": [1, 1]}
							}
						},
						{
							"origin": [-0.6, -0.11934, 0.10938],
							"size": [1.2, 0.23868, 0.14062],
							"pivot": [0, 0, 0.25],
							"rotation": [0, 0, 22.5],
							"uv": {
								"north": {"uv": [11, 6], "uv_size": [1, 1]},
								"east": {"uv": [7, 11], "uv_size": [1, 1]},
								"south": {"uv": [11, 7], "uv_size": [1, 1]},
								"west": {"uv": [8, 11], "uv_size": [1, 1]}
							}
						}
					]
				}
			]
		}
	]
}