{
	"format_version": "1.12.0",
	"minecraft:geometry": [
		{
			"description": {
				"identifier": "geometry.unknown",
				"texture_width": 16,
				"texture_height": 16,
				"visible_bounds_width": 2,
				"visible_bounds_height": 1.5,
				"visible_bounds_offset": [0, 0.25, 0]
			},
			"bones": [
				{
					"name": "muzzle_default",
					"pivot": [0, -8.76562, 31.42188]
				},
				{
					"name": "octagon",
					"parent": "muzzle_default",
					"pivot": [0, -11.00781, 30.07813],
					"cubes": [
						{
							"origin": [-0.31066, -0.75782, -0.42187],
							"size": [0.62132, 1.5, 1],
							"pivot": [0, -0.00782, 0.07813],
							"rotation": [0, 0, 45],
							"uv": {
								"north": {"uv": [6, 5], "uv_size": [1, 2]},
								"south": {"uv": [4, 7], "uv_size": [1, 2]},
								"up": {"uv": [8, 4], "uv_size": [1, 1]},
								"down": {"uv": [5, 9], "uv_size": [1, -1]}
							}
						},
						{
							"origin": [-0.31066, -0.75782, -0.42187],
							"size": [0.62132, 1.5, 1],
							"uv": {
								"north": {"uv": [7, 5], "uv_size": [1, 2]},
								"south": {"uv": [6, 7], "uv_size": [1, 2]},
								"up": {"uv": [8, 5], "uv_size": [1, 1]},
								"down": {"uv": [8, 7], "uv_size": [1, -1]}
							}
						},
						{
							"origin": [-0.75, -0.31847, -0.42187],
							"size": [1.5, 0.62132, 1],
							"pivot": [0, -0.00782, 0.07813],
							"rotation": [0, 0, 45],
							"uv": {
								"north": {"uv": [7, 3], "uv_size": [2, 1]},
								"east": {"uv": [7, 8], "uv_size": [1, 1]},
								"south": {"uv": [7, 7], "uv_size": [2, 1]},
								"west": {"uv": [8, 8], "uv_size": [1, 1]}
							}
						},
						{
							"origin": [-0.75, -0.31847, -0.42187],
							"size": [1.5, 0.62132, 1],
							"uv": {
								"north": {"uv": [0, 8], "uv_size": [2, 1]},
								"east": {"uv": [0, 9], "uv_size": [1, 1]},
								"south": {"uv": [8, 2], "uv_size": [2, 1]},
								"west": {"uv": [9, 0], "uv_size": [1, 1]}
							}
						}
					]
				},
				{
					"name": "hexadecagon12",
					"parent": "muzzle_default",
					"pivot": [0, -10.99999, 28.95313],
					"cubes": [
						{
							"origin": [-0.13427, -0.67501, -3.07812],
							"size": [0.26854, 0.2, 2.53125],
							"pivot": [0, 0, -1.04687],
							"rotation": [0, 0, -45],
							"uv": {
								"north": {"uv": [1, 9], "uv_size": [1, 1]},
								"east": {"uv": [0, 0], "uv_size": [3, 1]},
								"south": {"uv": [9, 1], "uv_size": [1, 1]},
								"west": {"uv": [0, 1], "uv_size": [3, 1]},
								"up": {"uv": [0, 2], "uv_size": [1, 3]},
								"down": {"uv": [1, 5], "uv_size": [1, -3]}
							}
						},
						{
							"origin": [-0.13427, -0.67501, -0.98437],
							"size": [0.26854, 0.2, 0.4375],
							"pivot": [0, 0, -1.04687],
							"rotation": [0, 0, -22.5],
							"uv": {
								"north": {"uv": [2, 9], "uv_size": [1, 1]},
								"south": {"uv": [3, 9], "uv_size": [1, 1]},
								"up": {"uv": [9, 3], "uv_size": [1, 1]},
								"down": {"uv": [4, 10], "uv_size": [1, -1]}
							}
						},
						{
							"origin": [-0.13427, -0.67501, -0.98437],
							"size": [0.26854, 0.2, 0.4375],
							"uv": {
								"north": {"uv": [9, 4], "uv_size": [1, 1]},
								"south": {"uv": [5, 9], "uv_size": [1, 1]},
								"up": {"uv": [9, 5], "uv_size": [1, 1]},
								"down": {"uv": [6, 10], "uv_size": [1, -1]}
							}
						},
						{
							"origin": [-0.13427, -0.67501, -0.98437],
							"size": [0.26854, 0.2, 0.4375],
							"pivot": [0, 0, -1.04687],
							"rotation": [0, 0, 22.5],
							"uv": {
								"north": {"uv": [9, 6], "uv_size": [1, 1]},
								"south": {"uv": [7, 9], "uv_size": [1, 1]},
								"up": {"uv": [9, 7], "uv_size": [1, 1]},
								"down": {"uv": [8, 10], "uv_size": [1, -1]}
							}
						},
						{
							"origin": [-0.13427, -0.67501, -3.07812],
							"size": [0.26854, 0.2, 2.53125],
							"pivot": [0, 0, -1.04687],
							"rotation": [0, 0, 45],
							"uv": {
								"north": {"uv": [9, 8], "uv_size": [1, 1]},
								"east": {"uv": [2, 2], "uv_size": [3, 1]},
								"south": {"uv": [9, 9], "uv_size": [1, 1]},
								"west": {"uv": [3, 0], "uv_size": [3, 1]},
								"up": {"uv": [2, 3], "uv_size": [1, 3]},
								"down": {"uv": [3, 6], "uv_size": [1, -3]}
							}
						},
						{
							"origin": [-0.13427, 0.47499, -0.98437],
							"size": [0.26854, 0.2, 0.4375],
							"pivot": [0, 0, -1.04687],
							"rotation": [0, 0, -45],
							"uv": {
								"north": {"uv": [0, 10], "uv_size": [1, 1]},
								"south": {"uv": [10, 0], "uv_size": [1, 1]},
								"up": {"uv": [1, 10], "uv_size": [1, 1]},
								"down": {"uv": [10, 2], "uv_size": [1, -1]}
							}
						},
						{
							"origin": [-0.13427, 0.47499, -0.98437],
							"size": [0.26854, 0.2, 0.4375],
							"pivot": [0, 0, -1.04687],
							"rotation": [0, 0, -22.5],
							"uv": {
								"north": {"uv": [2, 10], "uv_size": [1, 1]},
								"south": {"uv": [10, 2], "uv_size": [1, 1]},
								"up": {"uv": [3, 10], "uv_size": [1, 1]},
								"down": {"uv": [10, 4], "uv_size": [1, -1]}
							}
						},
						{
							"origin": [-0.13427, 0.47499, -3.07812],
							"size": [0.26854, 0.2, 2.53125],
							"uv": {
								"north": {"uv": [4, 10], "uv_size": [1, 1]},
								"east": {"uv": [3, 1], "uv_size": [3, 1]},
								"south": {"uv": [10, 4], "uv_size": [1, 1]},
								"west": {"uv": [4, 3], "uv_size": [3, 1]},
								"up": {"uv": [4, 4], "uv_size": [1, 3]},
								"down": {"uv": [0, 8], "uv_size": [1, -3]}
							}
						},
						{
							"origin": [-0.13427, 0.47499, -0.98437],
							"size": [0.26854, 0.2, 0.4375],
							"pivot": [0, 0, -1.04687],
							"rotation": [0, 0, 22.5],
							"uv": {
								"north": {"uv": [5, 10], "uv_size": [1, 1]},
								"south": {"uv": [10, 5], "uv_size": [1, 1]},
								"up": {"uv": [6, 10], "uv_size": [1, 1]},
								"down": {"uv": [10, 7], "uv_size": [1, -1]}
							}
						},
						{
							"origin": [-0.13427, 0.47499, -0.98437],
							"size": [0.26854, 0.2, 0.4375],
							"pivot": [0, 0, -1.04687],
							"rotation": [0, 0, 45],
							"uv": {
								"north": {"uv": [7, 10], "uv_size": [1, 1]},
								"south": {"uv": [10, 7], "uv_size": [1, 1]},
								"up": {"uv": [8, 10], "uv_size": [1, 1]},
								"down": {"uv": [10, 9], "uv_size": [1, -1]}
							}
						},
						{
							"origin": [0.475, -0.13426, -3.07812],
							"size": [0.2, 0.26853, 2.53125],
							"pivot": [0, 0, -1.04687],
							"rotation": [0, 0, -22.5],
							"uv": {
								"north": {"uv": [9, 10], "uv_size": [1, 1]},
								"east": {"uv": [5, 2], "uv_size": [3, 1]},
								"south": {"uv": [10, 9], "uv_size": [1, 1]},
								"west": {"uv": [5, 4], "uv_size": [3, 1]},
								"up": {"uv": [1, 5], "uv_size": [1, 3]},
								"down": {"uv": [5, 8], "uv_size": [1, -3]}
							}
						},
						{
							"origin": [0.475, -0.13426, -0.98437],
							"size": [0.2, 0.26853, 0.4375],
							"uv": {
								"north": {"uv": [10, 10], "uv_size": [1, 1]},
								"east": {"uv": [0, 11], "uv_size": [1, 1]},
								"south": {"uv": [11, 0], "uv_size": [1, 1]},
								"west": {"uv": [1, 11], "uv_size": [1, 1]}
							}
						},
						{
							"origin": [0.475, -0.13426, -0.98437],
							"size": [0.2, 0.26853, 0.4375],
							"pivot": [0, 0, -1.04687],
							"rotation": [0, 0, 22.5],
							"uv": {
								"north": {"uv": [11, 1], "uv_size": [1, 1]},
								"east": {"uv": [2, 11], "uv_size": [1, 1]},
								"south": {"uv": [11, 2], "uv_size": [1, 1]},
								"west": {"uv": [3, 11], "uv_size": [1, 1]}
							}
						},
						{
							"origin": [-0.675, -0.13426, -0.98437],
							"size": [0.2, 0.26853, 0.4375],
							"pivot": [0, 0, -1.04687],
							"rotation": [0, 0, -22.5],
							"uv": {
								"north": {"uv": [11, 3], "uv_size": [1, 1]},
								"east": {"uv": [4, 11], "uv_size": [1, 1]},
								"south": {"uv": [11, 4], "uv_size": [1, 1]},
								"west": {"uv": [5, 11], "uv_size": [1, 1]}
							}
						},
						{
							"origin": [-0.675, -0.13426, -0.98437],
							"size": [0.2, 0.26853, 0.4375],
							"uv": {
								"north": {"uv": [11, 5], "uv_size": [1, 1]},
								"east": {"uv": [6, 11], "uv_size": [1, 1]},
								"south": {"uv": [11, 6], "uv_size": [1, 1]},
								"west": {"uv": [7, 11], "uv_size": [1, 1]}
							}
						},
						{
							"origin": [-0.675, -0.13426, -3.07812],
							"size": [0.2, 0.26853, 2.53125],
							"pivot": [0, 0, -1.04687],
							"rotation": [0, 0, 22.5],
							"uv": {
								"north": {"uv": [11, 7], "uv_size": [1, 1]},
								"east": {"uv": [6, 0], "uv_size": [3, 1]},
								"south": {"uv": [8, 11], "uv_size": [1, 1]},
								"west": {"uv": [6, 1], "uv_size": [3, 1]},
								"up": {"uv": [2, 6], "uv_size": [1, 3]},
								"down": {"uv": [3, 9], "uv_size": [1, -3]}
							}
						}
					]
				},
				{
					"name": "hexadecagon13",
					"parent": "muzzle_default",
					"pivot": [0, -10.99999, 26.85938],
					"cubes": [
						{
							"origin": [-0.13427, -0.67501, -3.07812],
							"size": [0.26854, 0.2, 0.4375],
							"pivot": [0, 0, -3.14062],
							"rotation": [0, 0, -22.5],
							"uv": {
								"north": {"uv": [11, 8], "uv_size": [1, 1]},
								"south": {"uv": [9, 11], "uv_size": [1, 1]},
								"up": {"uv": [11, 9], "uv_size": [1, 1]},
								"down": {"uv": [10, 12], "uv_size": [1, -1]}
							}
						},
						{
							"origin": [-0.13427, -0.67501, -3.07812],
							"size": [0.26854, 0.2, 0.4375],
							"uv": {
								"north": {"uv": [11, 10], "uv_size": [1, 1]},
								"south": {"uv": [11, 11], "uv_size": [1, 1]},
								"up": {"uv": [0, 12], "uv_size": [1, 1]},
								"down": {"uv": [12, 1], "uv_size": [1, -1]}
							}
						},
						{
							"origin": [-0.13427, -0.67501, -3.07812],
							"size": [0.26854, 0.2, 0.4375],
							"pivot": [0, 0, -3.14062],
							"rotation": [0, 0, 22.5],
							"uv": {
								"north": {"uv": [1, 12], "uv_size": [1, 1]},
								"south": {"uv": [12, 1], "uv_size": [1, 1]},
								"up": {"uv": [2, 12], "uv_size": [1, 1]},
								"down": {"uv": [12, 3], "uv_size": [1, -1]}
							}
						},
						{
							"origin": [-0.13427, 0.47499, -3.07812],
							"size": [0.26854, 0.2, 0.4375],
							"pivot": [0, 0, -3.14062],
							"rotation": [0, 0, -45],
							"uv": {
								"north": {"uv": [3, 12], "uv_size": [1, 1]},
								"south": {"uv": [12, 3], "uv_size": [1, 1]},
								"up": {"uv": [4, 12], "uv_size": [1, 1]},
								"down": {"uv": [12, 5], "uv_size": [1, -1]}
							}
						},
						{
							"origin": [-0.13427, 0.47499, -3.07812],
							"size": [0.26854, 0.2, 0.4375],
							"pivot": [0, 0, -3.14062],
							"rotation": [0, 0, -22.5],
							"uv": {
								"north": {"uv": [5, 12], "uv_size": [1, 1]},
								"south": {"uv": [12, 5], "uv_size": [1, 1]},
								"up": {"uv": [6, 12], "uv_size": [1, 1]},
								"down": {"uv": [12, 7], "uv_size": [1, -1]}
							}
						},
						{
							"origin": [-0.13427, 0.47499, -3.07812],
							"size": [0.26854, 0.2, 0.4375],
							"pivot": [0, 0, -3.14062],
							"rotation": [0, 0, 22.5],
							"uv": {
								"north": {"uv": [7, 12], "uv_size": [1, 1]},
								"south": {"uv": [12, 7], "uv_size": [1, 1]},
								"up": {"uv": [8, 12], "uv_size": [1, 1]},
								"down": {"uv": [12, 9], "uv_size": [1, -1]}
							}
						},
						{
							"origin": [-0.13427, 0.47499, -3.07812],
							"size": [0.26854, 0.2, 0.4375],
							"pivot": [0, 0, -3.14062],
							"rotation": [0, 0, 45],
							"uv": {
								"north": {"uv": [9, 12], "uv_size": [1, 1]},
								"south": {"uv": [12, 9], "uv_size": [1, 1]},
								"up": {"uv": [10, 12], "uv_size": [1, 1]},
								"down": {"uv": [12, 11], "uv_size": [1, -1]}
							}
						},
						{
							"origin": [0.475, -0.13426, -3.07812],
							"size": [0.2, 0.26853, 0.4375],
							"uv": {
								"north": {"uv": [11, 12], "uv_size": [1, 1]},
								"east": {"uv": [12, 11], "uv_size": [1, 1]},
								"south": {"uv": [12, 12], "uv_size": [1, 1]},
								"west": {"uv": [0, 13], "uv_size": [1, 1]}
							}
						},
						{
							"origin": [0.475, -0.13426, -3.07812],
							"size": [0.2, 0.26853, 0.4375],
							"pivot": [0, 0, -3.14062],
							"rotation": [0, 0, 22.5],
							"uv": {
								"north": {"uv": [13, 0], "uv_size": [1, 1]},
								"east": {"uv": [1, 13], "uv_size": [1, 1]},
								"south": {"uv": [13, 1], "uv_size": [1, 1]},
								"west": {"uv": [2, 13], "uv_size": [1, 1]}
							}
						},
						{
							"origin": [-0.675, -0.13426, -3.07812],
							"size": [0.2, 0.26853, 0.4375],
							"pivot": [0, 0, -3.14062],
							"rotation": [0, 0, -22.5],
							"uv": {
								"north": {"uv": [13, 2], "uv_size": [1, 1]},
								"east": {"uv": [3, 13], "uv_size": [1, 1]},
								"south": {"uv": [13, 3], "uv_size": [1, 1]},
								"west": {"uv": [4, 13], "uv_size": [1, 1]}
							}
						},
						{
							"origin": [-0.675, -0.13426, -3.07812],
							"size": [0.2, 0.26853, 0.4375],
							"uv": {
								"north": {"uv": [13, 4], "uv_size": [1, 1]},
								"east": {"uv": [5, 13], "uv_size": [1, 1]},
								"south": {"uv": [13, 5], "uv_size": [1, 1]},
								"west": {"uv": [6, 13], "uv_size": [1, 1]}
							}
						}
					]
				}
			]
		}
	]
}