{
	"format_version": "1.12.0",
	"minecraft:geometry": [
		{
			"description": {
				"identifier": "geometry.unknown",
				"texture_width": 32,
				"texture_height": 32,
				"visible_bounds_width": 12,
				"visible_bounds_height": 9,
				"visible_bounds_offset": [0, 0.5, 0]
			},
			"bones": [
				{
					"name": "scope_body",
					"pivot": [0.15261, 0.95128, -1.31116],
					"cubes": [
						{
							"origin": [-0.61719, -0.22657, -2.95312],
							"size": [1.23438, 0.17969, 2.78125],
							"uv": {
								"north": {"uv": [19, 1], "uv_size": [1, 0.5]},
								"east": {"uv": [15, 15], "uv_size": [3, 0.5]},
								"south": {"uv": [2, 19], "uv_size": [1, 0.5]},
								"west": {"uv": [16, 7], "uv_size": [3, 0.5]},
								"up": {"uv": [4, 9], "uv_size": [1, 3]},
								"down": {"uv": [5, 12], "uv_size": [1, -3]}
							}
						},
						{
							"origin": [-0.52344, 0.02343, -2.51562],
							"size": [1.04688, 0.27344, 1.92969],
							"uv": {
								"east": {"uv": [0, 17], "uv_size": [2, 0.5]},
								"west": {"uv": [17, 0], "uv_size": [2, 0.5]},
								"up": {"uv": [0, 11], "uv_size": [1, 2]},
								"down": {"uv": [1, 13], "uv_size": [1, -2]}
							}
						},
						{
							"origin": [-0.42969, 0.29688, -2.36719],
							"size": [0.85938, 0.13281, 1.63281],
							"uv": {
								"east": {"uv": [17, 8], "uv_size": [1.5, 0.5]},
								"south": {"uv": [3, 19], "uv_size": [1, 0.5]},
								"west": {"uv": [9, 17], "uv_size": [1.5, 0.5]},
								"up": {"uv": [3, 15], "uv_size": [1, 1.5]}
							}
						},
						{
							"origin": [-0.57812, -0.10157, -2.89844],
							"size": [1.15625, 0.39844, 0.41406],
							"uv": {
								"north": {"uv": [19, 3], "uv_size": [1, 0.5]},
								"east": {"uv": [12, 21], "uv_size": [0.5, 0.5]},
								"south": {"uv": [4, 19], "uv_size": [1, 0.5]},
								"west": {"uv": [21, 12], "uv_size": [0.5, 0.5]},
								"up": {"uv": [19, 4], "uv_size": [1, 0.5]}
							}
						},
						{
							"origin": [-0.57812, -0.10157, -0.58594],
							"size": [1.15625, 0.39844, 0.41406],
							"uv": {
								"north": {"uv": [5, 19], "uv_size": [1, 0.5]},
								"east": {"uv": [13, 21], "uv_size": [0.5, 0.5]},
								"south": {"uv": [6, 19], "uv_size": [1, 0.5]},
								"west": {"uv": [21, 13], "uv_size": [0.5, 0.5]},
								"up": {"uv": [19, 6], "uv_size": [1, 0.5]}
							}
						},
						{
							"origin": [-0.32031, 0.27343, -0.5625],
							"size": [0.64063, 0.28906, 0.36719],
							"uv": {
								"north": {"uv": [14, 21], "uv_size": [0.5, 0.5]},
								"east": {"uv": [21, 14], "uv_size": [0.5, 0.5]},
								"south": {"uv": [15, 21], "uv_size": [0.5, 0.5]},
								"west": {"uv": [21, 15], "uv_size": [0.5, 0.5]}
							}
						},
						{
							"origin": [-0.63281, 0.5625, -3.58594],
							"size": [1.32031, 1.63281, 3.21094],
							"uv": {
								"north": {"uv": [6, 10], "uv_size": [1.5, 1.5]},
								"west": {"uv": [3, 7], "uv_size": [3, 1.5]},
								"up": {"uv": [6, 7], "uv_size": [1.5, 3]},
								"down": {"uv": [8, 10], "uv_size": [1.5, -3]}
							}
						},
						{
							"origin": [-0.63281, 0.5625, -0.42969],
							"size": [1.32031, 1.63281, 0.89063],
							"uv": {
								"south": {"uv": [10, 7], "uv_size": [1.5, 1.5]},
								"up": {"uv": [9, 16], "uv_size": [1.5, 1]},
								"down": {"uv": [16, 11], "uv_size": [1.5, -1]}
							}
						},
						{
							"origin": [0.6214, 0.62622, -3.58594],
							"size": [0.19531, 0.20313, 4.04688],
							"pivot": [0.71906, 0.66137, -1.5625],
							"rotation": [0, 0, -52.5],
							"uv": {
								"north": {"uv": [16, 21], "uv_size": [0.5, 0.5]},
								"down": {"uv": [3, 15], "uv_size": [0.5, -4]}
							}
						},
						{
							"origin": [0.00622, 0.35024, -2.875],
							"size": [0.74219, 0.29688, 0.51563],
							"pivot": [0.432, 0.45181, -1.5625],
							"rotation": [0, 0, -50],
							"uv": {
								"north": {"uv": [17, 21], "uv_size": [0.5, 0.5]},
								"up": {"uv": [19, 21], "uv_size": [0.5, 0.5]},
								"down": {"uv": [21, 19.5], "uv_size": [0.5, -0.5]}
							}
						},
						{
							"origin": [-0.67809, 0.35024, -2.875],
							"size": [0.69531, 0.29688, 0.51563],
							"pivot": [-0.40856, 0.45181, -1.5625],
							"rotation": [0, 0, 50],
							"uv": {
								"north": {"uv": [20, 21], "uv_size": [0.5, 0.5]},
								"south": {"uv": [21, 21], "uv_size": [0.5, 0.5]},
								"down": {"uv": [1, 22.5], "uv_size": [0.5, -0.5]}
							}
						},
						{
							"origin": [-0.47656, 0.72657, -3.58594],
							"size": [1.28125, 1.07031, 1.17188],
							"uv": {
								"north": {"uv": [11, 16], "uv_size": [1.5, 1]},
								"west": {"uv": [17, 1], "uv_size": [1, 1]}
							}
						},
						{
							"origin": [0.57554, 1.03907, -2.47013],
							"size": [0.09375, 0.75781, 0.60938],
							"pivot": [0.62242, 1.26172, -2.16545],
							"rotation": [0, -27.5, 0],
							"uv": {
								"west": {"uv": [19, 8], "uv_size": [0.5, 1]}
							}
						},
						{
							"origin": [0.57554, 1.3256, -2.49609],
							"size": [0.09375, 2.14063, 0.60938],
							"pivot": [0.62242, 1.54825, -2.19141],
							"rotation": [-90, 0, 27.5],
							"uv": {
								"west": {"uv": [4, 17], "uv_size": [0.5, 2]}
							}
						},
						{
							"origin": [0.57554, -0.5756, -2.49609],
							"size": [0.09375, 2.14063, 0.60938],
							"pivot": [0.62242, 1.34236, -2.19141],
							"rotation": [90, 0, -27.5],
							"uv": {
								"west": {"uv": [6, 17], "uv_size": [0.5, 2]}
							}
						},
						{
							"origin": [0.44568, 1.03907, -0.85347],
							"size": [0.09375, 0.75781, 0.67188],
							"pivot": [0.49255, 1.26172, -0.76754],
							"rotation": [0, 27.5, 0],
							"uv": {
								"west": {"uv": [11, 19], "uv_size": [0.5, 1]}
							}
						},
						{
							"origin": [-0.63281, 0.73438, -0.27344],
							"size": [1.4375, 1.33594, 0.73438],
							"uv": {
								"west": {"uv": [11, 17], "uv_size": [0.5, 1.5]}
							}
						},
						{
							"origin": [-0.39844, 0.375, 0],
							"size": [1.20313, 0.1875, 0.57813],
							"uv": {
								"north": {"uv": [19, 11], "uv_size": [1, 0.5]},
								"east": {"uv": [22, 4], "uv_size": [0.5, 0.5]},
								"south": {"uv": [12, 19], "uv_size": [1, 0.5]},
								"west": {"uv": [5, 22], "uv_size": [0.5, 0.5]},
								"down": {"uv": [19, 13.5], "uv_size": [1, -0.5]}
							}
						},
						{
							"origin": [-0.46916, 0.47006, 0],
							"size": [0.24219, 0.08594, 0.57813],
							"pivot": [-0.39104, 0.56381, 0.28906],
							"rotation": [0, 0, 62.5],
							"uv": {
								"north": {"uv": [22, 5], "uv_size": [0.5, 0.5]},
								"south": {"uv": [6, 22], "uv_size": [0.5, 0.5]}
							}
						},
						{
							"origin": [0.58594, 0.5625, 0],
							"size": [0.21875, 1.50781, 0.57813],
							"uv": {
								"north": {"uv": [12, 17], "uv_size": [0.5, 1.5]},
								"west": {"uv": [15, 17], "uv_size": [0.5, 1.5]},
								"up": {"uv": [22, 6], "uv_size": [0.5, 0.5]}
							}
						},
						{
							"origin": [0.44531, 1.79688, -3.58594],
							"size": [0.35938, 0.27344, 3.3125],
							"uv": {
								"north": {"uv": [7, 22], "uv_size": [0.5, 0.5]},
								"west": {"uv": [13, 13], "uv_size": [3.5, 0.5]}
							}
						},
						{
							"origin": [0.44531, 0.82032, -2.45312],
							"size": [0.35938, 0.27344, 2.17969],
							"uv": {
								"west": {"uv": [17, 6], "uv_size": [2, 0.5]},
								"up": {"uv": [7, 17], "uv_size": [0.5, 2]}
							}
						},
						{
							"origin": [0.68486, 2.02242, -3.58594],
							"size": [0.10938, 0.17188, 4.04688],
							"pivot": [0.73955, 2.05757, -1.19531],
							"rotation": [0, 0, -42.5],
							"uv": {
								"north": {"uv": [22, 7], "uv_size": [0.5, 0.5]},
								"south": {"uv": [8, 22], "uv_size": [0.5, 0.5]},
								"west": {"uv": [12, 7], "uv_size": [4, 0.5]},
								"up": {"uv": [8, 12], "uv_size": [0.5, 4]}
							}
						},
						{
							"origin": [-0.85937, 0.89063, -3.58594],
							"size": [0.35938, 0.55469, 4.04688],
							"uv": {
								"north": {"uv": [22, 8], "uv_size": [0.5, 0.5]},
								"east": {"uv": [12, 8], "uv_size": [4, 0.5]},
								"south": {"uv": [9, 22], "uv_size": [0.5, 0.5]}
							}
						},
						{
							"origin": [-0.70525, 1.4077, -3.58594],
							"size": [0.25, 0.78125, 4.04688],
							"pivot": [-0.65056, 1.96628, -1.5625],
							"rotation": [0, 0, 16.25],
							"uv": {
								"north": {"uv": [19, 14], "uv_size": [0.5, 1]},
								"east": {"uv": [0, 9], "uv_size": [4, 1]},
								"south": {"uv": [15, 19], "uv_size": [0.5, 1]}
							}
						},
						{
							"origin": [-0.7741, 0.59389, -3.58594],
							"size": [0.25, 0.39844, 3.57813],
							"pivot": [-0.6491, 0.80092, -1.5625],
							"rotation": [0, 0, -33.75],
							"uv": {
								"north": {"uv": [22, 9], "uv_size": [0.5, 0.5]},
								"east": {"uv": [14, 11], "uv_size": [3.5, 0.5]},
								"south": {"uv": [10, 22], "uv_size": [0.5, 0.5]}
							}
						},
						{
							"origin": [-0.27734, -0.1289, 0],
							"size": [0.21875, 1.07813, 0.45313],
							"pivot": [-0.16797, 0.625, 0.35157],
							"rotation": [0, 0, -90],
							"uv": {
								"north": {"uv": [4, 20], "uv_size": [0.5, 1]},
								"east": {"uv": [20, 4], "uv_size": [0.5, 1]},
								"south": {"uv": [5, 20], "uv_size": [0.5, 1]},
								"up": {"uv": [22, 16], "uv_size": [0.5, 0.5]}
							}
						},
						{
							"origin": [-0.88281, 0.88282, 0],
							"size": [0.21875, 0.78125, 0.46875],
							"uv": {
								"north": {"uv": [6, 20], "uv_size": [0.5, 1]},
								"east": {"uv": [20.13856, 6], "uv_size": [0.36144, 1]}
							}
						}
					]
				},
				{
					"name": "bone8",
					"parent": "scope_body",
					"pivot": [-0.1875, 1.00782, -2.0625],
					"cubes": [
						{
							"origin": [0.8125, 1.00782, -3.0625],
							"size": [0, 1.0625, 0.52344],
							"uv": {
								"west": {"uv": [16, 19], "uv_size": [0.5, 1]}
							}
						},
						{
							"origin": [0.74219, 0.54688, -3.0625],
							"size": [0, 0.1875, 0.52344],
							"pivot": [0.74219, 0.625, -2.80078],
							"rotation": [0, 0, 37.75],
							"uv": {
								"west": {"uv": [22, 10], "uv_size": [0.5, 0.5]}
							}
						},
						{
							"origin": [0.02313, 1.53383, -3.0625],
							"size": [0, 1.33594, 0.52344],
							"pivot": [0.02313, 2.2018, -2.80078],
							"rotation": [-180, 0, -90],
							"uv": {
								"west": {"uv": [16, 17], "uv_size": [0.5, 1.5]}
							}
						},
						{
							"origin": [-0.75427, 1.42921, -3.0625],
							"size": [0, 0.78906, 0.52344],
							"pivot": [-0.75427, 1.82374, -2.80078],
							"rotation": [0, 180, 16.25],
							"uv": {
								"west": {"uv": [17, 19], "uv_size": [0.5, 1]}
							}
						},
						{
							"origin": [-0.86464, 0.89057, -3.0625],
							"size": [0, 0.55469, 0.52344],
							"pivot": [-0.86464, 1.16791, -2.80078],
							"rotation": [0, 180, 0],
							"uv": {
								"west": {"uv": [11, 22], "uv_size": [0.5, 0.5]}
							}
						},
						{
							"origin": [-0.75413, 0.52626, -3.0625],
							"size": [0, 0.39844, 0.52344],
							"pivot": [-0.75413, 0.72548, -2.80078],
							"rotation": [0, 180, -33.75],
							"uv": {
								"west": {"uv": [22, 11], "uv_size": [0.5, 0.5]}
							}
						},
						{
							"origin": [0.45359, 1.93075, -3.0625],
							"size": [0, 0.17969, 0.52344],
							"pivot": [0.45359, 2.462, -2.80078],
							"rotation": [0, 0, -42.5],
							"uv": {
								"west": {"uv": [12, 22], "uv_size": [0.5, 0.5]}
							}
						}
					]
				},
				{
					"name": "hexadecagon",
					"parent": "scope_body",
					"pivot": [0.75781, -6.13281, 0.10156],
					"cubes": [
						{
							"origin": [0.72798, 0.71719, -3.58594],
							"size": [0.05967, 0.3, 4.1875],
							"pivot": [0.75781, 0.86718, 0.10156],
							"rotation": [0, 0, -45],
							"uv": {
								"north": {"uv": [23, 7], "uv_size": [0.5, 0.5]},
								"south": {"uv": [8, 23], "uv_size": [0.5, 0.5]},
								"down": {"uv": [1, 17], "uv_size": [0.5, -4]}
							}
						},
						{
							"origin": [0.72798, 0.71719, -3.58594],
							"size": [0.05967, 0.3, 4.1875],
							"pivot": [0.75781, 0.86718, 0.10156],
							"rotation": [0, 0, -22.5],
							"uv": {
								"north": {"uv": [23, 8], "uv_size": [0.5, 0.5]},
								"south": {"uv": [9, 23], "uv_size": [0.5, 0.5]},
								"down": {"uv": [4, 17], "uv_size": [0.5, -4]}
							}
						},
						{
							"origin": [0.72798, 0.71719, -3.58594],
							"size": [0.05967, 0.3, 4.1875],
							"pivot": [0.75781, 0.86718, 0.10156],
							"rotation": [0, 0, 22.5],
							"uv": {
								"north": {"uv": [23, 9], "uv_size": [0.5, 0.5]},
								"south": {"uv": [10, 23], "uv_size": [0.5, 0.5]},
								"up": {"uv": [5, 13], "uv_size": [0.5, 4]},
								"down": {"uv": [6, 17], "uv_size": [0.5, -4]}
							}
						},
						{
							"origin": [0.72798, 0.71719, -3.58594],
							"size": [0.05967, 0.3, 4.1875],
							"pivot": [0.75781, 0.86718, 0.10156],
							"rotation": [0, 0, 45],
							"uv": {
								"north": {"uv": [23, 10], "uv_size": [0.5, 0.5]},
								"south": {"uv": [11, 23], "uv_size": [0.5, 0.5]},
								"up": {"uv": [7, 13], "uv_size": [0.5, 4]}
							}
						},
						{
							"origin": [0.60781, 0.83736, -3.58594],
							"size": [0.3, 0.05967, 4.1875],
							"pivot": [0.75781, 0.86718, 0.10156],
							"rotation": [0, 0, -22.5],
							"uv": {
								"north": {"uv": [23, 11], "uv_size": [0.5, 0.5]},
								"south": {"uv": [12, 23], "uv_size": [0.5, 0.5]},
								"west": {"uv": [12, 9], "uv_size": [4, 0.5]}
							}
						},
						{
							"origin": [0.60781, 0.83736, -3.58594],
							"size": [0.3, 0.05967, 4.1875],
							"uv": {
								"north": {"uv": [23, 12], "uv_size": [0.5, 0.5]},
								"south": {"uv": [13, 23], "uv_size": [0.5, 0.5]},
								"west": {"uv": [12, 10], "uv_size": [4, 0.5]}
							}
						},
						{
							"origin": [0.60781, 0.83736, -3.58594],
							"size": [0.3, 0.05967, 4.1875],
							"pivot": [0.75781, 0.86718, 0.10156],
							"rotation": [0, 0, 22.5],
							"uv": {
								"north": {"uv": [23, 13], "uv_size": [0.5, 0.5]},
								"south": {"uv": [14, 23], "uv_size": [0.5, 0.5]},
								"west": {"uv": [13, 12], "uv_size": [4, 0.5]}
							}
						}
					]
				},
				{
					"name": "hexadecagon18",
					"parent": "scope_body",
					"pivot": [0.3125, -6.70312, 0]
				},
				{
					"name": "hexadecagon17",
					"parent": "scope_body",
					"pivot": [-0.01562, -6.61718, 1.24219],
					"cubes": [
						{
							"origin": [-0.17475, 0.58282, -4.14062],
							"size": [0.31826, 1.6, 0.88281],
							"pivot": [-0.01562, 1.38282, -3.75781],
							"rotation": [0, 0, -45],
							"uv": {
								"north": {"uv": [18, 1], "uv_size": [0.5, 1.5]},
								"up": {"uv": [8, 20], "uv_size": [0.5, 1]},
								"down": {"uv": [20, 9], "uv_size": [0.5, -1]}
							}
						},
						{
							"origin": [-0.17475, 0.58282, -4.14062],
							"size": [0.31826, 1.6, 0.88281],
							"pivot": [-0.01562, 1.38282, -3.75781],
							"rotation": [0, 0, -22.5],
							"uv": {
								"north": {"uv": [8, 18], "uv_size": [0.5, 1.5]},
								"up": {"uv": [9, 20], "uv_size": [0.5, 1]},
								"down": {"uv": [20, 10], "uv_size": [0.5, -1]}
							}
						},
						{
							"origin": [-0.17475, 0.58282, -4.14062],
							"size": [0.31826, 1.6, 0.88281],
							"uv": {
								"north": {"uv": [10, 18], "uv_size": [0.5, 1.5]},
								"up": {"uv": [10, 20], "uv_size": [0.5, 1]},
								"down": {"uv": [20, 11], "uv_size": [0.5, -1]}
							}
						},
						{
							"origin": [-0.17475, 0.58282, -4.14062],
							"size": [0.31826, 1.6, 0.88281],
							"pivot": [-0.01562, 1.38282, -3.75781],
							"rotation": [0, 0, 22.5],
							"uv": {
								"north": {"uv": [18, 10], "uv_size": [0.5, 1.5]},
								"up": {"uv": [11, 20], "uv_size": [0.5, 1]},
								"down": {"uv": [20, 12], "uv_size": [0.5, -1]}
							}
						},
						{
							"origin": [-0.17475, 0.58282, -4.14062],
							"size": [0.31826, 1.6, 0.88281],
							"pivot": [-0.01562, 1.38282, -3.75781],
							"rotation": [0, 0, 45],
							"uv": {
								"north": {"uv": [13, 18], "uv_size": [0.5, 1.5]},
								"up": {"uv": [12, 20], "uv_size": [0.5, 1]},
								"down": {"uv": [20, 13], "uv_size": [0.5, -1]}
							}
						},
						{
							"origin": [-0.81562, 1.22368, -4.14062],
							"size": [1.6, 0.31826, 0.88281],
							"pivot": [-0.01562, 1.38282, -3.75781],
							"rotation": [0, 0, -22.5],
							"uv": {
								"north": {"uv": [18, 5], "uv_size": [1.5, 0.5]},
								"east": {"uv": [13, 20], "uv_size": [1, 0.5]},
								"west": {"uv": [20, 13], "uv_size": [1, 0.5]}
							}
						},
						{
							"origin": [-0.81562, 1.22368, -4.14062],
							"size": [1.6, 0.31826, 0.88281],
							"uv": {
								"north": {"uv": [18, 16], "uv_size": [1.5, 0.5]},
								"east": {"uv": [14, 20], "uv_size": [1, 0.5]},
								"west": {"uv": [20, 14], "uv_size": [1, 0.5]}
							}
						},
						{
							"origin": [-0.81562, 1.22368, -4.14062],
							"size": [1.6, 0.31826, 0.88281],
							"pivot": [-0.01562, 1.38282, -3.75781],
							"rotation": [0, 0, 22.5],
							"uv": {
								"north": {"uv": [18, 17], "uv_size": [1.5, 0.5]},
								"east": {"uv": [15, 20], "uv_size": [1, 0.5]},
								"west": {"uv": [20, 15], "uv_size": [1, 0.5]}
							}
						}
					]
				},
				{
					"name": "hexadecagon16",
					"parent": "scope_body",
					"pivot": [-0.01562, -6.61718, 0.79688],
					"cubes": [
						{
							"origin": [-0.1847, 0.53281, -4.49219],
							"size": [0.33815, 0.2, 0.78906],
							"pivot": [-0.01562, 1.38282, -4.20312],
							"rotation": [0, 0, -45],
							"uv": {
								"north": {"uv": [23, 14], "uv_size": [0.5, 0.5]},
								"south": {"uv": [15, 23], "uv_size": [0.5, 0.5]},
								"up": {"uv": [16, 20], "uv_size": [0.5, 1]},
								"down": {"uv": [20, 17], "uv_size": [0.5, -1]}
							}
						},
						{
							"origin": [-0.1847, 0.53281, -4.49219],
							"size": [0.33815, 0.2, 0.78906],
							"pivot": [-0.01562, 1.38282, -4.20312],
							"rotation": [0, 0, -22.5],
							"uv": {
								"north": {"uv": [23, 15], "uv_size": [0.5, 0.5]},
								"south": {"uv": [16, 23], "uv_size": [0.5, 0.5]},
								"up": {"uv": [17, 20], "uv_size": [0.5, 1]},
								"down": {"uv": [20, 18], "uv_size": [0.5, -1]}
							}
						},
						{
							"origin": [-0.1847, 0.53281, -4.49219],
							"size": [0.33815, 0.2, 0.78906],
							"uv": {
								"north": {"uv": [23, 16], "uv_size": [0.5, 0.5]},
								"south": {"uv": [17, 23], "uv_size": [0.5, 0.5]},
								"up": {"uv": [18, 20], "uv_size": [0.5, 1]},
								"down": {"uv": [20, 19], "uv_size": [0.5, -1]}
							}
						},
						{
							"origin": [-0.1847, 0.53281, -4.49219],
							"size": [0.33815, 0.2, 0.78906],
							"pivot": [-0.01562, 1.38282, -4.20312],
							"rotation": [0, 0, 22.5],
							"uv": {
								"north": {"uv": [23, 17], "uv_size": [0.5, 0.5]},
								"south": {"uv": [18, 23], "uv_size": [0.5, 0.5]},
								"up": {"uv": [19, 20], "uv_size": [0.5, 1]},
								"down": {"uv": [20, 20], "uv_size": [0.5, -1]}
							}
						},
						{
							"origin": [-0.1847, 0.53281, -4.49219],
							"size": [0.33815, 0.2, 0.78906],
							"pivot": [-0.01562, 1.38282, -4.20312],
							"rotation": [0, 0, 45],
							"uv": {
								"north": {"uv": [23, 18], "uv_size": [0.5, 0.5]},
								"south": {"uv": [19, 23], "uv_size": [0.5, 0.5]},
								"up": {"uv": [20, 20], "uv_size": [0.5, 1]},
								"down": {"uv": [0, 22], "uv_size": [0.5, -1]}
							}
						},
						{
							"origin": [-0.1847, 2.03281, -4.49219],
							"size": [0.33815, 0.2, 0.78906],
							"pivot": [-0.01562, 1.38282, -4.20312],
							"rotation": [0, 0, -45],
							"uv": {
								"north": {"uv": [23, 19], "uv_size": [0.5, 0.5]},
								"south": {"uv": [20, 23], "uv_size": [0.5, 0.5]},
								"up": {"uv": [21, 0], "uv_size": [0.5, 1]},
								"down": {"uv": [1, 22], "uv_size": [0.5, -1]}
							}
						},
						{
							"origin": [-0.1847, 2.03281, -4.49219],
							"size": [0.33815, 0.2, 0.78906],
							"pivot": [-0.01562, 1.38282, -4.20312],
							"rotation": [0, 0, -22.5],
							"uv": {
								"north": {"uv": [23, 20], "uv_size": [0.5, 0.5]},
								"south": {"uv": [21, 23], "uv_size": [0.5, 0.5]},
								"up": {"uv": [21, 1], "uv_size": [0.5, 1]},
								"down": {"uv": [2, 22], "uv_size": [0.5, -1]}
							}
						},
						{
							"origin": [-0.1847, 2.03281, -4.49219],
							"size": [0.33815, 0.2, 0.78906],
							"uv": {
								"north": {"uv": [23, 21], "uv_size": [0.5, 0.5]},
								"south": {"uv": [22, 23], "uv_size": [0.5, 0.5]},
								"up": {"uv": [21, 2], "uv_size": [0.5, 1]},
								"down": {"uv": [3, 22], "uv_size": [0.5, -1]}
							}
						},
						{
							"origin": [-0.1847, 2.03281, -4.49219],
							"size": [0.33815, 0.2, 0.78906],
							"pivot": [-0.01562, 1.38282, -4.20312],
							"rotation": [0, 0, 22.5],
							"uv": {
								"north": {"uv": [23, 22], "uv_size": [0.5, 0.5]},
								"south": {"uv": [23, 23], "uv_size": [0.5, 0.5]},
								"up": {"uv": [21, 3], "uv_size": [0.5, 1]},
								"down": {"uv": [4, 22], "uv_size": [0.5, -1]}
							}
						},
						{
							"origin": [-0.1847, 2.03281, -4.49219],
							"size": [0.33815, 0.2, 0.78906],
							"pivot": [-0.01562, 1.38282, -4.20312],
							"rotation": [0, 0, 45],
							"uv": {
								"north": {"uv": [0, 24], "uv_size": [0.5, 0.5]},
								"south": {"uv": [24, 0], "uv_size": [0.5, 0.5]},
								"up": {"uv": [21, 4], "uv_size": [0.5, 1]},
								"down": {"uv": [5, 22], "uv_size": [0.5, -1]}
							}
						},
						{
							"origin": [0.63437, 1.21373, -4.49219],
							"size": [0.2, 0.33815, 0.78906],
							"pivot": [-0.01562, 1.38282, -4.20312],
							"rotation": [0, 0, -22.5],
							"uv": {
								"north": {"uv": [1, 24], "uv_size": [0.5, 0.5]},
								"east": {"uv": [21, 5], "uv_size": [1, 0.5]},
								"south": {"uv": [24, 1], "uv_size": [0.5, 0.5]},
								"west": {"uv": [6, 21], "uv_size": [1, 0.5]}
							}
						},
						{
							"origin": [0.63437, 1.21373, -4.49219],
							"size": [0.2, 0.33815, 0.78906],
							"uv": {
								"north": {"uv": [2, 24], "uv_size": [0.5, 0.5]},
								"east": {"uv": [21, 6], "uv_size": [1, 0.5]},
								"south": {"uv": [24, 2], "uv_size": [0.5, 0.5]},
								"west": {"uv": [7, 21], "uv_size": [1, 0.5]}
							}
						},
						{
							"origin": [0.63437, 1.21373, -4.49219],
							"size": [0.2, 0.33815, 0.78906],
							"pivot": [-0.01562, 1.38282, -4.20312],
							"rotation": [0, 0, 22.5],
							"uv": {
								"north": {"uv": [3, 24], "uv_size": [0.5, 0.5]},
								"east": {"uv": [21, 7], "uv_size": [1, 0.5]},
								"south": {"uv": [24, 3], "uv_size": [0.5, 0.5]},
								"west": {"uv": [8, 21], "uv_size": [1, 0.5]}
							}
						},
						{
							"origin": [-0.86563, 1.21373, -4.49219],
							"size": [0.2, 0.33815, 0.78906],
							"pivot": [-0.01562, 1.38282, -4.20312],
							"rotation": [0, 0, -22.5],
							"uv": {
								"north": {"uv": [4, 24], "uv_size": [0.5, 0.5]},
								"east": {"uv": [21, 8], "uv_size": [1, 0.5]},
								"south": {"uv": [24, 4], "uv_size": [0.5, 0.5]},
								"west": {"uv": [9, 21], "uv_size": [1, 0.5]}
							}
						},
						{
							"origin": [-0.86563, 1.21373, -4.49219],
							"size": [0.2, 0.33815, 0.78906],
							"uv": {
								"north": {"uv": [5, 24], "uv_size": [0.5, 0.5]},
								"east": {"uv": [21, 9], "uv_size": [1, 0.5]},
								"south": {"uv": [24, 5], "uv_size": [0.5, 0.5]},
								"west": {"uv": [10, 21], "uv_size": [1, 0.5]}
							}
						},
						{
							"origin": [-0.86563, 1.21373, -4.49219],
							"size": [0.2, 0.33815, 0.78906],
							"pivot": [-0.01562, 1.38282, -4.20312],
							"rotation": [0, 0, 22.5],
							"uv": {
								"north": {"uv": [6, 24], "uv_size": [0.5, 0.5]},
								"east": {"uv": [21, 10], "uv_size": [1, 0.5]},
								"south": {"uv": [24, 6], "uv_size": [0.5, 0.5]},
								"west": {"uv": [11, 21], "uv_size": [1, 0.5]}
							}
						}
					]
				},
				{
					"name": "ocular",
					"pivot": [-0.03515, 1.29688, 0.47656],
					"cubes": [
						{
							"origin": [-0.67187, 0.66406, 0.47656],
							"size": [1.27344, 1.26563, 0],
							"uv": {
								"south": {"uv": [10, 9], "uv_size": [1.5, 1.5]}
							}
						}
					]
				},
				{
					"name": "ocular_ring",
					"pivot": [-0.2115, 1.21955, 0.37332],
					"cubes": [
						{
							"origin": [-0.20594, 0.45011, 0.07544],
							"size": [0.33375, 0.1974, 0.38818],
							"pivot": [-0.03906, 1.28907, 0.04825],
							"rotation": [0, 0, -45],
							"uv": {
								"south": {"uv": [15, 23], "uv_size": [0.5, 0.5]},
								"up": {"uv": [16, 20], "uv_size": [0.5, 1]},
								"down": {"uv": [20, 17], "uv_size": [0.5, -1]}
							}
						},
						{
							"origin": [-0.20594, 0.45011, 0.07544],
							"size": [0.33375, 0.1974, 0.38818],
							"pivot": [-0.03906, 1.28907, 0.04825],
							"rotation": [0, 0, -22.5],
							"uv": {
								"south": {"uv": [16, 23], "uv_size": [0.5, 0.5]},
								"up": {"uv": [17, 20], "uv_size": [0.5, 1]},
								"down": {"uv": [20, 18], "uv_size": [0.5, -1]}
							}
						},
						{
							"origin": [-0.20594, 0.45011, 0.07544],
							"size": [0.33375, 0.1974, 0.38818],
							"uv": {
								"south": {"uv": [17, 23], "uv_size": [0.5, 0.5]},
								"up": {"uv": [18, 20], "uv_size": [0.5, 1]},
								"down": {"uv": [20, 19], "uv_size": [0.5, -1]}
							}
						},
						{
							"origin": [-0.20594, 0.45011, 0.07544],
							"size": [0.33375, 0.1974, 0.38818],
							"pivot": [-0.03906, 1.28907, 0.04825],
							"rotation": [0, 0, 22.5],
							"uv": {
								"south": {"uv": [18, 23], "uv_size": [0.5, 0.5]},
								"up": {"uv": [19, 20], "uv_size": [0.5, 1]},
								"down": {"uv": [20, 20], "uv_size": [0.5, -1]}
							}
						},
						{
							"origin": [-0.20594, 0.45011, 0.07544],
							"size": [0.33375, 0.1974, 0.38818],
							"pivot": [-0.03906, 1.28907, 0.04825],
							"rotation": [0, 0, 45],
							"uv": {
								"south": {"uv": [19, 23], "uv_size": [0.5, 0.5]},
								"up": {"uv": [20, 20], "uv_size": [0.5, 1]}
							}
						},
						{
							"origin": [-0.20594, 1.93061, 0.07544],
							"size": [0.33375, 0.1974, 0.38818],
							"pivot": [-0.03906, 1.28907, 0.04825],
							"rotation": [0, 0, -45],
							"uv": {
								"south": {"uv": [20, 23], "uv_size": [0.5, 0.5]},
								"down": {"uv": [1, 22], "uv_size": [0.5, -1]}
							}
						},
						{
							"origin": [-0.20594, 1.93061, 0.07544],
							"size": [0.33375, 0.1974, 0.38818],
							"pivot": [-0.03906, 1.28907, 0.04825],
							"rotation": [0, 0, -22.5],
							"uv": {
								"south": {"uv": [21, 23], "uv_size": [0.5, 0.5]},
								"up": {"uv": [21, 1], "uv_size": [0.5, 1]},
								"down": {"uv": [2, 22], "uv_size": [0.5, -1]}
							}
						},
						{
							"origin": [-0.20594, 1.93061, 0.07544],
							"size": [0.33375, 0.1974, 0.38818],
							"uv": {
								"up": {"uv": [21, 2], "uv_size": [0.5, 1]},
								"down": {"uv": [3, 22], "uv_size": [0.5, -1]}
							}
						},
						{
							"origin": [-0.20594, 1.93061, 0.07544],
							"size": [0.33375, 0.1974, 0.38818],
							"pivot": [-0.03906, 1.28907, 0.04825],
							"rotation": [0, 0, 22.5],
							"uv": {
								"south": {"uv": [23, 23], "uv_size": [0.5, 0.5]},
								"up": {"uv": [21, 3], "uv_size": [0.5, 1]},
								"down": {"uv": [4, 22], "uv_size": [0.5, -1]}
							}
						},
						{
							"origin": [-0.20594, 1.93061, 0.07544],
							"size": [0.33375, 0.27553, 0.38818],
							"pivot": [-0.03906, 1.28907, 0.04825],
							"rotation": [0, 0, 45],
							"uv": {
								"south": {"uv": [24, 0], "uv_size": [0.5, 0.5]},
								"up": {"uv": [21, 4], "uv_size": [0.5, 1]},
								"down": {"uv": [5, 22], "uv_size": [0.5, -1]}
							}
						},
						{
							"origin": [0.60248, 1.12218, 0.07544],
							"size": [0.1974, 0.33375, 0.38818],
							"pivot": [-0.03906, 1.28907, 0.04825],
							"rotation": [0, 0, -22.5],
							"uv": {
								"east": {"uv": [21, 5], "uv_size": [1, 0.5]},
								"south": {"uv": [24, 1], "uv_size": [0.5, 0.5]},
								"west": {"uv": [6, 21], "uv_size": [1, 0.5]}
							}
						},
						{
							"origin": [0.60248, 1.12218, 0.07544],
							"size": [0.1974, 0.33375, 0.38818],
							"uv": {
								"east": {"uv": [21, 6], "uv_size": [1, 0.5]},
								"south": {"uv": [24, 2], "uv_size": [0.5, 0.5]},
								"west": {"uv": [7, 21], "uv_size": [1, 0.5]}
							}
						},
						{
							"origin": [0.60248, 1.12218, 0.07544],
							"size": [0.1974, 0.33375, 0.38818],
							"pivot": [-0.03906, 1.28907, 0.04825],
							"rotation": [0, 0, 22.5],
							"uv": {
								"east": {"uv": [21, 7], "uv_size": [1, 0.5]},
								"south": {"uv": [24, 3], "uv_size": [0.5, 0.5]},
								"west": {"uv": [8, 21], "uv_size": [1, 0.5]}
							}
						},
						{
							"origin": [-0.87802, 1.12218, 0.07544],
							"size": [0.1974, 0.33375, 0.38818],
							"pivot": [-0.03906, 1.28907, 0.04825],
							"rotation": [0, 0, -22.5],
							"uv": {
								"east": {"uv": [21, 8], "uv_size": [1, 0.5]},
								"south": {"uv": [24, 4], "uv_size": [0.5, 0.5]},
								"west": {"uv": [9, 21], "uv_size": [1, 0.5]}
							}
						},
						{
							"origin": [-0.87802, 1.12218, 0.07544],
							"size": [0.1974, 0.33375, 0.38818],
							"uv": {
								"east": {"uv": [21, 9], "uv_size": [1, 0.5]},
								"south": {"uv": [24, 5], "uv_size": [0.5, 0.5]},
								"west": {"uv": [10, 21], "uv_size": [1, 0.5]}
							}
						},
						{
							"origin": [-0.87802, 1.12218, 0.07544],
							"size": [0.1974, 0.33375, 0.38818],
							"pivot": [-0.03906, 1.28907, 0.04825],
							"rotation": [0, 0, 22.5],
							"uv": {
								"east": {"uv": [21, 10], "uv_size": [1, 0.5]},
								"south": {"uv": [24, 6], "uv_size": [0.5, 0.5]},
								"west": {"uv": [11, 21], "uv_size": [1, 0.5]}
							}
						},
						{
							"origin": [-0.27734, 1.20703, 0.44531],
							"size": [0.21875, 1.07813, 0.20313],
							"pivot": [-0.16797, 1.96093, 0.54688],
							"rotation": [0, 0, -90],
							"uv": {
								"north": {"uv": [18, 19], "uv_size": [0.5, 1]},
								"east": {"uv": [19, 18], "uv_size": [0.5, 1]},
								"south": {"uv": [19, 19], "uv_size": [0.5, 1]},
								"west": {"uv": [0, 20], "uv_size": [0.5, 1]},
								"down": {"uv": [13, 22.5], "uv_size": [0.5, -0.5]}
							}
						},
						{
							"origin": [-0.49219, 1.967, 0.41948],
							"size": [1.17969, 0.16406, 0.22656],
							"pivot": [0.06641, 2.09591, 0.54448],
							"rotation": [-34.25, 0, 0],
							"uv": {
								"north": {"uv": [1, 20], "uv_size": [1, 0.5]},
								"east": {"uv": [22, 13], "uv_size": [0.5, 0.5]},
								"west": {"uv": [14, 22], "uv_size": [0.5, 0.5]},
								"up": {"uv": [20, 1], "uv_size": [1, 0.5]},
								"down": {"uv": [2, 20.5], "uv_size": [1, -0.5]}
							}
						},
						{
							"origin": [0.58594, 0.51563, 0.57813],
							"size": [0.21875, 1.55469, 0.07031],
							"uv": {
								"east": {"uv": [17, 16], "uv_size": [0.5, 1.5]},
								"south": {"uv": [0, 18], "uv_size": [0.5, 1.5]},
								"west": {"uv": [1, 18], "uv_size": [0.5, 1.5]},
								"up": {"uv": [22, 14], "uv_size": [0.5, 0.5]},
								"down": {"uv": [15, 22.5], "uv_size": [0.5, -0.5]}
							}
						},
						{
							"origin": [0.27399, 0.70858, 0.45313],
							"size": [0.51243, 0.22781, 0.19531],
							"pivot": [0.53021, 0.82639, 0.14844],
							"rotation": [0, 0, -53.5],
							"uv": {
								"north": {"uv": [22, 15], "uv_size": [0.5, 0.5]},
								"south": {"uv": [16, 22], "uv_size": [0.5, 0.5]},
								"west": {"uv": [20, 2], "uv_size": [1, 0.5]},
								"up": {"uv": [3, 20], "uv_size": [0.5, 1]},
								"down": {"uv": [20, 4], "uv_size": [0.5, -1]}
							}
						},
						{
							"origin": [-0.27734, -0.1289, 0.45313],
							"size": [0.21875, 1.07813, 0.19532],
							"pivot": [-0.16797, 0.625, 0.54688],
							"rotation": [0, 0, -90],
							"uv": {
								"north": {"uv": [4, 20], "uv_size": [0.5, 1]},
								"east": {"uv": [20, 4], "uv_size": [0.5, 1]},
								"south": {"uv": [5, 20], "uv_size": [0.5, 1]},
								"west": {"uv": [20, 5], "uv_size": [0.5, 1]},
								"down": {"uv": [17, 22.5], "uv_size": [0.5, -0.5]}
							}
						},
						{
							"origin": [-0.70146, 0.57067, 0],
							"size": [0.27025, 0.22, 0.64844],
							"pivot": [-0.58586, 0.68068, 0.14844],
							"rotation": [0, 0, 25],
							"uv": {
								"north": {"uv": [22, 17], "uv_size": [0.5, 0.5]},
								"south": {"uv": [22, 18], "uv_size": [0.5, 0.5]},
								"up": {"uv": [22, 19], "uv_size": [0.5, 0.5]},
								"down": {"uv": [20, 22.5], "uv_size": [0.5, -0.5]}
							}
						},
						{
							"origin": [-0.86488, 0.69388, 0],
							"size": [0.29368, 0.22, 0.64844],
							"pivot": [-0.71022, 0.80387, 0.14844],
							"rotation": [0, 0, 60],
							"uv": {
								"north": {"uv": [22, 20], "uv_size": [0.5, 0.5]},
								"east": {"uv": [21, 22], "uv_size": [0.5, 0.5]},
								"south": {"uv": [22, 21], "uv_size": [0.5, 0.5]},
								"up": {"uv": [0, 23], "uv_size": [0.5, 0.5]},
								"down": {"uv": [23, 0.5], "uv_size": [0.5, -0.5]}
							}
						},
						{
							"origin": [-0.88281, 0.88282, 0.46875],
							"size": [0.21875, 0.78125, 0.17969],
							"uv": {
								"east": {"uv": [20, 6], "uv_size": [0.13856, 1]},
								"south": {"uv": [7, 20], "uv_size": [0.5, 1]},
								"west": {"uv": [20.36144, 7], "uv_size": [0.13856, 1]}
							}
						},
						{
							"origin": [-0.84065, 1.5823, 0],
							"size": [0.26243, 0.22, 0.64844],
							"pivot": [-0.73287, 1.69229, 0.14844],
							"rotation": [0, 0, -56],
							"uv": {
								"north": {"uv": [2, 23], "uv_size": [0.5, 0.5]},
								"south": {"uv": [3, 23], "uv_size": [0.5, 0.5]},
								"up": {"uv": [4, 23], "uv_size": [0.5, 0.5]},
								"down": {"uv": [23, 4.5], "uv_size": [0.5, -0.5]}
							}
						},
						{
							"origin": [-0.70257, 1.7789, 0],
							"size": [0.30931, 0.22, 0.64844],
							"pivot": [-0.54792, 1.88889, 0.14844],
							"rotation": [0, 0, -37.5],
							"uv": {
								"south": {"uv": [6, 23], "uv_size": [0.5, 0.5]},
								"up": {"uv": [23, 6], "uv_size": [0.5, 0.5]},
								"down": {"uv": [7, 23.5], "uv_size": [0.5, -0.5]}
							}
						}
					]
				},
				{
					"name": "divisions",
					"pivot": [-0.07031, -0.46094, 44]
				},
				{
					"name": "division",
					"parent": "divisions",
					"pivot": [-0.07031, -0.46094, 44],
					"cubes": [
						{
							"origin": [8.02344, -9.08594, -55.75],
							"size": [0.0625, 0.5, 0],
							"pivot": [-0.07031, -8.83593, -55.75],
							"rotation": [0, 0, -90],
							"uv": {
								"south": {"uv": [21, 11], "uv_size": [0.5, 1]}
							}
						},
						{
							"origin": [7.39844, -9.33594, -55.75],
							"size": [0.0625, 1, 0],
							"pivot": [-0.07031, -8.83593, -55.75],
							"rotation": [0, 0, -90],
							"uv": {
								"south": {"uv": [21, 11], "uv_size": [0.5, 1]}
							}
						},
						{
							"origin": [6.77344, -9.08594, -55.75],
							"size": [0.0625, 0.5, 0],
							"pivot": [-0.07031, -8.83593, -55.75],
							"rotation": [0, 0, -90],
							"uv": {
								"south": {"uv": [21, 11], "uv_size": [0.5, 1]}
							}
						},
						{
							"origin": [6.14844, -9.33594, -55.75],
							"size": [0.0625, 1, 0],
							"pivot": [-0.07031, -8.83593, -55.75],
							"rotation": [0, 0, -90],
							"uv": {
								"south": {"uv": [21, 11], "uv_size": [0.5, 1]}
							}
						},
						{
							"origin": [4.89844, -9.33594, -55.75],
							"size": [0.0625, 1, 0],
							"pivot": [-0.07031, -8.83593, -55.75],
							"rotation": [0, 0, -90],
							"uv": {
								"south": {"uv": [21, 11], "uv_size": [0.5, 1]}
							}
						},
						{
							"origin": [5.52344, -9.08594, -55.75],
							"size": [0.0625, 0.5, 0],
							"pivot": [-0.07031, -8.83593, -55.75],
							"rotation": [0, 0, -90],
							"uv": {
								"south": {"uv": [21, 11], "uv_size": [0.5, 1]}
							}
						},
						{
							"origin": [4.27344, -9.08593, -55.75],
							"size": [0.0625, 0.5, 0],
							"pivot": [-0.07031, -8.83593, -55.75],
							"rotation": [0, 0, -90],
							"uv": {
								"south": {"uv": [21, 11], "uv_size": [0.5, 1]}
							}
						},
						{
							"origin": [3.64844, -9.33594, -55.75],
							"size": [0.0625, 1, 0],
							"pivot": [-0.07031, -8.83593, -55.75],
							"rotation": [0, 0, -90],
							"uv": {
								"south": {"uv": [21, 11], "uv_size": [0.5, 1]}
							}
						},
						{
							"origin": [2.39844, -9.33594, -55.75],
							"size": [0.0625, 1, 0],
							"pivot": [-0.07031, -8.83593, -55.75],
							"rotation": [0, 0, -90],
							"uv": {
								"south": {"uv": [21, 11], "uv_size": [0.5, 1]}
							}
						},
						{
							"origin": [3.02344, -9.08594, -55.75],
							"size": [0.0625, 0.5, 0],
							"pivot": [-0.07031, -8.83593, -55.75],
							"rotation": [0, 0, -90],
							"uv": {
								"south": {"uv": [21, 11], "uv_size": [0.5, 1]}
							}
						},
						{
							"origin": [0.52344, -9.08594, -55.75],
							"size": [0.0625, 0.5, 0],
							"pivot": [-0.07031, -8.83593, -55.75],
							"rotation": [0, 0, -90],
							"uv": {
								"south": {"uv": [21, 11], "uv_size": [0.5, 1]}
							}
						},
						{
							"origin": [-0.10156, -9.33594, -55.75],
							"size": [0.0625, 1, 0],
							"pivot": [-0.07031, -8.83593, -55.75],
							"rotation": [0, 0, -90],
							"uv": {
								"south": {"uv": [21, 11], "uv_size": [0.5, 1]}
							}
						},
						{
							"origin": [1.14844, -9.33594, -55.75],
							"size": [0.0625, 1, 0],
							"pivot": [-0.07031, -8.83593, -55.75],
							"rotation": [0, 0, -90],
							"uv": {
								"south": {"uv": [21, 11], "uv_size": [0.5, 1]}
							}
						},
						{
							"origin": [1.77344, -9.08594, -55.75],
							"size": [0.0625, 0.5, 0],
							"pivot": [-0.07031, -8.83593, -55.75],
							"rotation": [0, 0, -90],
							"uv": {
								"south": {"uv": [21, 11], "uv_size": [0.5, 1]}
							}
						},
						{
							"origin": [-0.72656, -9.08593, -55.75],
							"size": [0.0625, 0.5, 0],
							"pivot": [-0.07031, -8.83593, -55.75],
							"rotation": [0, 0, -90],
							"uv": {
								"south": {"uv": [21, 11], "uv_size": [0.5, 1]}
							}
						},
						{
							"origin": [-1.35156, -9.33593, -55.75],
							"size": [0.0625, 1, 0],
							"pivot": [-0.07031, -8.83593, -55.75],
							"rotation": [0, 0, -90],
							"uv": {
								"south": {"uv": [21, 11], "uv_size": [0.5, 1]}
							}
						},
						{
							"origin": [-2.60156, -9.33593, -55.75],
							"size": [0.0625, 1, 0],
							"pivot": [-0.07031, -8.83593, -55.75],
							"rotation": [0, 0, -90],
							"uv": {
								"south": {"uv": [21, 11], "uv_size": [0.5, 1]}
							}
						},
						{
							"origin": [-1.97656, -9.08593, -55.75],
							"size": [0.0625, 0.5, 0],
							"pivot": [-0.07031, -8.83593, -55.75],
							"rotation": [0, 0, -90],
							"uv": {
								"south": {"uv": [21, 11], "uv_size": [0.5, 1]}
							}
						},
						{
							"origin": [-3.22656, -9.08593, -55.75],
							"size": [0.0625, 0.5, 0],
							"pivot": [-0.07031, -8.83593, -55.75],
							"rotation": [0, 0, -90],
							"uv": {
								"south": {"uv": [21, 11], "uv_size": [0.5, 1]}
							}
						},
						{
							"origin": [-2.47656, -19.21093, -55.75],
							"size": [0.0625, 0.25, 0],
							"pivot": [-0.07031, -8.83593, -55.75],
							"rotation": [0, 0, -180],
							"uv": {
								"south": {"uv": [21, 11], "uv_size": [0.5, 1]}
							}
						},
						{
							"origin": [-3.22656, -19.33593, -55.75],
							"size": [0.0625, 0.5, 0],
							"pivot": [-0.07031, -8.83593, -55.75],
							"rotation": [0, 0, -180],
							"uv": {
								"south": {"uv": [21, 11], "uv_size": [0.5, 1]}
							}
						},
						{
							"origin": [-3.97656, -19.21093, -55.75],
							"size": [0.0625, 0.25, 0],
							"pivot": [-0.07031, -8.83593, -55.75],
							"rotation": [0, 0, -180],
							"uv": {
								"south": {"uv": [21, 11], "uv_size": [0.5, 1]}
							}
						},
						{
							"origin": [-4.72656, -19.33593, -55.75],
							"size": [0.0625, 0.5, 0],
							"pivot": [-0.07031, -8.83593, -55.75],
							"rotation": [0, 0, -180],
							"uv": {
								"south": {"uv": [21, 11], "uv_size": [0.5, 1]}
							}
						},
						{
							"origin": [-5.47656, -19.21093, -55.75],
							"size": [0.0625, 0.25, 0],
							"pivot": [-0.07031, -8.83593, -55.75],
							"rotation": [0, 0, -180],
							"uv": {
								"south": {"uv": [21, 11], "uv_size": [0.5, 1]}
							}
						},
						{
							"origin": [-6.22656, -19.33593, -55.75],
							"size": [0.0625, 0.5, 0],
							"pivot": [-0.07031, -8.83593, -55.75],
							"rotation": [0, 0, -180],
							"uv": {
								"south": {"uv": [21, 11], "uv_size": [0.5, 1]}
							}
						},
						{
							"origin": [-6.97656, -19.21093, -55.75],
							"size": [0.0625, 0.25, 0],
							"pivot": [-0.07031, -8.83593, -55.75],
							"rotation": [0, 0, -180],
							"uv": {
								"south": {"uv": [21, 11], "uv_size": [0.5, 1]}
							}
						},
						{
							"origin": [-7.72656, -19.33593, -55.75],
							"size": [0.0625, 0.5, 0],
							"pivot": [-0.07031, -8.83593, -55.75],
							"rotation": [0, 0, -180],
							"uv": {
								"south": {"uv": [21, 11], "uv_size": [0.5, 1]}
							}
						},
						{
							"origin": [-8.47656, -19.21093, -55.75],
							"size": [0.0625, 0.25, 0],
							"pivot": [-0.07031, -8.83593, -55.75],
							"rotation": [0, 0, -180],
							"uv": {
								"south": {"uv": [21, 11], "uv_size": [0.5, 1]}
							}
						},
						{
							"origin": [-9.22656, -19.33593, -55.75],
							"size": [0.0625, 0.5, 0],
							"pivot": [-0.07031, -8.83593, -55.75],
							"rotation": [0, 0, -180],
							"uv": {
								"south": {"uv": [21, 11], "uv_size": [0.5, 1]}
							}
						},
						{
							"origin": [-12.22656, -19.33594, -55.75],
							"size": [0.0625, 0.5, 0],
							"pivot": [-0.07031, -8.83593, -55.75],
							"rotation": [0, 0, -180],
							"uv": {
								"south": {"uv": [21, 11], "uv_size": [0.5, 1]}
							}
						},
						{
							"origin": [-11.47656, -19.21093, -55.75],
							"size": [0.0625, 0.25, 0],
							"pivot": [-0.07031, -8.83593, -55.75],
							"rotation": [0, 0, -180],
							"uv": {
								"south": {"uv": [21, 11], "uv_size": [0.5, 1]}
							}
						},
						{
							"origin": [-10.72656, -19.33593, -55.75],
							"size": [0.0625, 0.5, 0],
							"pivot": [-0.07031, -8.83593, -55.75],
							"rotation": [0, 0, -180],
							"uv": {
								"south": {"uv": [21, 11], "uv_size": [0.5, 1]}
							}
						},
						{
							"origin": [-9.97656, -19.21093, -55.75],
							"size": [0.0625, 0.25, 0],
							"pivot": [-0.07031, -8.83593, -55.75],
							"rotation": [0, 0, -180],
							"uv": {
								"south": {"uv": [21, 11], "uv_size": [0.5, 1]}
							}
						},
						{
							"origin": [-3.82031, -8.86718, -55.75],
							"size": [12, 0.0625, 0],
							"pivot": [-0.07031, -8.83593, -55.75],
							"rotation": [0, 0, -90],
							"uv": {
								"south": {"uv": [21, 11], "uv_size": [0.5, 1]}
							}
						},
						{
							"origin": [13.92969, 1.03907, -55.75],
							"size": [13, 0.74999, 0],
							"uv": {
								"south": {"uv": [21, 11], "uv_size": [0.5, 1]}
							}
						},
						{
							"origin": [3.6797, -9.21093, -55.75],
							"size": [13, 0.75, 0],
							"pivot": [-0.07031, -8.83593, -55.75],
							"rotation": [0, 0, 90],
							"uv": {
								"south": {"uv": [21, 11], "uv_size": [0.5, 1]}
							}
						},
						{
							"origin": [-2.98713, -26.24843, -55.75],
							"size": [0.53033, 0.53033, 0],
							"pivot": [-0.07031, -8.83593, -55.75],
							"rotation": [0, 0, -135],
							"uv": {
								"south": {"uv": [21, 11], "uv_size": [0.5, 1]}
							}
						},
						{
							"origin": [-2.98714, -6.44942, -55.75],
							"size": [0.53033, 0.53033, 0],
							"pivot": [-0.07031, -8.83593, -55.75],
							"rotation": [0, 0, -135],
							"uv": {
								"south": {"uv": [21, 11], "uv_size": [0.5, 1]}
							}
						},
						{
							"origin": [8.02344, 11.35156, -55.75],
							"size": [0.0625, 0.5, 0],
							"pivot": [-0.07031, 11.60155, -55.75],
							"rotation": [0, 0, 90],
							"uv": {
								"south": {"uv": [21, 12], "uv_size": [0.5, -1]}
							}
						},
						{
							"origin": [7.39844, 11.10156, -55.75],
							"size": [0.0625, 1, 0],
							"pivot": [-0.07031, 11.60155, -55.75],
							"rotation": [0, 0, 90],
							"uv": {
								"south": {"uv": [21, 12], "uv_size": [0.5, -1]}
							}
						},
						{
							"origin": [6.77344, 11.35156, -55.75],
							"size": [0.0625, 0.5, 0],
							"pivot": [-0.07031, 11.60155, -55.75],
							"rotation": [0, 0, 90],
							"uv": {
								"south": {"uv": [21, 12], "uv_size": [0.5, -1]}
							}
						},
						{
							"origin": [6.14844, 11.10156, -55.75],
							"size": [0.0625, 1, 0],
							"pivot": [-0.07031, 11.60155, -55.75],
							"rotation": [0, 0, 90],
							"uv": {
								"south": {"uv": [21, 12], "uv_size": [0.5, -1]}
							}
						},
						{
							"origin": [4.89844, 11.10156, -55.75],
							"size": [0.0625, 1, 0],
							"pivot": [-0.07031, 11.60155, -55.75],
							"rotation": [0, 0, 90],
							"uv": {
								"south": {"uv": [21, 12], "uv_size": [0.5, -1]}
							}
						},
						{
							"origin": [5.52344, 11.35156, -55.75],
							"size": [0.0625, 0.5, 0],
							"pivot": [-0.07031, 11.60155, -55.75],
							"rotation": [0, 0, 90],
							"uv": {
								"south": {"uv": [21, 12], "uv_size": [0.5, -1]}
							}
						},
						{
							"origin": [4.27344, 11.35155, -55.75],
							"size": [0.0625, 0.5, 0],
							"pivot": [-0.07031, 11.60155, -55.75],
							"rotation": [0, 0, 90],
							"uv": {
								"south": {"uv": [21, 12], "uv_size": [0.5, -1]}
							}
						},
						{
							"origin": [3.64844, 11.10156, -55.75],
							"size": [0.0625, 1, 0],
							"pivot": [-0.07031, 11.60155, -55.75],
							"rotation": [0, 0, 90],
							"uv": {
								"south": {"uv": [21, 12], "uv_size": [0.5, -1]}
							}
						},
						{
							"origin": [2.39844, 11.10156, -55.75],
							"size": [0.0625, 1, 0],
							"pivot": [-0.07031, 11.60155, -55.75],
							"rotation": [0, 0, 90],
							"uv": {
								"south": {"uv": [21, 12], "uv_size": [0.5, -1]}
							}
						},
						{
							"origin": [3.02344, 11.35156, -55.75],
							"size": [0.0625, 0.5, 0],
							"pivot": [-0.07031, 11.60155, -55.75],
							"rotation": [0, 0, 90],
							"uv": {
								"south": {"uv": [21, 12], "uv_size": [0.5, -1]}
							}
						},
						{
							"origin": [0.52344, 11.35156, -55.75],
							"size": [0.0625, 0.5, 0],
							"pivot": [-0.07031, 11.60155, -55.75],
							"rotation": [0, 0, 90],
							"uv": {
								"south": {"uv": [21, 12], "uv_size": [0.5, -1]}
							}
						},
						{
							"origin": [-0.10156, 11.10156, -55.75],
							"size": [0.0625, 1, 0],
							"pivot": [-0.07031, 11.60155, -55.75],
							"rotation": [0, 0, 90],
							"uv": {
								"south": {"uv": [21, 12], "uv_size": [0.5, -1]}
							}
						},
						{
							"origin": [1.14844, 11.10156, -55.75],
							"size": [0.0625, 1, 0],
							"pivot": [-0.07031, 11.60155, -55.75],
							"rotation": [0, 0, 90],
							"uv": {
								"south": {"uv": [21, 12], "uv_size": [0.5, -1]}
							}
						},
						{
							"origin": [1.77344, 11.35156, -55.75],
							"size": [0.0625, 0.5, 0],
							"pivot": [-0.07031, 11.60155, -55.75],
							"rotation": [0, 0, 90],
							"uv": {
								"south": {"uv": [21, 12], "uv_size": [0.5, -1]}
							}
						},
						{
							"origin": [-0.72656, 11.35155, -55.75],
							"size": [0.0625, 0.5, 0],
							"pivot": [-0.07031, 11.60155, -55.75],
							"rotation": [0, 0, 90],
							"uv": {
								"south": {"uv": [21, 12], "uv_size": [0.5, -1]}
							}
						},
						{
							"origin": [-1.35156, 11.10155, -55.75],
							"size": [0.0625, 1, 0],
							"pivot": [-0.07031, 11.60155, -55.75],
							"rotation": [0, 0, 90],
							"uv": {
								"south": {"uv": [21, 12], "uv_size": [0.5, -1]}
							}
						},
						{
							"origin": [-2.60156, 11.10155, -55.75],
							"size": [0.0625, 1, 0],
							"pivot": [-0.07031, 11.60155, -55.75],
							"rotation": [0, 0, 90],
							"uv": {
								"south": {"uv": [21, 12], "uv_size": [0.5, -1]}
							}
						},
						{
							"origin": [-1.97656, 11.35155, -55.75],
							"size": [0.0625, 0.5, 0],
							"pivot": [-0.07031, 11.60155, -55.75],
							"rotation": [0, 0, 90],
							"uv": {
								"south": {"uv": [21, 12], "uv_size": [0.5, -1]}
							}
						},
						{
							"origin": [-3.22656, 11.35155, -55.75],
							"size": [0.0625, 0.5, 0],
							"pivot": [-0.07031, 11.60155, -55.75],
							"rotation": [0, 0, 90],
							"uv": {
								"south": {"uv": [21, 12], "uv_size": [0.5, -1]}
							}
						},
						{
							"origin": [-3.82031, 11.5703, -55.75],
							"size": [12, 0.0625, 0],
							"pivot": [-0.07031, 11.60155, -55.75],
							"rotation": [0, 0, 90],
							"uv": {
								"south": {"uv": [21, 12], "uv_size": [0.5, -1]}
							}
						},
						{
							"origin": [3.6797, 11.22655, -55.75],
							"size": [13, 0.75, 0],
							"pivot": [-0.07031, 11.60155, -55.75],
							"rotation": [0, 0, -90],
							"uv": {
								"south": {"uv": [21, 12], "uv_size": [0.5, -1]}
							}
						},
						{
							"origin": [-2.98714, 8.68471, -55.75],
							"size": [0.53033, 0.53033, 0],
							"pivot": [-0.07031, 11.60155, -55.75],
							"rotation": [0, 0, 135],
							"uv": {
								"south": {"uv": [21, 12], "uv_size": [0.5, -1]}
							}
						},
						{
							"origin": [2.31618, -26.24843, -55.75],
							"size": [0.53033, 0.53033, 0],
							"pivot": [-0.07031, -8.83593, -55.75],
							"rotation": [0, 0, 135],
							"uv": {
								"south": {"uv": [21, 11], "uv_size": [0.5, 1]}
							}
						},
						{
							"origin": [1.92188, 1.38282, -55.75],
							"size": [12.00781, 0.0625, 0],
							"uv": {
								"south": {"uv": [21, 11], "uv_size": [0.25014, 1]}
							}
						},
						{
							"origin": [-14.07031, 1.38282, -55.75],
							"size": [11.99219, 0.0625, 0],
							"uv": {
								"south": {"uv": [21.25014, 11], "uv_size": [0.24986, 1]}
							}
						},
						{
							"origin": [-27.07031, 1.03907, -55.75],
							"size": [13, 0.74999, 0],
							"uv": {
								"south": {"uv": [21, 11], "uv_size": [0.5, 1]}
							}
						},
						{
							"origin": [2.27344, -19.21093, -55.75],
							"size": [0.0625, 0.25, 0],
							"pivot": [-0.07031, -8.83593, -55.75],
							"rotation": [0, 0, 180],
							"uv": {
								"south": {"uv": [21, 11], "uv_size": [0.5, 1]}
							}
						},
						{
							"origin": [3.02344, -19.33593, -55.75],
							"size": [0.0625, 0.5, 0],
							"pivot": [-0.07031, -8.83593, -55.75],
							"rotation": [0, 0, 180],
							"uv": {
								"south": {"uv": [21, 11], "uv_size": [0.5, 1]}
							}
						},
						{
							"origin": [6.02344, -19.33593, -55.75],
							"size": [0.0625, 0.5, 0],
							"pivot": [-0.07031, -8.83593, -55.75],
							"rotation": [0, 0, 180],
							"uv": {
								"south": {"uv": [21, 11], "uv_size": [0.5, 1]}
							}
						},
						{
							"origin": [5.27344, -19.21093, -55.75],
							"size": [0.0625, 0.25, 0],
							"pivot": [-0.07031, -8.83593, -55.75],
							"rotation": [0, 0, 180],
							"uv": {
								"south": {"uv": [21, 11], "uv_size": [0.5, 1]}
							}
						},
						{
							"origin": [4.52344, -19.33593, -55.75],
							"size": [0.0625, 0.5, 0],
							"pivot": [-0.07031, -8.83593, -55.75],
							"rotation": [0, 0, 180],
							"uv": {
								"south": {"uv": [21, 11], "uv_size": [0.5, 1]}
							}
						},
						{
							"origin": [3.77344, -19.21093, -55.75],
							"size": [0.0625, 0.25, 0],
							"pivot": [-0.07031, -8.83593, -55.75],
							"rotation": [0, 0, 180],
							"uv": {
								"south": {"uv": [21, 11], "uv_size": [0.5, 1]}
							}
						},
						{
							"origin": [9.77344, -19.21093, -55.75],
							"size": [0.0625, 0.25, 0],
							"pivot": [-0.07031, -8.83593, -55.75],
							"rotation": [0, 0, 180],
							"uv": {
								"south": {"uv": [21, 11], "uv_size": [0.5, 1]}
							}
						},
						{
							"origin": [10.52344, -19.33593, -55.75],
							"size": [0.0625, 0.5, 0],
							"pivot": [-0.07031, -8.83593, -55.75],
							"rotation": [0, 0, 180],
							"uv": {
								"south": {"uv": [21, 11], "uv_size": [0.5, 1]}
							}
						},
						{
							"origin": [11.27344, -19.21093, -55.75],
							"size": [0.0625, 0.25, 0],
							"pivot": [-0.07031, -8.83593, -55.75],
							"rotation": [0, 0, 180],
							"uv": {
								"south": {"uv": [21, 11], "uv_size": [0.5, 1]}
							}
						},
						{
							"origin": [12.02344, -19.33594, -55.75],
							"size": [0.0625, 0.5, 0],
							"pivot": [-0.07031, -8.83593, -55.75],
							"rotation": [0, 0, 180],
							"uv": {
								"south": {"uv": [21, 11], "uv_size": [0.5, 1]}
							}
						},
						{
							"origin": [9.02344, -19.33593, -55.75],
							"size": [0.0625, 0.5, 0],
							"pivot": [-0.07031, -8.83593, -55.75],
							"rotation": [0, 0, 180],
							"uv": {
								"south": {"uv": [21, 11], "uv_size": [0.5, 1]}
							}
						},
						{
							"origin": [8.27344, -19.21093, -55.75],
							"size": [0.0625, 0.25, 0],
							"pivot": [-0.07031, -8.83593, -55.75],
							"rotation": [0, 0, 180],
							"uv": {
								"south": {"uv": [21, 11], "uv_size": [0.5, 1]}
							}
						},
						{
							"origin": [7.52344, -19.33593, -55.75],
							"size": [0.0625, 0.5, 0],
							"pivot": [-0.07031, -8.83593, -55.75],
							"rotation": [0, 0, 180],
							"uv": {
								"south": {"uv": [21, 11], "uv_size": [0.5, 1]}
							}
						},
						{
							"origin": [6.77344, -19.21093, -55.75],
							"size": [0.0625, 0.25, 0],
							"pivot": [-0.07031, -8.83593, -55.75],
							"rotation": [0, 0, 180],
							"uv": {
								"south": {"uv": [21, 11], "uv_size": [0.5, 1]}
							}
						},
						{
							"origin": [25.92969, -56.58594, -55.75],
							"size": [52, 116, 0],
							"uv": {
								"south": {"uv": [21, 11], "uv_size": [0.5, 1]}
							}
						},
						{
							"origin": [-78.07031, -56.58594, -55.75],
							"size": [52, 116, 0],
							"uv": {
								"south": {"uv": [21, 11], "uv_size": [0.5, 1]}
							}
						},
						{
							"origin": [-26.07031, 27.41406, -55.75],
							"size": [52, 32, 0],
							"uv": {
								"south": {"uv": [21, 11], "uv_size": [0.5, 1]}
							}
						},
						{
							"origin": [-26.07031, -56.58594, -55.75],
							"size": [52, 32, 0],
							"uv": {
								"south": {"uv": [21, 11], "uv_size": [0.5, 1]}
							}
						},
						{
							"origin": [-5.24203, 26.41406, -55.75],
							"size": [10.34344, 1, 0],
							"pivot": [-0.07031, 1.41406, -55.75],
							"rotation": [0, 0, -90],
							"uv": {
								"south": {"uv": [21, 11], "uv_size": [0.5, 1]}
							}
						},
						{
							"origin": [-5.24203, -24.58594, -55.75],
							"size": [10.34344, 1, 0],
							"pivot": [-0.07031, 1.41406, -55.75],
							"rotation": [0, 0, -90],
							"uv": {
								"south": {"uv": [21, 11], "uv_size": [0.5, 1]}
							}
						},
						{
							"origin": [-8.24203, 26.41406, -55.75],
							"size": [16.34344, 7, 0],
							"pivot": [-0.07031, 1.41406, -55.75],
							"rotation": [0, 0, 67.5],
							"uv": {
								"south": {"uv": [0, 0], "uv_size": [16.5, 7]}
							}
						},
						{
							"origin": [-5.24203, 26.41406, -55.75],
							"size": [10.34344, 12, 0],
							"pivot": [-0.07031, 1.41406, -55.75],
							"rotation": [0, 0, 45],
							"uv": {
								"south": {"uv": [21, 11], "uv_size": [0.5, 1]}
							}
						},
						{
							"origin": [-8.24203, 26.41406, -55.75],
							"size": [16.34344, 7, 0],
							"pivot": [-0.07031, 1.41406, -55.75],
							"rotation": [0, 0, 22.5],
							"uv": {
								"south": {"uv": [0, 0], "uv_size": [16.5, 7]}
							}
						},
						{
							"origin": [-8.24203, 26.41406, -55.75],
							"size": [16.34344, 7, 0],
							"pivot": [-0.07031, 1.41406, -55.75],
							"rotation": [0, 0, 112.5],
							"uv": {
								"south": {"uv": [0, 0], "uv_size": [16.5, 7]}
							}
						},
						{
							"origin": [-5.24203, 26.41406, -55.75],
							"size": [10.34344, 12, 0],
							"pivot": [-0.07031, 1.41406, -55.75],
							"rotation": [0, 0, 135],
							"uv": {
								"south": {"uv": [21, 11], "uv_size": [0.5, 1]}
							}
						},
						{
							"origin": [-8.24203, 26.41406, -55.75],
							"size": [16.34344, 7, 0],
							"pivot": [-0.07031, 1.41406, -55.75],
							"rotation": [0, 0, 157.5],
							"uv": {
								"south": {"uv": [0, 0], "uv_size": [16.5, 7]}
							}
						},
						{
							"origin": [-8.24203, 26.41406, -55.75],
							"size": [16.34344, 7, 0],
							"pivot": [-0.07031, 1.41406, -55.75],
							"rotation": [0, 0, -157.5],
							"uv": {
								"south": {"uv": [0, 0], "uv_size": [16.5, 7]}
							}
						},
						{
							"origin": [-5.24203, 26.41406, -55.75],
							"size": [10.34344, 12, 0],
							"pivot": [-0.07031, 1.41406, -55.75],
							"rotation": [0, 0, -135],
							"uv": {
								"south": {"uv": [21, 11], "uv_size": [0.5, 1]}
							}
						},
						{
							"origin": [-8.24203, 26.41406, -55.75],
							"size": [16.34344, 7, 0],
							"pivot": [-0.07031, 1.41406, -55.75],
							"rotation": [0, 0, -112.5],
							"uv": {
								"south": {"uv": [0, 0], "uv_size": [16.5, 7]}
							}
						},
						{
							"origin": [-5.24203, 26.41406, -55.75],
							"size": [10.34344, 12, 0],
							"pivot": [-0.07031, 1.41406, -55.75],
							"rotation": [0, 0, -45],
							"uv": {
								"south": {"uv": [21, 11], "uv_size": [0.5, 1]}
							}
						},
						{
							"origin": [-8.24203, 26.41406, -55.75],
							"size": [16.34344, 7, 0],
							"pivot": [-0.07031, 1.41406, -55.75],
							"rotation": [0, 0, -22.5],
							"uv": {
								"south": {"uv": [0, 0], "uv_size": [16.5, 7]}
							}
						},
						{
							"origin": [-5.24203, -24.58594, -55.75],
							"size": [10.34344, 1, 0],
							"pivot": [-0.07031, 1.41406, -55.75],
							"rotation": [0, 0, -146.25],
							"uv": {
								"south": {"uv": [21, 11], "uv_size": [0.5, 1]}
							}
						},
						{
							"origin": [-5.24203, 26.41406, -55.75],
							"size": [10.34344, 1, 0],
							"pivot": [-0.07031, 1.41406, -55.75],
							"rotation": [0, 0, -146.25],
							"uv": {
								"south": {"uv": [21, 11], "uv_size": [0.5, 1]}
							}
						},
						{
							"origin": [-5.24203, -24.58594, -55.75],
							"size": [10.34344, 1, 0],
							"pivot": [-0.07031, 1.41406, -55.75],
							"rotation": [0, 0, -123.75],
							"uv": {
								"south": {"uv": [21, 11], "uv_size": [0.5, 1]}
							}
						},
						{
							"origin": [-5.24203, 26.41406, -55.75],
							"size": [10.34344, 1, 0],
							"pivot": [-0.07031, 1.41406, -55.75],
							"rotation": [0, 0, -123.75],
							"uv": {
								"south": {"uv": [21, 11], "uv_size": [0.5, 1]}
							}
						},
						{
							"origin": [-5.24203, -24.58594, -55.75],
							"size": [10.34344, 1, 0],
							"pivot": [-0.07031, 1.41406, -55.75],
							"rotation": [0, 0, -101.25],
							"uv": {
								"south": {"uv": [21, 11], "uv_size": [0.5, 1]}
							}
						},
						{
							"origin": [-5.24203, 26.41406, -55.75],
							"size": [10.34344, 1, 0],
							"pivot": [-0.07031, 1.41406, -55.75],
							"rotation": [0, 0, -101.25],
							"uv": {
								"south": {"uv": [21, 11], "uv_size": [0.5, 1]}
							}
						},
						{
							"origin": [-5.24203, -24.58594, -55.75],
							"size": [10.34344, 1, 0],
							"pivot": [-0.07031, 1.41406, -55.75],
							"rotation": [0, 0, -78.75],
							"uv": {
								"south": {"uv": [21, 11], "uv_size": [0.5, 1]}
							}
						},
						{
							"origin": [-5.24203, 26.41406, -55.75],
							"size": [10.34344, 1, 0],
							"pivot": [-0.07031, 1.41406, -55.75],
							"rotation": [0, 0, -78.75],
							"uv": {
								"south": {"uv": [21, 11], "uv_size": [0.5, 1]}
							}
						},
						{
							"origin": [-5.24203, -24.58594, -55.75],
							"size": [10.34344, 1, 0],
							"pivot": [-0.07031, 1.41406, -55.75],
							"rotation": [0, 0, -56.25],
							"uv": {
								"south": {"uv": [21, 11], "uv_size": [0.5, 1]}
							}
						},
						{
							"origin": [-5.24203, 26.41406, -55.75],
							"size": [10.34344, 1, 0],
							"pivot": [-0.07031, 1.41406, -55.75],
							"rotation": [0, 0, -56.25],
							"uv": {
								"south": {"uv": [21, 11], "uv_size": [0.5, 1]}
							}
						},
						{
							"origin": [-5.24203, -24.58594, -55.75],
							"size": [10.34344, 1, 0],
							"pivot": [-0.07031, 1.41406, -55.75],
							"rotation": [0, 0, -33.75],
							"uv": {
								"south": {"uv": [21, 11], "uv_size": [0.5, 1]}
							}
						},
						{
							"origin": [-5.24203, 26.41406, -55.75],
							"size": [10.34344, 1, 0],
							"pivot": [-0.07031, 1.41406, -55.75],
							"rotation": [0, 0, -33.75],
							"uv": {
								"south": {"uv": [21, 11], "uv_size": [0.5, 1]}
							}
						},
						{
							"origin": [-5.24203, -24.58594, -55.75],
							"size": [10.34344, 1, 0],
							"pivot": [-0.07031, 1.41406, -55.75],
							"rotation": [0, 0, -11.25],
							"uv": {
								"south": {"uv": [21, 11], "uv_size": [0.5, 1]}
							}
						},
						{
							"origin": [-5.24203, 26.41406, -55.75],
							"size": [10.34344, 1, 0],
							"pivot": [-0.07031, 1.41406, -55.75],
							"rotation": [0, 0, -11.25],
							"uv": {
								"south": {"uv": [21, 11], "uv_size": [0.5, 1]}
							}
						},
						{
							"origin": [-5.24203, -24.58594, -55.75],
							"size": [10.34344, 1, 0],
							"pivot": [-0.07031, 1.41406, -55.75],
							"rotation": [0, 0, 11.25],
							"uv": {
								"south": {"uv": [21, 11], "uv_size": [0.5, 1]}
							}
						},
						{
							"origin": [-5.24203, 26.41406, -55.75],
							"size": [10.34344, 1, 0],
							"pivot": [-0.07031, 1.41406, -55.75],
							"rotation": [0, 0, 11.25],
							"uv": {
								"south": {"uv": [21, 11], "uv_size": [0.5, 1]}
							}
						},
						{
							"origin": [-5.24203, 26.41406, -55.75],
							"size": [10.34344, 1, 0],
							"uv": {
								"south": {"uv": [21, 11], "uv_size": [0.5, 1]}
							}
						},
						{
							"origin": [-5.24203, -24.58594, -55.75],
							"size": [10.34344, 1, 0],
							"uv": {
								"south": {"uv": [21, 11], "uv_size": [0.5, 1]}
							}
						},
						{
							"origin": [-8.24203, 26.41406, -55.75],
							"size": [16.34344, 7, 0],
							"pivot": [-0.07031, 1.41406, -55.75],
							"rotation": [0, 0, -67.5],
							"uv": {
								"south": {"uv": [0, 0], "uv_size": [16.5, 7]}
							}
						}
					]
				},
				{
					"name": "dot_illuminated",
					"parent": "division",
					"pivot": [-0.07031, -8.83593, -55.71875],
					"cubes": [
						{
							"origin": [7.05253, -1.71309, -55.6875],
							"size": [0.25, 0.25, 0],
							"pivot": [-0.07031, -8.83593, -55.71875],
							"rotation": [0, 0, -45],
							"uv": {
								"south": {"uv": [7, 24], "uv_size": [0.5, 0.5]}
							}
						},
						{
							"origin": [6.99003, -1.77559, -55.69531],
							"size": [0.375, 0.375, 0],
							"pivot": [-0.07031, -8.83593, -55.72656],
							"rotation": [0, 0, -45],
							"uv": {
								"south": {"uv": [0, 0], "uv_size": [0.5, 0.5]}
							}
						}
					]
				},
				{
					"name": "scope_view",
					"pivot": [-0.05469, 1.3125, 7]
				}
			]
		}
	]
}