{
	"format_version": "1.12.0",
	"minecraft:geometry": [
		{
			"description": {
				"identifier": "geometry.unknown",
				"texture_width": 64,
				"texture_height": 64,
				"visible_bounds_width": 14,
				"visible_bounds_height": 9,
				"visible_bounds_offset": [0, 0.5, 0]
			},
			"bones": [
				{
					"name": "scope_body",
					"pivot": [0, -9.4375, -8],
					"rotation": [0, -90, 0]
				},
				{
					"name": "bone13",
					"parent": "scope_body",
					"pivot": [0, -9.4375, -8],
					"cubes": [
						{
							"origin": [11.03467, 1.63702, -9.98991],
							"size": [0.27685, 0.35156, 0.68554],
							"pivot": [10.4458, 1.92685, -9.58654],
							"rotation": [56, 0, 0],
							"uv": {
								"north": {"uv": [8, 32], "uv_size": [0.5, 0.5]},
								"east": {"uv": [32, 8], "uv_size": [0.5, 0.5]},
								"west": {"uv": [9, 32], "uv_size": [0.5, 0.5]},
								"up": {"uv": [32, 9], "uv_size": [0.5, 0.5]},
								"down": {"uv": [10, 32.5], "uv_size": [0.5, -0.5]}
							}
						},
						{
							"origin": [10.21289, 1.63702, -9.70867],
							"size": [0.83496, 0.35156, 0.4043],
							"pivot": [10.4414, 1.92685, -9.58654],
							"rotation": [56, 0, 0],
							"uv": {
								"north": {"uv": [8, 28], "uv_size": [1, 0.5]},
								"up": {"uv": [28, 8], "uv_size": [1, 0.5]}
							}
						},
						{
							"origin": [9.42187, 1.63702, -9.98991],
							"size": [0.79542, 0.35156, 0.68554],
							"pivot": [10.42822, 1.92685, -9.58654],
							"rotation": [56, 0, 0],
							"uv": {
								"north": {"uv": [28, 9], "uv_size": [1, 0.5]},
								"east": {"uv": [32, 10], "uv_size": [0.5, 0.5]},
								"west": {"uv": [11, 32], "uv_size": [0.5, 0.5]},
								"up": {"uv": [10, 28], "uv_size": [1, 0.5]},
								"down": {"uv": [28, 10.5], "uv_size": [1, -0.5]}
							}
						},
						{
							"origin": [3.97265, 0.77442, -10.0127],
							"size": [5.49317, 0.96679, 4.0166],
							"uv": {
								"north": {"uv": [17, 5], "uv_size": [5.5, 1]},
								"east": {"uv": [18, 14], "uv_size": [4, 1]},
								"south": {"uv": [17, 6], "uv_size": [5.5, 1]}
							}
						},
						{
							"origin": [9.38679, 0.77846, -9.91567],
							"size": [0.54004, 0.96679, 0.21973],
							"pivot": [9.63728, 1.32435, -9.8058],
							"rotation": [0, -27.5, 0],
							"uv": {
								"north": {"uv": [11, 28], "uv_size": [0.5, 1]},
								"up": {"uv": [32, 11], "uv_size": [0.5, 0.5]},
								"down": {"uv": [12, 32.5], "uv_size": [0.5, -0.5]}
							}
						},
						{
							"origin": [11.03467, 0.51663, -9.83586],
							"size": [0.27685, 0.35156, 0.6416],
							"pivot": [10.53149, 0.73046, -9.47235],
							"rotation": [-52.5, 0, 0],
							"uv": {
								"east": {"uv": [32, 12], "uv_size": [0.5, 0.5]},
								"down": {"uv": [14, 32.5], "uv_size": [0.5, -0.5]}
							}
						},
						{
							"origin": [10.21289, 0.51663, -9.55461],
							"size": [0.83496, 0.35156, 0.36035],
							"pivot": [10.53149, 0.73046, -9.47235],
							"rotation": [-52.5, 0, 0],
							"uv": {
								"north": {"uv": [13, 28], "uv_size": [1, 0.5]},
								"down": {"uv": [14, 28.5], "uv_size": [1, -0.5]}
							}
						},
						{
							"origin": [9.42187, 0.51663, -9.83586],
							"size": [0.79542, 0.35156, 0.6416],
							"pivot": [10.53149, 0.73046, -9.47235],
							"rotation": [-52.5, 0, 0],
							"uv": {
								"west": {"uv": [15, 32], "uv_size": [0.5, 0.5]},
								"down": {"uv": [15, 28.5], "uv_size": [1, -0.5]}
							}
						},
						{
							"origin": [9.41748, 0.51588, -6.81067],
							"size": [1.89404, 0.35156, 0.6416],
							"pivot": [10.5271, 0.72971, -6.53257],
							"rotation": [52.5, 0, 0],
							"uv": {
								"down": {"uv": [8, 26.5], "uv_size": [2, -0.5]}
							}
						},
						{
							"origin": [9.41748, 1.63702, -6.70443],
							"size": [1.89404, 0.35156, 0.68555],
							"pivot": [10.42383, 1.92685, -6.42225],
							"rotation": [-56, 0, 0],
							"uv": {
								"east": {"uv": [32, 16], "uv_size": [0.5, 0.5]},
								"up": {"uv": [26, 9], "uv_size": [2, 0.5]}
							}
						},
						{
							"origin": [9.38679, 0.77846, -6.30406],
							"size": [0.50098, 0.96679, 0.21973],
							"pivot": [9.63728, 1.32435, -6.19419],
							"rotation": [0, 27.5, 0],
							"uv": {
								"north": {"uv": [28, 15], "uv_size": [0.5, 1]},
								"east": {"uv": [16, 28], "uv_size": [0.5, 1]},
								"south": {"uv": [28, 16], "uv_size": [0.5, 1]},
								"west": {"uv": [17, 28], "uv_size": [0.5, 1]},
								"up": {"uv": [32, 17], "uv_size": [0.5, 0.5]},
								"down": {"uv": [18, 32.5], "uv_size": [0.5, -0.5]}
							}
						},
						{
							"origin": [9.77343, 0.88867, -9.86328],
							"size": [0.44825, 0.73828, 2.59278],
							"uv": {
								"north": {"uv": [32, 19], "uv_size": [0.5, 0.5]},
								"west": {"uv": [24, 0], "uv_size": [2.5, 0.5]}
							}
						},
						{
							"origin": [9.77343, 0.88867, -6.69922],
							"size": [1.53809, 0.73828, 0.55372],
							"uv": {
								"south": {"uv": [26, 10], "uv_size": [1.5, 0.5]}
							}
						},
						{
							"origin": [11.03906, 0.88867, -9.86328],
							"size": [0.27246, 0.73828, 2.59278],
							"uv": {
								"north": {"uv": [21, 32], "uv_size": [0.5, 0.5]},
								"east": {"uv": [24, 1], "uv_size": [2.5, 0.5]},
								"west": {"uv": [24, 3], "uv_size": [2.5, 0.5]}
							}
						},
						{
							"origin": [3.97265, 0.19433, -9.47656],
							"size": [5.49317, 2.19727, 2.94433],
							"uv": {
								"east": {"uv": [16, 11], "uv_size": [3, 2]},
								"south": {"uv": [0, 14], "uv_size": [5.5, 2]},
								"west": {"uv": [16, 15], "uv_size": [3, 2]},
								"up": {"uv": [0, 11], "uv_size": [5.5, 3]},
								"down": {"uv": [6, 14], "uv_size": [5.5, -3]}
							}
						},
						{
							"origin": [9.30908, 1.74842, -9.47657],
							"size": [0.92285, 0.43946, 2.94434],
							"pivot": [9.73692, 2.02086, -8.00439],
							"rotation": [0, 0, 32.5],
							"uv": {
								"north": {"uv": [25, 28], "uv_size": [1, 0.5]},
								"south": {"uv": [28, 25], "uv_size": [1, 0.5]},
								"up": {"uv": [14, 19], "uv_size": [1, 3]}
							}
						},
						{
							"origin": [9.24192, 0.41764, -9.47656],
							"size": [0.92285, 0.43945, 2.94433],
							"pivot": [9.73692, 0.69007, -8.00439],
							"rotation": [0, 0, -32.5],
							"uv": {
								"north": {"uv": [26, 28], "uv_size": [1, 0.5]},
								"south": {"uv": [28, 26], "uv_size": [1, 0.5]},
								"down": {"uv": [15, 22], "uv_size": [1, -3]}
							}
						},
						{
							"origin": [3.97265, 1.56768, -9.97358],
							"size": [5.49317, 0.50977, 0.84375],
							"pivot": [6.71924, 1.86273, -9.64005],
							"rotation": [50, 0, 0],
							"uv": {
								"east": {"uv": [27, 28], "uv_size": [1, 0.5]},
								"west": {"uv": [28, 27], "uv_size": [1, 0.5]},
								"up": {"uv": [16, 17], "uv_size": [5.5, 1]}
							}
						},
						{
							"origin": [9.37107, 1.80751, -9.98242],
							"size": [0.85253, 0.18457, 0.74707],
							"pivot": [9.77575, 1.93368, -9.51267],
							"rotation": [45.14615, -24.30509, 22.26914],
							"uv": {
								"up": {"uv": [29, 0], "uv_size": [1, 0.5]}
							}
						},
						{
							"origin": [9.32789, 0.58482, -9.88044],
							"size": [0.85253, 0.18458, 0.74707],
							"pivot": [9.77575, 0.71099, -9.50645],
							"rotation": [-45.14615, -24.30509, -22.26914],
							"uv": {
								"south": {"uv": [2, 29], "uv_size": [1, 0.5]},
								"down": {"uv": [3, 29.5], "uv_size": [1, -0.5]}
							}
						},
						{
							"origin": [3.97265, 0.50141, -9.87136],
							"size": [5.49317, 0.42187, 0.79102],
							"pivot": [6.71924, 0.79852, -9.6318],
							"rotation": [-47.5, 0, 0],
							"uv": {
								"east": {"uv": [29, 3], "uv_size": [1, 0.5]},
								"south": {"uv": [19, 15], "uv_size": [5.5, 0.5]},
								"west": {"uv": [4, 29], "uv_size": [1, 0.5]},
								"down": {"uv": [18, 9], "uv_size": [5.5, -1]}
							}
						},
						{
							"origin": [3.97265, 0.50141, -6.91966],
							"size": [5.49317, 0.42187, 0.79102],
							"pivot": [6.71924, 0.79852, -6.3682],
							"rotation": [47.5, 0, 0],
							"uv": {
								"east": {"uv": [29, 4], "uv_size": [1, 0.5]},
								"west": {"uv": [5, 29], "uv_size": [1, 0.5]},
								"down": {"uv": [18, 11], "uv_size": [5.5, -1]}
							}
						},
						{
							"origin": [3.97265, 1.56768, -6.87017],
							"size": [5.49317, 0.50977, 0.84375],
							"pivot": [6.71924, 1.86273, -6.35995],
							"rotation": [-50, 0, 0],
							"uv": {
								"east": {"uv": [29, 5], "uv_size": [1, 0.5]},
								"west": {"uv": [6, 29], "uv_size": [1, 0.5]},
								"up": {"uv": [18, 13], "uv_size": [5.5, 1]}
							}
						},
						{
							"origin": [9.43945, 0.3789, -9.47656],
							"size": [1.87207, 1.81055, 2.94433],
							"uv": {
								"north": {"uv": [19, 2], "uv_size": [2, 2]},
								"south": {"uv": [8, 19], "uv_size": [2, 2]},
								"west": {"uv": [17, 0], "uv_size": [3, 2]},
								"up": {"uv": [8, 16], "uv_size": [2, 3]},
								"down": {"uv": [17, 5], "uv_size": [2, -3]}
							}
						}
					]
				},
				{
					"name": "hexadecagon20",
					"parent": "bone13",
					"pivot": [0, -9.4375, -8.75],
					"rotation": [0, 90, 0],
					"cubes": [
						{
							"origin": [-0.26536, 0.29882, -10.03618],
							"size": [0.44234, 2.22374, 4.19254],
							"pivot": [0, 1.45488, -6.45456],
							"rotation": [0, 0, -45],
							"uv": {
								"north": {"uv": [24, 4], "uv_size": [0.5, 2]},
								"south": {"uv": [6, 24], "uv_size": [0.5, 2]},
								"up": {"uv": [0, 20], "uv_size": [0.5, 4]},
								"down": {"uv": [1, 24], "uv_size": [0.5, -4]}
							}
						},
						{
							"origin": [-0.24509, 0.28527, -10.03618],
							"size": [0.44234, 2.22374, 4.19254],
							"pivot": [0, 1.45488, -6.45456],
							"rotation": [0, 0, -22.5],
							"uv": {
								"north": {"uv": [7, 24], "uv_size": [0.5, 2]},
								"south": {"uv": [24, 7], "uv_size": [0.5, 2]},
								"up": {"uv": [2, 20], "uv_size": [0.5, 4]},
								"down": {"uv": [3, 24], "uv_size": [0.5, -4]}
							}
						},
						{
							"origin": [-0.22117, 0.28051, -10.03618],
							"size": [0.44234, 2.22374, 4.19254],
							"uv": {
								"north": {"uv": [24, 9], "uv_size": [0.5, 2]},
								"south": {"uv": [10, 24], "uv_size": [0.5, 2]},
								"up": {"uv": [4, 20], "uv_size": [0.5, 4]},
								"down": {"uv": [5, 24], "uv_size": [0.5, -4]}
							}
						},
						{
							"origin": [-0.19725, 0.28527, -10.03618],
							"size": [0.44234, 2.22374, 4.19254],
							"pivot": [0, 1.45488, -6.45456],
							"rotation": [0, 0, 22.5],
							"uv": {
								"north": {"uv": [11, 24], "uv_size": [0.5, 2]},
								"south": {"uv": [14, 24], "uv_size": [0.5, 2]},
								"up": {"uv": [6, 20], "uv_size": [0.5, 4]},
								"down": {"uv": [7, 24], "uv_size": [0.5, -4]}
							}
						},
						{
							"origin": [-0.17698, 0.29882, -10.03618],
							"size": [0.44234, 2.22374, 4.19254],
							"pivot": [0, 1.45488, -6.45456],
							"rotation": [0, 0, 45],
							"uv": {
								"north": {"uv": [15, 24], "uv_size": [0.5, 2]},
								"south": {"uv": [16, 24], "uv_size": [0.5, 2]},
								"up": {"uv": [10, 20], "uv_size": [0.5, 4]},
								"down": {"uv": [11, 24], "uv_size": [0.5, -4]}
							}
						},
						{
							"origin": [-1.13579, 1.17598, -10.03618],
							"size": [2.22374, 0.44232, 4.19254],
							"pivot": [0, 1.45488, -6.45456],
							"rotation": [0, 0, -22.5],
							"uv": {
								"north": {"uv": [24, 13], "uv_size": [2, 0.5]},
								"east": {"uv": [20, 0], "uv_size": [4, 0.5]},
								"south": {"uv": [17, 24], "uv_size": [2, 0.5]},
								"west": {"uv": [20, 1], "uv_size": [4, 0.5]}
							}
						},
						{
							"origin": [-1.11187, 1.17122, -10.03618],
							"size": [2.22374, 0.44232, 4.19254],
							"uv": {
								"north": {"uv": [24, 18], "uv_size": [2, 0.5]},
								"east": {"uv": [16, 20], "uv_size": [4, 0.5]},
								"south": {"uv": [24, 20], "uv_size": [2, 0.5]},
								"west": {"uv": [20, 18], "uv_size": [4, 0.5]}
							}
						},
						{
							"origin": [-1.08795, 1.17598, -10.03618],
							"size": [2.22374, 0.44232, 4.19254],
							"pivot": [0, 1.45488, -6.45456],
							"rotation": [0, 0, 22.5],
							"uv": {
								"north": {"uv": [24, 21], "uv_size": [2, 0.5]},
								"east": {"uv": [20, 20], "uv_size": [4, 0.5]},
								"south": {"uv": [23, 24], "uv_size": [2, 0.5]},
								"west": {"uv": [21, 2], "uv_size": [4, 0.5]}
							}
						}
					]
				},
				{
					"name": "hexadecagon38",
					"parent": "bone13",
					"pivot": [0, -9.4375, -8.75],
					"rotation": [0, 90, 0],
					"cubes": [
						{
							"origin": [-0.26499, 0.30069, -10.38774],
							"size": [0.44197, 0.3375, 0.35157],
							"pivot": [0.00019, 1.45581, -10.59867],
							"rotation": [0, 0, -45],
							"uv": {
								"north": {"uv": [30, 2], "uv_size": [0.5, 0.5]},
								"up": {"uv": [30, 3], "uv_size": [0.5, 0.5]},
								"down": {"uv": [4, 30.5], "uv_size": [0.5, -0.5]}
							}
						},
						{
							"origin": [-0.24472, 0.28714, -10.38774],
							"size": [0.44197, 0.3375, 0.35157],
							"pivot": [0.00019, 1.45581, -10.59867],
							"rotation": [0, 0, -22.5],
							"uv": {
								"north": {"uv": [30, 4], "uv_size": [0.5, 0.5]},
								"up": {"uv": [30, 5], "uv_size": [0.5, 0.5]},
								"down": {"uv": [6, 30.5], "uv_size": [0.5, -0.5]}
							}
						},
						{
							"origin": [-0.2208, 0.28238, -10.38774],
							"size": [0.44197, 0.3375, 0.35157],
							"uv": {
								"north": {"uv": [30, 6], "uv_size": [0.5, 0.5]},
								"up": {"uv": [7, 30], "uv_size": [0.5, 0.5]},
								"down": {"uv": [8.5, 30.5], "uv_size": [-0.5, -0.5]}
							}
						},
						{
							"origin": [-0.19688, 0.28714, -10.38774],
							"size": [0.44197, 0.3375, 0.35157],
							"pivot": [0.00019, 1.45581, -10.59867],
							"rotation": [0, 0, 22.5],
							"uv": {
								"north": {"uv": [8, 30], "uv_size": [0.5, 0.5]},
								"up": {"uv": [30, 8], "uv_size": [0.5, 0.5]},
								"down": {"uv": [8.5, 30.5], "uv_size": [-0.5, -0.5]}
							}
						},
						{
							"origin": [-0.17661, 0.30069, -10.38774],
							"size": [0.44197, 0.3375, 0.35157],
							"pivot": [0.00019, 1.45581, -10.59867],
							"rotation": [0, 0, 45],
							"uv": {
								"north": {"uv": [30, 9], "uv_size": [0.5, 0.5]},
								"up": {"uv": [30, 10], "uv_size": [0.5, 0.5]},
								"down": {"uv": [11, 30.5], "uv_size": [0.5, -0.5]}
							}
						},
						{
							"origin": [-0.26499, 2.18506, -10.38774],
							"size": [0.44197, 0.3375, 0.35157],
							"pivot": [0.00019, 1.45581, -10.59867],
							"rotation": [0, 0, -45],
							"uv": {
								"north": {"uv": [30, 11], "uv_size": [0.5, 0.5]},
								"up": {"uv": [30, 12], "uv_size": [0.5, 0.5]},
								"down": {"uv": [13, 30.5], "uv_size": [0.5, -0.5]}
							}
						},
						{
							"origin": [-0.24472, 2.17151, -10.38774],
							"size": [0.44197, 0.3375, 0.35157],
							"pivot": [0.00019, 1.45581, -10.59867],
							"rotation": [0, 0, -22.5],
							"uv": {
								"north": {"uv": [30, 13], "uv_size": [0.5, 0.5]},
								"up": {"uv": [30, 14], "uv_size": [0.5, 0.5]},
								"down": {"uv": [15, 30.5], "uv_size": [0.5, -0.5]}
							}
						},
						{
							"origin": [-0.2208, 2.16675, -10.38774],
							"size": [0.44197, 0.3375, 0.35157],
							"uv": {
								"north": {"uv": [30, 15], "uv_size": [0.5, 0.5]},
								"up": {"uv": [16, 30], "uv_size": [0.5, 0.5]},
								"down": {"uv": [30, 16.5], "uv_size": [0.5, -0.5]}
							}
						},
						{
							"origin": [-0.19688, 2.17151, -10.38774],
							"size": [0.44197, 0.3375, 0.35157],
							"pivot": [0.00019, 1.45581, -10.59867],
							"rotation": [0, 0, 22.5],
							"uv": {
								"north": {"uv": [17, 30], "uv_size": [0.5, 0.5]},
								"up": {"uv": [30, 17], "uv_size": [0.5, 0.5]},
								"down": {"uv": [18, 30.5], "uv_size": [0.5, -0.5]}
							}
						},
						{
							"origin": [-0.17661, 2.18506, -10.38774],
							"size": [0.44197, 0.3375, 0.35157],
							"pivot": [0.00019, 1.45581, -10.59867],
							"rotation": [0, 0, 45],
							"uv": {
								"north": {"uv": [30, 18], "uv_size": [0.5, 0.5]},
								"west": {"uv": [30, 19], "uv_size": [0.5, 0.5]},
								"up": {"uv": [20, 30], "uv_size": [0.5, 0.5]},
								"down": {"uv": [30, 20.5], "uv_size": [0.5, -0.5]}
							}
						},
						{
							"origin": [0.7497, 1.1771, -10.38774],
							"size": [0.3375, 0.44195, 0.35157],
							"pivot": [0.00019, 1.45581, -10.59867],
							"rotation": [0, 0, -22.5],
							"uv": {
								"north": {"uv": [21, 30], "uv_size": [0.5, 0.5]},
								"east": {"uv": [30, 21], "uv_size": [0.5, 0.5]},
								"west": {"uv": [30, 22], "uv_size": [0.5, 0.5]}
							}
						},
						{
							"origin": [0.77362, 1.17234, -10.38774],
							"size": [0.3375, 0.44195, 0.35157],
							"uv": {
								"north": {"uv": [23, 30], "uv_size": [0.5, 0.5]},
								"east": {"uv": [30, 23], "uv_size": [0.5, 0.5]},
								"west": {"uv": [30, 24], "uv_size": [0.5, 0.5]}
							}
						},
						{
							"origin": [0.79754, 1.1771, -10.38774],
							"size": [0.3375, 0.44195, 0.35157],
							"pivot": [0.00019, 1.45581, -10.59867],
							"rotation": [0, 0, 22.5],
							"uv": {
								"north": {"uv": [25, 30], "uv_size": [0.5, 0.5]},
								"east": {"uv": [30, 25], "uv_size": [0.5, 0.5]},
								"west": {"uv": [30, 26], "uv_size": [0.5, 0.5]}
							}
						},
						{
							"origin": [-1.13467, 1.1771, -10.38774],
							"size": [0.3375, 0.44195, 0.35157],
							"pivot": [0.00019, 1.45581, -10.59867],
							"rotation": [0, 0, -22.5],
							"uv": {
								"north": {"uv": [27, 30], "uv_size": [0.5, 0.5]},
								"east": {"uv": [30, 27], "uv_size": [0.5, 0.5]},
								"west": {"uv": [30, 28], "uv_size": [0.5, 0.5]}
							}
						},
						{
							"origin": [-1.11075, 1.17234, -10.38774],
							"size": [0.3375, 0.44195, 0.35157],
							"uv": {
								"north": {"uv": [30, 29], "uv_size": [0.5, 0.5]},
								"east": {"uv": [30, 30], "uv_size": [0.5, 0.5]},
								"west": {"uv": [31, 0], "uv_size": [0.5, 0.5]}
							}
						},
						{
							"origin": [-1.08683, 1.1771, -10.38774],
							"size": [0.3375, 0.44195, 0.35157],
							"pivot": [0.00019, 1.45581, -10.59867],
							"rotation": [0, 0, 22.5],
							"uv": {
								"north": {"uv": [2, 31], "uv_size": [0.5, 0.5]},
								"east": {"uv": [31, 2], "uv_size": [0.5, 0.5]},
								"west": {"uv": [31, 3], "uv_size": [0.5, 0.5]}
							}
						}
					]
				},
				{
					"name": "hexadecagon36",
					"parent": "bone13",
					"pivot": [0, -9.4375, -8.75],
					"rotation": [0, 90, 0],
					"cubes": [
						{
							"origin": [-0.23561, 0.44836, -5.84072],
							"size": [0.38284, 1.92465, 1.05749],
							"pivot": [0, 1.45488, -5.31197],
							"rotation": [0, 0, -45],
							"uv": {
								"up": {"uv": [0, 28], "uv_size": [0.5, 1]},
								"down": {"uv": [28, 1], "uv_size": [0.5, -1]}
							}
						},
						{
							"origin": [-0.21534, 0.43481, -5.84072],
							"size": [0.38284, 1.92465, 1.05749],
							"pivot": [0, 1.45488, -5.31197],
							"rotation": [0, 0, -22.5],
							"uv": {
								"up": {"uv": [1, 28], "uv_size": [0.5, 1]},
								"down": {"uv": [28, 2], "uv_size": [0.5, -1]}
							}
						},
						{
							"origin": [-0.19142, 0.43005, -5.84072],
							"size": [0.38284, 1.92465, 1.05749],
							"uv": {
								"up": {"uv": [2, 28], "uv_size": [0.5, 1]},
								"down": {"uv": [28, 3], "uv_size": [0.5, -1]}
							}
						},
						{
							"origin": [-0.1675, 0.43481, -5.84072],
							"size": [0.38284, 1.92465, 1.05749],
							"pivot": [0, 1.45488, -5.31197],
							"rotation": [0, 0, 22.5],
							"uv": {
								"up": {"uv": [3, 28], "uv_size": [0.5, 1]},
								"down": {"uv": [28, 4], "uv_size": [0.5, -1]}
							}
						},
						{
							"origin": [-0.14723, 0.44836, -5.84072],
							"size": [0.38284, 1.92465, 1.05749],
							"pivot": [0, 1.45488, -5.31197],
							"rotation": [0, 0, 45],
							"uv": {
								"up": {"uv": [4, 28], "uv_size": [0.5, 1]},
								"down": {"uv": [28, 5], "uv_size": [0.5, -1]}
							}
						},
						{
							"origin": [-0.98625, 1.20572, -5.84072],
							"size": [1.92466, 0.38284, 1.05749],
							"pivot": [0, 1.45488, -5.31197],
							"rotation": [0, 0, -22.5],
							"uv": {
								"east": {"uv": [5, 28], "uv_size": [1, 0.5]},
								"west": {"uv": [28, 5], "uv_size": [1, 0.5]}
							}
						},
						{
							"origin": [-0.96233, 1.20096, -5.84072],
							"size": [1.92466, 0.38284, 1.05749],
							"uv": {
								"east": {"uv": [6, 28], "uv_size": [1, 0.5]},
								"west": {"uv": [28, 6], "uv_size": [1, 0.5]}
							}
						},
						{
							"origin": [-0.93841, 1.20572, -5.84072],
							"size": [1.92466, 0.38284, 1.05749],
							"pivot": [0, 1.45488, -5.31197],
							"rotation": [0, 0, 22.5],
							"uv": {
								"east": {"uv": [7, 28], "uv_size": [1, 0.5]},
								"west": {"uv": [28, 7], "uv_size": [1, 0.5]}
							}
						}
					]
				},
				{
					"name": "hexadecagon37",
					"parent": "bone13",
					"pivot": [0, -9.4375, -8],
					"rotation": [0, 90, 0],
					"cubes": [
						{
							"origin": [-0.88533, 1.39844, -1.39062],
							"size": [0.22378, 1.125, 1.125],
							"pivot": [-0.77344, 2.02344, -0.82812],
							"rotation": [0, 45, 0],
							"uv": {
								"north": {"uv": [26, 12], "uv_size": [0.5, 1]},
								"south": {"uv": [26, 13], "uv_size": [0.5, 1]},
								"up": {"uv": [14, 26], "uv_size": [0.5, 1]}
							}
						},
						{
							"origin": [-0.88533, 1.39844, -1.39062],
							"size": [0.22378, 1.125, 1.125],
							"pivot": [-0.77344, 2.02344, -0.82812],
							"rotation": [0, 22.5, 0],
							"uv": {
								"north": {"uv": [15, 26], "uv_size": [0.5, 1]},
								"south": {"uv": [26, 15], "uv_size": [0.5, 1]},
								"up": {"uv": [16, 26], "uv_size": [0.5, 1]}
							}
						},
						{
							"origin": [-0.88533, 1.39844, -1.39062],
							"size": [0.22378, 1.125, 1.125],
							"uv": {
								"north": {"uv": [26, 17], "uv_size": [0.5, 1]},
								"south": {"uv": [26, 18], "uv_size": [0.5, 1]},
								"up": {"uv": [26, 20], "uv_size": [0.5, 1]}
							}
						},
						{
							"origin": [-0.88533, 1.39844, -1.39062],
							"size": [0.22378, 1.125, 1.125],
							"pivot": [-0.77344, 2.02344, -0.82812],
							"rotation": [0, -22.5, 0],
							"uv": {
								"north": {"uv": [26, 21], "uv_size": [0.5, 1]},
								"south": {"uv": [26, 22], "uv_size": [0.5, 1]},
								"up": {"uv": [26, 23], "uv_size": [0.5, 1]}
							}
						},
						{
							"origin": [-0.88533, 1.39844, -1.39062],
							"size": [0.22378, 1.125, 1.125],
							"pivot": [-0.77344, 2.02344, -0.82812],
							"rotation": [0, -45, 0],
							"uv": {
								"north": {"uv": [25, 26], "uv_size": [0.5, 1]},
								"south": {"uv": [26, 25], "uv_size": [0.5, 1]},
								"up": {"uv": [26, 26], "uv_size": [0.5, 1]}
							}
						},
						{
							"origin": [-1.33594, 1.39844, -0.94001],
							"size": [1.125, 1.125, 0.22377],
							"pivot": [-0.77344, 2.02344, -0.82812],
							"rotation": [0, 22.5, 0],
							"uv": {
								"east": {"uv": [1, 27], "uv_size": [0.5, 1]},
								"west": {"uv": [27, 1], "uv_size": [0.5, 1]},
								"up": {"uv": [2, 27], "uv_size": [1, 0.5]}
							}
						},
						{
							"origin": [-1.33594, 1.39844, -0.94001],
							"size": [1.125, 1.125, 0.22377],
							"uv": {
								"east": {"uv": [27, 3], "uv_size": [0.5, 1]},
								"west": {"uv": [4, 27], "uv_size": [0.5, 1]},
								"up": {"uv": [5, 27], "uv_size": [1, 0.5]}
							}
						},
						{
							"origin": [-1.33594, 1.39844, -0.94001],
							"size": [1.125, 1.125, 0.22377],
							"pivot": [-0.77344, 2.02344, -0.82812],
							"rotation": [0, -22.5, 0],
							"uv": {
								"east": {"uv": [7, 27], "uv_size": [0.5, 1]},
								"west": {"uv": [8, 27], "uv_size": [0.5, 1]},
								"up": {"uv": [9, 27], "uv_size": [1, 0.5]}
							}
						}
					]
				},
				{
					"name": "hexadecagon21",
					"parent": "bone13",
					"pivot": [7.17187, 1.32031, -6.10156],
					"rotation": [-90, 0, 180],
					"cubes": [
						{
							"origin": [7.12319, 0.85343, -6.61262],
							"size": [0.18575, 0.93375, 0.93375],
							"pivot": [7.17187, 1.32031, -6.10156],
							"rotation": [0, 45, 0],
							"uv": {
								"north": {"uv": [11, 27], "uv_size": [0.5, 1]},
								"south": {"uv": [12, 27], "uv_size": [0.5, 1]},
								"up": {"uv": [27, 12], "uv_size": [0.5, 1]}
							}
						},
						{
							"origin": [7.10292, 0.85343, -6.62617],
							"size": [0.18575, 0.93375, 0.93375],
							"pivot": [7.17187, 1.32031, -6.10156],
							"rotation": [0, 22.5, 0],
							"uv": {
								"north": {"uv": [27, 13], "uv_size": [0.5, 1]},
								"south": {"uv": [14, 27], "uv_size": [0.5, 1]},
								"up": {"uv": [27, 14], "uv_size": [0.5, 1]}
							}
						},
						{
							"origin": [7.079, 0.85343, -6.63093],
							"size": [0.18575, 0.93375, 0.93375],
							"uv": {
								"north": {"uv": [27, 15], "uv_size": [0.5, 1]},
								"south": {"uv": [16, 27], "uv_size": [0.5, 1]},
								"up": {"uv": [27, 16], "uv_size": [0.5, 1]}
							}
						},
						{
							"origin": [7.05508, 0.85343, -6.62617],
							"size": [0.18575, 0.93375, 0.93375],
							"pivot": [7.17187, 1.32031, -6.10156],
							"rotation": [0, -22.5, 0],
							"uv": {
								"north": {"uv": [27, 17], "uv_size": [0.5, 1]},
								"south": {"uv": [18, 27], "uv_size": [0.5, 1]},
								"up": {"uv": [27, 18], "uv_size": [0.5, 1]}
							}
						},
						{
							"origin": [7.03481, 0.85343, -6.61262],
							"size": [0.18575, 0.93375, 0.93375],
							"pivot": [7.17187, 1.32031, -6.10156],
							"rotation": [0, -45, 0],
							"uv": {
								"north": {"uv": [27, 19], "uv_size": [0.5, 1]},
								"south": {"uv": [20, 27], "uv_size": [0.5, 1]},
								"up": {"uv": [27, 20], "uv_size": [0.5, 1]}
							}
						},
						{
							"origin": [6.72892, 0.85343, -6.25217],
							"size": [0.93375, 0.93375, 0.18573],
							"pivot": [7.17187, 1.32031, -6.10156],
							"rotation": [0, 22.5, 0],
							"uv": {
								"east": {"uv": [27, 21], "uv_size": [0.5, 1]},
								"west": {"uv": [22, 27], "uv_size": [0.5, 1]},
								"up": {"uv": [27, 22], "uv_size": [1, 0.5]}
							}
						},
						{
							"origin": [6.705, 0.85343, -6.25693],
							"size": [0.93375, 0.93375, 0.18573],
							"uv": {
								"east": {"uv": [27, 23], "uv_size": [0.5, 1]},
								"west": {"uv": [24, 27], "uv_size": [0.5, 1]},
								"up": {"uv": [27, 24], "uv_size": [1, 0.5]}
							}
						},
						{
							"origin": [6.68108, 0.85343, -6.25217],
							"size": [0.93375, 0.93375, 0.18573],
							"pivot": [7.17187, 1.32031, -6.10156],
							"rotation": [0, -22.5, 0],
							"uv": {
								"east": {"uv": [27, 25], "uv_size": [0.5, 1]},
								"west": {"uv": [26, 27], "uv_size": [0.5, 1]},
								"up": {"uv": [27, 26], "uv_size": [1, 0.5]}
							}
						}
					]
				},
				{
					"name": "hexadecagon22",
					"parent": "bone13",
					"pivot": [-10.66113, 1.10938, -9.6875],
					"rotation": [90, 0, 0],
					"cubes": [
						{
							"origin": [4.26609, 0.9987, 5.02044],
							"size": [0.06501, 0.22135, 0.32681],
							"pivot": [-10.66113, 1.0039, -9.6875],
							"rotation": [0, 45, 0],
							"uv": {
								"north": {"uv": [31, 4], "uv_size": [0.5, 0.5]},
								"south": {"uv": [5, 31], "uv_size": [0.5, 0.5]},
								"up": {"uv": [31, 5], "uv_size": [0.5, 0.5]}
							}
						},
						{
							"origin": [8.81837, 0.9987, -1.83642],
							"size": [0.06501, 0.22135, 0.32682],
							"pivot": [-10.66113, 1.0039, -9.6875],
							"rotation": [0, 22.5, 0],
							"uv": {
								"north": {"uv": [31, 6], "uv_size": [0.5, 0.5]},
								"south": {"uv": [31, 7], "uv_size": [0.5, 0.5]},
								"up": {"uv": [8, 31], "uv_size": [0.5, 0.5]}
							}
						},
						{
							"origin": [10.40011, 0.9987, -9.9134],
							"size": [0.06501, 0.22135, 0.3268],
							"uv": {
								"north": {"uv": [9, 31], "uv_size": [0.5, 0.5]},
								"south": {"uv": [31, 9], "uv_size": [0.5, 0.5]},
								"up": {"uv": [10, 31], "uv_size": [0.5, 0.5]}
							}
						},
						{
							"origin": [8.77053, 0.9987, -17.98088],
							"size": [0.06501, 0.22135, 0.32682],
							"pivot": [-10.66113, 1.0039, -9.6875],
							"rotation": [0, -22.5, 0],
							"uv": {
								"north": {"uv": [11, 31], "uv_size": [0.5, 0.5]},
								"south": {"uv": [12, 31], "uv_size": [0.5, 0.5]},
								"up": {"uv": [31, 12], "uv_size": [0.5, 0.5]}
							}
						},
						{
							"origin": [4.17771, 0.9987, -24.81063],
							"size": [0.06501, 0.22135, 0.32682],
							"pivot": [-10.66113, 1.0039, -9.6875],
							"rotation": [0, -45, 0],
							"uv": {
								"north": {"uv": [31, 13], "uv_size": [0.5, 0.5]},
								"south": {"uv": [14, 31], "uv_size": [0.5, 0.5]},
								"up": {"uv": [31, 14], "uv_size": [0.5, 0.5]}
							}
						},
						{
							"origin": [8.68746, 0.9987, -1.70551],
							"size": [0.32682, 0.22135, 0.065],
							"pivot": [-10.66113, 1.0039, -9.6875],
							"rotation": [0, 22.5, 0],
							"uv": {
								"east": {"uv": [31, 15], "uv_size": [0.5, 0.5]},
								"west": {"uv": [16, 31], "uv_size": [0.5, 0.5]},
								"up": {"uv": [31, 16], "uv_size": [0.5, 0.5]}
							}
						},
						{
							"origin": [10.26921, 0.9987, -9.78251],
							"size": [0.32681, 0.22135, 0.06502],
							"uv": {
								"east": {"uv": [31, 17], "uv_size": [0.5, 0.5]},
								"west": {"uv": [18, 31], "uv_size": [0.5, 0.5]},
								"up": {"uv": [31, 18], "uv_size": [0.5, 0.5]}
							}
						},
						{
							"origin": [8.63962, 0.9987, -17.84997],
							"size": [0.32682, 0.22135, 0.065],
							"pivot": [-10.66113, 1.0039, -9.6875],
							"rotation": [0, -22.5, 0],
							"uv": {
								"east": {"uv": [31, 19], "uv_size": [0.5, 0.5]},
								"west": {"uv": [20, 31], "uv_size": [0.5, 0.5]},
								"up": {"uv": [31, 20], "uv_size": [0.5, 0.5]}
							}
						}
					]
				},
				{
					"name": "hexadecagon2",
					"parent": "bone13",
					"pivot": [-10.2705, 1.10938, -9.6875],
					"rotation": [90, 0, 0],
					"cubes": [
						{
							"origin": [4.65672, 0.9987, 5.02044],
							"size": [0.06501, 0.22135, 0.32681],
							"pivot": [-10.2705, 1.0039, -9.6875],
							"rotation": [0, 45, 0],
							"uv": {
								"north": {"uv": [31, 4], "uv_size": [0.5, 0.5]},
								"south": {"uv": [5, 31], "uv_size": [0.5, 0.5]},
								"up": {"uv": [31, 5], "uv_size": [0.5, 0.5]}
							}
						},
						{
							"origin": [9.209, 0.9987, -1.83642],
							"size": [0.06501, 0.22135, 0.32682],
							"pivot": [-10.2705, 1.0039, -9.6875],
							"rotation": [0, 22.5, 0],
							"uv": {
								"north": {"uv": [31, 6], "uv_size": [0.5, 0.5]},
								"south": {"uv": [31, 7], "uv_size": [0.5, 0.5]},
								"up": {"uv": [8, 31], "uv_size": [0.5, 0.5]}
							}
						},
						{
							"origin": [10.79074, 0.9987, -9.9134],
							"size": [0.06501, 0.22135, 0.3268],
							"uv": {
								"north": {"uv": [9, 31], "uv_size": [0.5, 0.5]},
								"south": {"uv": [31, 9], "uv_size": [0.5, 0.5]},
								"up": {"uv": [10, 31], "uv_size": [0.5, 0.5]}
							}
						},
						{
							"origin": [9.16116, 0.9987, -17.98088],
							"size": [0.06501, 0.22135, 0.32682],
							"pivot": [-10.2705, 1.0039, -9.6875],
							"rotation": [0, -22.5, 0],
							"uv": {
								"north": {"uv": [11, 31], "uv_size": [0.5, 0.5]},
								"south": {"uv": [12, 31], "uv_size": [0.5, 0.5]},
								"up": {"uv": [31, 12], "uv_size": [0.5, 0.5]}
							}
						},
						{
							"origin": [4.56834, 0.9987, -24.81063],
							"size": [0.06501, 0.22135, 0.32682],
							"pivot": [-10.2705, 1.0039, -9.6875],
							"rotation": [0, -45, 0],
							"uv": {
								"north": {"uv": [31, 13], "uv_size": [0.5, 0.5]},
								"south": {"uv": [14, 31], "uv_size": [0.5, 0.5]},
								"up": {"uv": [31, 14], "uv_size": [0.5, 0.5]}
							}
						},
						{
							"origin": [9.07809, 0.9987, -1.70551],
							"size": [0.32682, 0.22135, 0.065],
							"pivot": [-10.2705, 1.0039, -9.6875],
							"rotation": [0, 22.5, 0],
							"uv": {
								"east": {"uv": [31, 15], "uv_size": [0.5, 0.5]},
								"west": {"uv": [16, 31], "uv_size": [0.5, 0.5]},
								"up": {"uv": [31, 16], "uv_size": [0.5, 0.5]}
							}
						},
						{
							"origin": [10.65984, 0.9987, -9.78251],
							"size": [0.32681, 0.22135, 0.06502],
							"uv": {
								"east": {"uv": [31, 17], "uv_size": [0.5, 0.5]},
								"west": {"uv": [18, 31], "uv_size": [0.5, 0.5]},
								"up": {"uv": [31, 18], "uv_size": [0.5, 0.5]}
							}
						},
						{
							"origin": [9.03025, 0.9987, -17.84997],
							"size": [0.32682, 0.22135, 0.065],
							"pivot": [-10.2705, 1.0039, -9.6875],
							"rotation": [0, -22.5, 0],
							"uv": {
								"east": {"uv": [31, 19], "uv_size": [0.5, 0.5]},
								"west": {"uv": [20, 31], "uv_size": [0.5, 0.5]},
								"up": {"uv": [31, 20], "uv_size": [0.5, 0.5]}
							}
						}
					]
				},
				{
					"name": "bone12",
					"parent": "bone13",
					"pivot": [11.68506, 1.32314, -6.19438]
				},
				{
					"name": "bone11",
					"parent": "bone13",
					"pivot": [11.61474, 1.90796, -6.34093]
				},
				{
					"name": "hexadecagon",
					"parent": "bone13",
					"pivot": [7.16406, 2.09375, -7.22656],
					"cubes": [
						{
							"origin": [7.1214, 2.05844, -7.44106],
							"size": [0.08533, 0.47687, 0.0715],
							"pivot": [7.16406, 2.09375, -7.22656],
							"rotation": [0, 45, 0],
							"uv": {
								"north": {"uv": [33, 10], "uv_size": [0.5, 0.5]},
								"south": {"uv": [11, 33], "uv_size": [0.5, 0.5]},
								"up": {"uv": [33, 11], "uv_size": [0.5, 0.5]}
							}
						},
						{
							"origin": [7.1214, 2.05844, -7.44106],
							"size": [0.08533, 0.47687, 0.0715],
							"pivot": [7.16406, 2.09375, -7.22656],
							"rotation": [0, 22.5, 0],
							"uv": {
								"north": {"uv": [33, 12], "uv_size": [0.5, 0.5]},
								"south": {"uv": [13, 33], "uv_size": [0.5, 0.5]},
								"up": {"uv": [33, 13], "uv_size": [0.5, 0.5]}
							}
						},
						{
							"origin": [7.1214, 2.05844, -7.44106],
							"size": [0.08533, 0.47687, 0.0715],
							"uv": {
								"north": {"uv": [33, 14], "uv_size": [0.5, 0.5]},
								"south": {"uv": [15, 33], "uv_size": [0.5, 0.5]},
								"up": {"uv": [33, 15], "uv_size": [0.5, 0.5]}
							}
						},
						{
							"origin": [7.1214, 2.05844, -7.44106],
							"size": [0.08533, 0.47687, 0.0715],
							"pivot": [7.16406, 2.09375, -7.22656],
							"rotation": [0, -22.5, 0],
							"uv": {
								"north": {"uv": [33, 16], "uv_size": [0.5, 0.5]},
								"south": {"uv": [17, 33], "uv_size": [0.5, 0.5]},
								"up": {"uv": [33, 17], "uv_size": [0.5, 0.5]}
							}
						},
						{
							"origin": [7.1214, 2.05844, -7.44106],
							"size": [0.08533, 0.47687, 0.0715],
							"pivot": [7.16406, 2.09375, -7.22656],
							"rotation": [0, -45, 0],
							"uv": {
								"north": {"uv": [33, 18], "uv_size": [0.5, 0.5]},
								"south": {"uv": [19, 33], "uv_size": [0.5, 0.5]},
								"up": {"uv": [33, 19], "uv_size": [0.5, 0.5]}
							}
						},
						{
							"origin": [7.1214, 2.05844, -7.08356],
							"size": [0.08533, 0.47687, 0.0715],
							"pivot": [7.16406, 2.09375, -7.22656],
							"rotation": [0, 45, 0],
							"uv": {
								"north": {"uv": [33, 20], "uv_size": [0.5, 0.5]},
								"south": {"uv": [21, 33], "uv_size": [0.5, 0.5]},
								"up": {"uv": [33, 21], "uv_size": [0.5, 0.5]}
							}
						},
						{
							"origin": [7.1214, 2.05844, -7.08356],
							"size": [0.08533, 0.47687, 0.0715],
							"pivot": [7.16406, 2.09375, -7.22656],
							"rotation": [0, 22.5, 0],
							"uv": {
								"north": {"uv": [33, 22], "uv_size": [0.5, 0.5]},
								"south": {"uv": [23, 33], "uv_size": [0.5, 0.5]},
								"up": {"uv": [33, 23], "uv_size": [0.5, 0.5]}
							}
						},
						{
							"origin": [7.1214, 2.05844, -7.08356],
							"size": [0.08533, 0.47687, 0.0715],
							"uv": {
								"north": {"uv": [33, 24], "uv_size": [0.5, 0.5]},
								"south": {"uv": [25, 33], "uv_size": [0.5, 0.5]},
								"up": {"uv": [33, 25], "uv_size": [0.5, 0.5]}
							}
						},
						{
							"origin": [7.1214, 2.05844, -7.08356],
							"size": [0.08533, 0.47687, 0.0715],
							"pivot": [7.16406, 2.09375, -7.22656],
							"rotation": [0, -22.5, 0],
							"uv": {
								"north": {"uv": [33, 26], "uv_size": [0.5, 0.5]},
								"south": {"uv": [27, 33], "uv_size": [0.5, 0.5]},
								"up": {"uv": [33, 27], "uv_size": [0.5, 0.5]}
							}
						},
						{
							"origin": [7.1214, 2.05844, -7.08356],
							"size": [0.08533, 0.47687, 0.0715],
							"pivot": [7.16406, 2.09375, -7.22656],
							"rotation": [0, -45, 0],
							"uv": {
								"north": {"uv": [33, 28], "uv_size": [0.5, 0.5]},
								"south": {"uv": [29, 33], "uv_size": [0.5, 0.5]},
								"up": {"uv": [33, 29], "uv_size": [0.5, 0.5]}
							}
						},
						{
							"origin": [7.30706, 2.05844, -7.26923],
							"size": [0.0715, 0.47687, 0.08533],
							"pivot": [7.16406, 2.09375, -7.22656],
							"rotation": [0, 22.5, 0],
							"uv": {
								"east": {"uv": [33, 30], "uv_size": [0.5, 0.5]},
								"west": {"uv": [31, 33], "uv_size": [0.5, 0.5]},
								"up": {"uv": [33, 31], "uv_size": [0.5, 0.5]}
							}
						},
						{
							"origin": [7.30706, 2.05844, -7.26923],
							"size": [0.0715, 0.47687, 0.08533],
							"uv": {
								"east": {"uv": [33, 32], "uv_size": [0.5, 0.5]},
								"west": {"uv": [33, 33], "uv_size": [0.5, 0.5]},
								"up": {"uv": [0, 34], "uv_size": [0.5, 0.5]}
							}
						},
						{
							"origin": [7.30706, 2.05844, -7.26923],
							"size": [0.0715, 0.47687, 0.08533],
							"pivot": [7.16406, 2.09375, -7.22656],
							"rotation": [0, -22.5, 0],
							"uv": {
								"east": {"uv": [1, 34], "uv_size": [0.5, 0.5]},
								"west": {"uv": [34, 1], "uv_size": [0.5, 0.5]},
								"up": {"uv": [2, 34], "uv_size": [0.5, 0.5]}
							}
						},
						{
							"origin": [6.94956, 2.05844, -7.26923],
							"size": [0.0715, 0.47687, 0.08533],
							"pivot": [7.16406, 2.09375, -7.22656],
							"rotation": [0, 22.5, 0],
							"uv": {
								"east": {"uv": [3, 34], "uv_size": [0.5, 0.5]},
								"west": {"uv": [34, 3], "uv_size": [0.5, 0.5]},
								"up": {"uv": [4, 34], "uv_size": [0.5, 0.5]}
							}
						},
						{
							"origin": [6.94956, 2.05844, -7.26923],
							"size": [0.0715, 0.47687, 0.08533],
							"uv": {
								"east": {"uv": [5, 34], "uv_size": [0.5, 0.5]},
								"west": {"uv": [34, 5], "uv_size": [0.5, 0.5]},
								"up": {"uv": [6, 34], "uv_size": [0.5, 0.5]}
							}
						},
						{
							"origin": [6.94956, 2.05844, -7.26923],
							"size": [0.0715, 0.47687, 0.08533],
							"pivot": [7.16406, 2.09375, -7.22656],
							"rotation": [0, -22.5, 0],
							"uv": {
								"east": {"uv": [7, 34], "uv_size": [0.5, 0.5]},
								"west": {"uv": [34, 7], "uv_size": [0.5, 0.5]},
								"up": {"uv": [8, 34], "uv_size": [0.5, 0.5]}
							}
						}
					]
				},
				{
					"name": "support_upper",
					"parent": "scope_body",
					"pivot": [6.71924, 1.86273, -9.64005],
					"cubes": [
						{
							"origin": [8.45508, 2.05987, -10.05268],
							"size": [0.59765, 0.1582, 0.92285],
							"pivot": [8.69678, 1.86273, -9.64005],
							"rotation": [50, 0, 0],
							"uv": {
								"east": {"uv": [29, 6], "uv_size": [1, 0.5]},
								"west": {"uv": [7, 29], "uv_size": [1, 0.5]},
								"up": {"uv": [29, 7], "uv_size": [0.5, 1]}
							}
						},
						{
							"origin": [8.45508, 2.19159, -9.61064],
							"size": [0.59765, 0.1582, 0.50097],
							"pivot": [8.7539, 2.3303, -9.168],
							"rotation": [-17.5, 0, 0],
							"uv": {
								"east": {"uv": [34, 10], "uv_size": [0.5, 0.5]},
								"west": {"uv": [34, 11], "uv_size": [0.5, 0.5]},
								"up": {"uv": [12, 34], "uv_size": [0.5, 0.5]}
							}
						},
						{
							"origin": [8.45508, 0.36078, -9.96804],
							"size": [0.59765, 0.14942, 1.02832],
							"pivot": [6.71924, 0.79852, -9.6318],
							"rotation": [-47.5, 0, 0],
							"uv": {
								"north": {"uv": [13, 34], "uv_size": [0.5, 0.5]},
								"east": {"uv": [29, 8], "uv_size": [1, 0.5]},
								"west": {"uv": [9, 29], "uv_size": [1, 0.5]},
								"down": {"uv": [10, 30], "uv_size": [0.5, -1]}
							}
						},
						{
							"origin": [8.45508, 0.36078, -7.06028],
							"size": [0.59765, 0.14942, 0.94043],
							"pivot": [6.71924, 0.79852, -6.3682],
							"rotation": [47.5, 0, 0],
							"uv": {
								"east": {"uv": [29, 10], "uv_size": [1, 0.5]},
								"west": {"uv": [11, 29], "uv_size": [1, 0.5]},
								"down": {"uv": [12, 30], "uv_size": [0.5, -1]}
							}
						},
						{
							"origin": [8.45508, 1.08514, -6.68673],
							"size": [0.59765, 0.1494, 0.30762],
							"pivot": [8.7539, 1.13098, -6.16107],
							"rotation": [117.5, 0, 0],
							"uv": {
								"east": {"uv": [15, 34], "uv_size": [0.5, 0.5]},
								"west": {"uv": [16, 34], "uv_size": [0.5, 0.5]},
								"down": {"uv": [17, 34.5], "uv_size": [0.5, -0.5]}
							}
						},
						{
							"origin": [8.45508, -0.22042, -9.26545],
							"size": [0.59765, 0.1494, 0.67676],
							"pivot": [8.7539, -0.12434, -9.09127],
							"rotation": [-70, 0, 0],
							"uv": {
								"east": {"uv": [18, 34], "uv_size": [0.5, 0.5]},
								"south": {"uv": [34, 18], "uv_size": [0.5, 0.5]},
								"west": {"uv": [19, 34], "uv_size": [0.5, 0.5]},
								"up": {"uv": [34, 19], "uv_size": [0.5, 0.5]},
								"down": {"uv": [20, 34.5], "uv_size": [0.5, -0.5]}
							}
						},
						{
							"origin": [8.45508, -0.2405, -9.20721],
							"size": [0.59765, 0.22852, 0.3164],
							"pivot": [8.7539, -0.12434, -9.01217],
							"rotation": [-117.5, 0, 0],
							"uv": {
								"east": {"uv": [21, 34], "uv_size": [0.5, 0.5]},
								"west": {"uv": [22, 34], "uv_size": [0.5, 0.5]},
								"up": {"uv": [34, 22], "uv_size": [0.5, 0.5]}
							}
						},
						{
							"origin": [8.45508, -0.22042, -7.41131],
							"size": [0.59765, 0.1494, 0.67676],
							"pivot": [8.7539, -0.12434, -6.90873],
							"rotation": [70, 0, 0],
							"uv": {
								"north": {"uv": [34, 23], "uv_size": [0.5, 0.5]},
								"east": {"uv": [24, 34], "uv_size": [0.5, 0.5]},
								"west": {"uv": [25, 34], "uv_size": [0.5, 0.5]},
								"up": {"uv": [34, 25], "uv_size": [0.5, 0.5]},
								"down": {"uv": [26, 34.5], "uv_size": [0.5, -0.5]}
							}
						},
						{
							"origin": [8.45508, -0.2405, -7.10919],
							"size": [0.59765, 0.22852, 0.3164],
							"pivot": [8.7539, -0.12434, -6.98783],
							"rotation": [117.5, 0, 0],
							"uv": {
								"east": {"uv": [27, 34], "uv_size": [0.5, 0.5]},
								"west": {"uv": [28, 34], "uv_size": [0.5, 0.5]},
								"up": {"uv": [34, 28], "uv_size": [0.5, 0.5]}
							}
						},
						{
							"origin": [5.09765, 2.05987, -10.05268],
							"size": [0.59766, 0.1582, 0.92285],
							"pivot": [5.33936, 1.86273, -9.64005],
							"rotation": [50, 0, 0],
							"uv": {
								"east": {"uv": [29, 12], "uv_size": [1, 0.5]},
								"west": {"uv": [13, 29], "uv_size": [1, 0.5]},
								"up": {"uv": [29, 13], "uv_size": [0.5, 1]}
							}
						},
						{
							"origin": [5.09765, 2.19159, -9.61064],
							"size": [0.59766, 0.1582, 0.50097],
							"pivot": [5.39648, 2.3303, -9.168],
							"rotation": [-17.5, 0, 0],
							"uv": {
								"east": {"uv": [31, 34], "uv_size": [0.5, 0.5]},
								"west": {"uv": [32, 34], "uv_size": [0.5, 0.5]},
								"up": {"uv": [34, 32], "uv_size": [0.5, 0.5]}
							}
						},
						{
							"origin": [5.09765, 1.39717, -10.39813],
							"size": [3.95508, 0.17578, 1.02832],
							"pivot": [5.39648, 1.47627, -10.10028],
							"rotation": [-90, 0, 0],
							"uv": {
								"north": {"uv": [16, 21], "uv_size": [4, 0.5]},
								"east": {"uv": [29, 14], "uv_size": [1, 0.5]},
								"south": {"uv": [20, 21], "uv_size": [4, 0.5]},
								"west": {"uv": [15, 29], "uv_size": [1, 0.5]},
								"down": {"uv": [10, 20], "uv_size": [4, -1]}
							}
						},
						{
							"origin": [5.09765, -0.00747, -9.48697],
							"size": [3.95508, 0.21973, 2.97949],
							"uv": {
								"north": {"uv": [12, 22], "uv_size": [4, 0.5]},
								"east": {"uv": [23, 22], "uv_size": [3, 0.5]},
								"south": {"uv": [22, 14], "uv_size": [4, 0.5]},
								"west": {"uv": [23, 23], "uv_size": [3, 0.5]},
								"down": {"uv": [12, 13], "uv_size": [4, -3]}
							}
						},
						{
							"origin": [5.09765, 0.36078, -9.96804],
							"size": [0.59766, 0.14942, 1.02832],
							"pivot": [3.36181, 0.79852, -9.6318],
							"rotation": [-47.5, 0, 0],
							"uv": {
								"north": {"uv": [34, 33], "uv_size": [0.5, 0.5]},
								"east": {"uv": [29, 15], "uv_size": [1, 0.5]},
								"west": {"uv": [16, 29], "uv_size": [1, 0.5]},
								"down": {"uv": [17, 30], "uv_size": [0.5, -1]}
							}
						},
						{
							"origin": [5.09765, 0.36078, -7.06028],
							"size": [0.59766, 0.14942, 0.94043],
							"pivot": [3.36181, 0.79852, -6.3682],
							"rotation": [47.5, 0, 0],
							"uv": {
								"east": {"uv": [29, 17], "uv_size": [1, 0.5]},
								"west": {"uv": [18, 29], "uv_size": [1, 0.5]},
								"down": {"uv": [19, 30], "uv_size": [0.5, -1]}
							}
						},
						{
							"origin": [5.09765, 1.08514, -6.68673],
							"size": [0.59766, 0.1494, 0.30762],
							"pivot": [5.39648, 1.13098, -6.16107],
							"rotation": [117.5, 0, 0],
							"uv": {
								"east": {"uv": [1, 35], "uv_size": [0.5, 0.5]},
								"west": {"uv": [2, 35], "uv_size": [0.5, 0.5]},
								"down": {"uv": [3, 35.5], "uv_size": [0.5, -0.5]}
							}
						},
						{
							"origin": [5.09765, -0.22042, -9.26545],
							"size": [0.59766, 0.1494, 0.67676],
							"pivot": [5.39648, -0.12434, -9.09127],
							"rotation": [-70, 0, 0],
							"uv": {
								"east": {"uv": [4, 35], "uv_size": [0.5, 0.5]},
								"south": {"uv": [35, 4], "uv_size": [0.5, 0.5]},
								"west": {"uv": [5, 35], "uv_size": [0.5, 0.5]},
								"up": {"uv": [35, 5], "uv_size": [0.5, 0.5]},
								"down": {"uv": [6, 35.5], "uv_size": [0.5, -0.5]}
							}
						},
						{
							"origin": [5.09765, -0.2405, -9.20721],
							"size": [0.59766, 0.22852, 0.3164],
							"pivot": [5.39648, -0.12434, -9.01217],
							"rotation": [-117.5, 0, 0],
							"uv": {
								"east": {"uv": [7, 35], "uv_size": [0.5, 0.5]},
								"west": {"uv": [8, 35], "uv_size": [0.5, 0.5]},
								"up": {"uv": [35, 8], "uv_size": [0.5, 0.5]}
							}
						},
						{
							"origin": [5.09765, -0.22042, -7.41131],
							"size": [0.59766, 0.1494, 0.67676],
							"pivot": [5.39648, -0.12434, -6.90873],
							"rotation": [70, 0, 0],
							"uv": {
								"north": {"uv": [35, 9], "uv_size": [0.5, 0.5]},
								"east": {"uv": [10, 35], "uv_size": [0.5, 0.5]},
								"west": {"uv": [11, 35], "uv_size": [0.5, 0.5]},
								"up": {"uv": [35, 11], "uv_size": [0.5, 0.5]},
								"down": {"uv": [12, 35.5], "uv_size": [0.5, -0.5]}
							}
						},
						{
							"origin": [5.09765, -0.2405, -7.10919],
							"size": [0.59766, 0.22852, 0.3164],
							"pivot": [5.39648, -0.12434, -6.98783],
							"rotation": [117.5, 0, 0],
							"uv": {
								"east": {"uv": [13, 35], "uv_size": [0.5, 0.5]},
								"west": {"uv": [14, 35], "uv_size": [0.5, 0.5]},
								"up": {"uv": [35, 14], "uv_size": [0.5, 0.5]}
							}
						}
					]
				},
				{
					"name": "bone14",
					"parent": "support_upper",
					"pivot": [3.34454, 2.02738, -8],
					"rotation": [90, 0, 0],
					"cubes": [
						{
							"origin": [5.09765, 4.19959, -9.14765],
							"size": [0.41309, 0.38672, 0.80859],
							"uv": {
								"east": {"uv": [29, 19], "uv_size": [1, 0.5]},
								"west": {"uv": [20, 29], "uv_size": [1, 0.5]},
								"up": {"uv": [29, 20], "uv_size": [0.5, 1]}
							}
						},
						{
							"origin": [5.09765, 4.38872, -9.22915],
							"size": [0.41309, 0.28124, 0.25488],
							"pivot": [5.18994, 4.4052, -8.9534],
							"rotation": [42.5, 0, 0],
							"uv": {
								"north": {"uv": [35, 16], "uv_size": [0.5, 0.5]},
								"east": {"uv": [17, 35], "uv_size": [0.5, 0.5]},
								"west": {"uv": [35, 17], "uv_size": [0.5, 0.5]},
								"up": {"uv": [18, 35], "uv_size": [0.5, 0.5]}
							}
						},
						{
							"origin": [5.09765, 4.30428, -8.47961],
							"size": [0.41309, 0.28124, 0.25489],
							"pivot": [5.18994, 4.4052, -8.40832],
							"rotation": [-42.5, 0, 0],
							"uv": {
								"east": {"uv": [19, 35], "uv_size": [0.5, 0.5]},
								"south": {"uv": [35, 19], "uv_size": [0.5, 0.5]},
								"west": {"uv": [20, 35], "uv_size": [0.5, 0.5]},
								"up": {"uv": [35, 20], "uv_size": [0.5, 0.5]}
							}
						}
					]
				},
				{
					"name": "bone16",
					"parent": "support_upper",
					"pivot": [4.04767, 2.02738, -8],
					"rotation": [90, 0, 0],
					"cubes": [
						{
							"origin": [5.80078, 4.19959, -9.14765],
							"size": [0.41308, 0.38672, 0.80859],
							"uv": {
								"east": {"uv": [29, 21], "uv_size": [1, 0.5]},
								"west": {"uv": [22, 29], "uv_size": [1, 0.5]},
								"up": {"uv": [29, 22], "uv_size": [0.5, 1]}
							}
						},
						{
							"origin": [5.80078, 4.38872, -9.22915],
							"size": [0.41308, 0.28124, 0.25488],
							"pivot": [5.89307, 4.4052, -8.9534],
							"rotation": [42.5, 0, 0],
							"uv": {
								"north": {"uv": [35, 22], "uv_size": [0.5, 0.5]},
								"east": {"uv": [23, 35], "uv_size": [0.5, 0.5]},
								"west": {"uv": [35, 23], "uv_size": [0.5, 0.5]},
								"up": {"uv": [24, 35], "uv_size": [0.5, 0.5]}
							}
						},
						{
							"origin": [5.80078, 4.30428, -8.47961],
							"size": [0.41308, 0.28124, 0.25489],
							"pivot": [5.89307, 4.4052, -8.40832],
							"rotation": [-42.5, 0, 0],
							"uv": {
								"east": {"uv": [25, 35], "uv_size": [0.5, 0.5]},
								"south": {"uv": [35, 25], "uv_size": [0.5, 0.5]},
								"west": {"uv": [26, 35], "uv_size": [0.5, 0.5]},
								"up": {"uv": [35, 26], "uv_size": [0.5, 0.5]}
							}
						}
					]
				},
				{
					"name": "bone15",
					"parent": "support_upper",
					"pivot": [4.75079, 2.02738, -8],
					"rotation": [90, 0, 0],
					"cubes": [
						{
							"origin": [6.5039, 4.19959, -9.14765],
							"size": [0.41309, 0.38672, 0.80859],
							"uv": {
								"east": {"uv": [29, 23], "uv_size": [1, 0.5]},
								"west": {"uv": [24, 29], "uv_size": [1, 0.5]},
								"up": {"uv": [29, 24], "uv_size": [0.5, 1]}
							}
						},
						{
							"origin": [6.5039, 4.38872, -9.22915],
							"size": [0.41309, 0.28124, 0.25488],
							"pivot": [6.59619, 4.4052, -8.9534],
							"rotation": [42.5, 0, 0],
							"uv": {
								"north": {"uv": [35, 28], "uv_size": [0.5, 0.5]},
								"east": {"uv": [29, 35], "uv_size": [0.5, 0.5]},
								"west": {"uv": [35, 29], "uv_size": [0.5, 0.5]},
								"up": {"uv": [30, 35], "uv_size": [0.5, 0.5]}
							}
						},
						{
							"origin": [6.5039, 4.30428, -8.47961],
							"size": [0.41309, 0.28124, 0.25489],
							"pivot": [6.59619, 4.4052, -8.40832],
							"rotation": [-42.5, 0, 0],
							"uv": {
								"east": {"uv": [31, 35], "uv_size": [0.5, 0.5]},
								"south": {"uv": [35, 31], "uv_size": [0.5, 0.5]},
								"west": {"uv": [32, 35], "uv_size": [0.5, 0.5]},
								"up": {"uv": [35, 32], "uv_size": [0.5, 0.5]}
							}
						}
					]
				},
				{
					"name": "bone17",
					"parent": "support_upper",
					"pivot": [5.45392, 2.02738, -8],
					"rotation": [90, 0, 0],
					"cubes": [
						{
							"origin": [7.20703, 4.19959, -9.14765],
							"size": [0.41308, 0.38672, 0.80859],
							"uv": {
								"east": {"uv": [29, 25], "uv_size": [1, 0.5]},
								"west": {"uv": [26, 29], "uv_size": [1, 0.5]},
								"up": {"uv": [29, 26], "uv_size": [0.5, 1]}
							}
						},
						{
							"origin": [7.20703, 4.38872, -9.22915],
							"size": [0.41308, 0.28124, 0.25488],
							"pivot": [7.29932, 4.4052, -8.9534],
							"rotation": [42.5, 0, 0],
							"uv": {
								"north": {"uv": [35, 34], "uv_size": [0.5, 0.5]},
								"east": {"uv": [35, 35], "uv_size": [0.5, 0.5]},
								"west": {"uv": [0, 36], "uv_size": [0.5, 0.5]},
								"up": {"uv": [36, 0], "uv_size": [0.5, 0.5]}
							}
						},
						{
							"origin": [7.20703, 4.30428, -8.47961],
							"size": [0.41308, 0.28124, 0.25489],
							"pivot": [7.29932, 4.4052, -8.40832],
							"rotation": [-42.5, 0, 0],
							"uv": {
								"east": {"uv": [36, 1], "uv_size": [0.5, 0.5]},
								"south": {"uv": [2, 36], "uv_size": [0.5, 0.5]},
								"west": {"uv": [36, 2], "uv_size": [0.5, 0.5]},
								"up": {"uv": [3, 36], "uv_size": [0.5, 0.5]}
							}
						}
					]
				},
				{
					"name": "bone19",
					"parent": "support_upper",
					"pivot": [6.15704, 2.02738, -8],
					"rotation": [90, 0, 0],
					"cubes": [
						{
							"origin": [7.91015, 4.19959, -9.14765],
							"size": [0.41309, 0.38672, 0.80859],
							"uv": {
								"east": {"uv": [29, 27], "uv_size": [1, 0.5]},
								"west": {"uv": [28, 29], "uv_size": [1, 0.5]},
								"up": {"uv": [29, 28], "uv_size": [0.5, 1]}
							}
						},
						{
							"origin": [7.91015, 4.38872, -9.22915],
							"size": [0.41309, 0.28124, 0.25488],
							"pivot": [8.00244, 4.4052, -8.9534],
							"rotation": [42.5, 0, 0],
							"uv": {
								"north": {"uv": [5, 36], "uv_size": [0.5, 0.5]},
								"east": {"uv": [36, 5], "uv_size": [0.5, 0.5]},
								"west": {"uv": [6, 36], "uv_size": [0.5, 0.5]},
								"up": {"uv": [36, 6], "uv_size": [0.5, 0.5]}
							}
						},
						{
							"origin": [7.91015, 4.30428, -8.47961],
							"size": [0.41309, 0.28124, 0.25489],
							"pivot": [8.00244, 4.4052, -8.40832],
							"rotation": [-42.5, 0, 0],
							"uv": {
								"east": {"uv": [36, 7], "uv_size": [0.5, 0.5]},
								"south": {"uv": [8, 36], "uv_size": [0.5, 0.5]},
								"west": {"uv": [36, 8], "uv_size": [0.5, 0.5]},
								"up": {"uv": [9, 36], "uv_size": [0.5, 0.5]}
							}
						}
					]
				},
				{
					"name": "bone18",
					"parent": "support_upper",
					"pivot": [6.88654, 2.02738, -8],
					"rotation": [90, 0, 0],
					"cubes": [
						{
							"origin": [8.63965, 4.19959, -9.14765],
							"size": [0.41308, 0.38672, 0.80859],
							"uv": {
								"east": {"uv": [0, 30], "uv_size": [1, 0.5]},
								"west": {"uv": [30, 0], "uv_size": [1, 0.5]},
								"up": {"uv": [1, 30], "uv_size": [0.5, 1]}
							}
						},
						{
							"origin": [8.63965, 4.38872, -9.22915],
							"size": [0.41308, 0.28124, 0.25488],
							"pivot": [8.73193, 4.4052, -8.9534],
							"rotation": [42.5, 0, 0],
							"uv": {
								"north": {"uv": [11, 36], "uv_size": [0.5, 0.5]},
								"east": {"uv": [36, 11], "uv_size": [0.5, 0.5]},
								"west": {"uv": [12, 36], "uv_size": [0.5, 0.5]},
								"up": {"uv": [36, 12], "uv_size": [0.5, 0.5]}
							}
						},
						{
							"origin": [8.63965, 4.30428, -8.47961],
							"size": [0.41308, 0.28124, 0.25489],
							"pivot": [8.73193, 4.4052, -8.40832],
							"rotation": [-42.5, 0, 0],
							"uv": {
								"east": {"uv": [36, 13], "uv_size": [0.5, 0.5]},
								"south": {"uv": [14, 36], "uv_size": [0.5, 0.5]},
								"west": {"uv": [36, 14], "uv_size": [0.5, 0.5]},
								"up": {"uv": [15, 36], "uv_size": [0.5, 0.5]}
							}
						}
					]
				},
				{
					"name": "ocular",
					"pivot": [0.01123, 1.26074, 3.3125]
				},
				{
					"name": "ocular_illuminated",
					"parent": "ocular",
					"pivot": [0.01123, 1.26074, 3.3125],
					"cubes": [
						{
							"origin": [0.01123, 0.5664, 1.49659],
							"size": [0, 1.38868, 3.63182],
							"pivot": [0.01123, 1.26074, 3.3125],
							"rotation": [0, -90, 0],
							"uv": {
								"west": {"uv": [0, 39.5], "uv_size": [64, 24.5]}
							}
						}
					]
				},
				{
					"name": "ocular_ring",
					"pivot": [-8, 0, -8],
					"rotation": [0, -90, 0],
					"cubes": [
						{
							"origin": [3.45215, 2.09277, -17.49414],
							"size": [0.59765, 0.09668, 2.97949],
							"uv": {
								"north": {"uv": [32, 21], "uv_size": [0.5, 0.5]},
								"west": {"uv": [16, 22], "uv_size": [3, 0.5]},
								"up": {"uv": [8, 22], "uv_size": [0.5, 3]},
								"down": {"uv": [9, 25], "uv_size": [0.5, -3]}
							}
						},
						{
							"origin": [3.45215, 1.82467, -14.67144],
							"size": [0.59765, 0.09668, 0.65918],
							"pivot": [3.68506, 1.90796, -14.34093],
							"rotation": [-56, 0, 0],
							"uv": {
								"west": {"uv": [32, 23], "uv_size": [0.5, 0.5]},
								"up": {"uv": [24, 32], "uv_size": [0.5, 0.5]},
								"down": {"uv": [32, 24.5], "uv_size": [0.5, -0.5]}
							}
						},
						{
							"origin": [3.45215, 1.2748, -14.5142],
							"size": [0.59765, 0.09668, 0.75585],
							"pivot": [3.68506, 1.32314, -14.19438],
							"rotation": [-90, 0, 0],
							"uv": {
								"south": {"uv": [32, 25], "uv_size": [0.5, 0.5]},
								"west": {"uv": [28, 19], "uv_size": [1, 0.5]},
								"up": {"uv": [20, 28], "uv_size": [0.5, 1]},
								"down": {"uv": [28, 21], "uv_size": [0.5, -1]}
							}
						},
						{
							"origin": [3.31152, 1.95215, -17.49414],
							"size": [0.17578, 0.2373, 2.97949],
							"uv": {
								"west": {"uv": [19, 22], "uv_size": [3, 0.5]},
								"up": {"uv": [22, 22], "uv_size": [0.5, 3]},
								"down": {"uv": [23, 6], "uv_size": [0.5, -3]}
							}
						},
						{
							"origin": [3.31152, 1.68405, -17.99652],
							"size": [0.17578, 0.2373, 0.65918],
							"pivot": [3.61474, 1.90796, -17.66786],
							"rotation": [56, 0, 0],
							"uv": {
								"west": {"uv": [28, 32], "uv_size": [0.5, 0.5]},
								"up": {"uv": [32, 28], "uv_size": [0.5, 0.5]},
								"down": {"uv": [29, 32.5], "uv_size": [0.5, -0.5]}
							}
						},
						{
							"origin": [3.31152, 1.13418, -18.25044],
							"size": [0.17578, 0.2373, 0.75585],
							"pivot": [3.61474, 1.32314, -17.81441],
							"rotation": [90, 0, 0],
							"uv": {
								"west": {"uv": [28, 21], "uv_size": [1, 0.5]},
								"up": {"uv": [22, 28], "uv_size": [0.5, 1]},
								"down": {"uv": [28, 23], "uv_size": [0.5, -1]}
							}
						},
						{
							"origin": [3.31152, 0.66383, -17.8929],
							"size": [0.17578, 0.2373, 0.65918],
							"pivot": [3.61474, 0.74712, -17.66786],
							"rotation": [-56, 0, 0],
							"uv": {
								"west": {"uv": [32, 32], "uv_size": [0.5, 0.5]},
								"up": {"uv": [0, 33], "uv_size": [0.5, 0.5]},
								"down": {"uv": [33, 0.5], "uv_size": [0.5, -0.5]}
							}
						},
						{
							"origin": [3.31152, 0.34063, -17.49414],
							"size": [0.18359, 0.2373, 2.97949],
							"uv": {
								"west": {"uv": [23, 6], "uv_size": [3, 0.5]},
								"up": {"uv": [12, 23], "uv_size": [0.5, 3]},
								"down": {"uv": [13, 26], "uv_size": [0.5, -3]}
							}
						},
						{
							"origin": [3.31152, 0.66383, -14.77506],
							"size": [0.17578, 0.2373, 0.65918],
							"pivot": [3.61474, 0.74712, -14.34093],
							"rotation": [56, 0, 0],
							"uv": {
								"west": {"uv": [33, 3], "uv_size": [0.5, 0.5]},
								"up": {"uv": [4, 33], "uv_size": [0.5, 0.5]},
								"down": {"uv": [33, 4.5], "uv_size": [0.5, -0.5]}
							}
						},
						{
							"origin": [3.31152, 1.13418, -14.5142],
							"size": [0.17578, 0.2373, 0.75585],
							"pivot": [3.61474, 1.32314, -14.19438],
							"rotation": [-90, 0, 0],
							"uv": {
								"west": {"uv": [28, 23], "uv_size": [1, 0.5]},
								"up": {"uv": [24, 28], "uv_size": [0.5, 1]},
								"down": {"uv": [28, 25], "uv_size": [0.5, -1]}
							}
						},
						{
							"origin": [3.31152, 1.68405, -14.67144],
							"size": [0.17578, 0.2373, 0.65918],
							"pivot": [3.61474, 1.90796, -14.34093],
							"rotation": [-56, 0, 0],
							"uv": {
								"west": {"uv": [7, 33], "uv_size": [0.5, 0.5]},
								"up": {"uv": [33, 7], "uv_size": [0.5, 0.5]},
								"down": {"uv": [8, 33.5], "uv_size": [0.5, -0.5]}
							}
						},
						{
							"origin": [2.8125, 2.20313, -16.625],
							"size": [0.875, 0, 1.25],
							"pivot": [3.25, 2.20313, -16],
							"rotation": [0, -90, 0],
							"uv": {
								"up": {"uv": [48, 16], "uv_size": [16, 22.5]}
							}
						}
					]
				},
				{
					"name": "divisions",
					"pivot": [-0.03125, -0.53906, 20]
				},
				{
					"name": "division",
					"parent": "divisions",
					"pivot": [-0.03125, -0.61686, -76]
				},
				{
					"name": "dot_illuminated",
					"parent": "division",
					"pivot": [-0.03125, 1.33594, -76],
					"cubes": [
						{
							"origin": [6.96659, -1.91621, -79.6875],
							"size": [0.5, 0.5, 0],
							"pivot": [-0.03125, -8.91405, -79.71875],
							"rotation": [0, 0, -45],
							"uv": {
								"south": {"uv": [16, 36], "uv_size": [0.5, 0.5]}
							}
						},
						{
							"origin": [6.88065, -2.00215, -79.69531],
							"size": [0.67188, 0.67188, 0],
							"pivot": [-0.03125, -8.91405, -79.72656],
							"rotation": [0, 0, -45],
							"uv": {
								"south": {"uv": [0, 0], "uv_size": [0.5, 0.5]}
							}
						},
						{
							"origin": [50.96875, -39.03905, -79.75],
							"size": [26, 80.74999, 0],
							"uv": {
								"south": {"uv": [2, 30], "uv_size": [0.5, 1]}
							}
						},
						{
							"origin": [-76.96875, -34.03905, -79.75],
							"size": [26, 70.74999, 0],
							"uv": {
								"south": {"uv": [2.5, 30], "uv_size": [-0.5, 1]}
							}
						},
						{
							"origin": [18.71876, -91.28905, -79.75],
							"size": [20, 152.75, 0],
							"pivot": [-0.03125, -14.91405, -79.75],
							"rotation": [0, 0, 90],
							"uv": {
								"south": {"uv": [2, 30], "uv_size": [0.5, 1]}
							}
						},
						{
							"origin": [18.71876, -61.46095, -79.75],
							"size": [20, 152.75, 0],
							"pivot": [-0.03125, 14.91405, -79.75],
							"rotation": [0, 0, -90],
							"uv": {
								"south": {"uv": [2, 31], "uv_size": [0.5, -1]}
							}
						},
						{
							"origin": [17.96875, 1.28908, -79.75],
							"size": [6, 0.09375, 0],
							"uv": {
								"south": {"uv": [4.5, 21.5], "uv_size": [-0.21429, 1]}
							}
						},
						{
							"origin": [16.09375, 1.28908, -79.75],
							"size": [0.1875, 0.09375, 0],
							"uv": {
								"south": {"uv": [4.5, 21.5], "uv_size": [-0.21429, 1]}
							}
						},
						{
							"origin": [14.09375, 1.28908, -79.75],
							"size": [0.1875, 0.09375, 0],
							"uv": {
								"south": {"uv": [4.5, 21.5], "uv_size": [-0.21429, 1]}
							}
						},
						{
							"origin": [12.09375, 1.28908, -79.75],
							"size": [0.1875, 0.09375, 0],
							"uv": {
								"south": {"uv": [4.5, 21.5], "uv_size": [-0.21429, 1]}
							}
						},
						{
							"origin": [4.96875, 7.28908, -79.75],
							"size": [20, 0.09375, 0],
							"uv": {
								"south": {"uv": [2.5, 30], "uv_size": [-0.21429, 1]}
							}
						},
						{
							"origin": [11.15625, 1.03908, -79.75],
							"size": [0.0625, 0.59375, 0],
							"uv": {
								"south": {"uv": [2.5, 30], "uv_size": [-0.21429, 1]}
							}
						},
						{
							"origin": [10.40625, 1.22658, -79.75],
							"size": [0.0625, 0.21875, 0],
							"uv": {
								"south": {"uv": [2.5, 30], "uv_size": [-0.21429, 1]}
							}
						},
						{
							"origin": [9.65625, 1.03908, -79.75],
							"size": [0.0625, 0.59375, 0],
							"uv": {
								"south": {"uv": [2.5, 30], "uv_size": [-0.21429, 1]}
							}
						},
						{
							"origin": [8.90625, 1.22658, -79.75],
							"size": [0.0625, 0.21875, 0],
							"uv": {
								"south": {"uv": [2.5, 30], "uv_size": [-0.21429, 1]}
							}
						},
						{
							"origin": [8.15625, 1.03908, -79.75],
							"size": [0.0625, 0.59375, 0],
							"uv": {
								"south": {"uv": [2.5, 30], "uv_size": [-0.21429, 1]}
							}
						},
						{
							"origin": [7.40625, 1.22658, -79.75],
							"size": [0.0625, 0.21875, 0],
							"uv": {
								"south": {"uv": [2.5, 30], "uv_size": [-0.21429, 1]}
							}
						},
						{
							"origin": [5.90625, 1.22658, -79.75],
							"size": [0.0625, 0.21875, 0],
							"uv": {
								"south": {"uv": [2.5, 30], "uv_size": [-0.21429, 1]}
							}
						},
						{
							"origin": [6.65625, 1.03908, -79.75],
							"size": [0.0625, 0.59375, 0],
							"uv": {
								"south": {"uv": [2.5, 30], "uv_size": [-0.21429, 1]}
							}
						},
						{
							"origin": [5.15625, 1.03908, -79.75],
							"size": [0.0625, 0.59375, 0],
							"uv": {
								"south": {"uv": [2.5, 30], "uv_size": [-0.21429, 1]}
							}
						},
						{
							"origin": [4.40625, 1.22658, -79.75],
							"size": [0.0625, 0.21875, 0],
							"uv": {
								"south": {"uv": [2.5, 30], "uv_size": [-0.21429, 1]}
							}
						},
						{
							"origin": [2.90625, 1.22658, -79.75],
							"size": [0.0625, 0.21875, 0],
							"uv": {
								"south": {"uv": [2.5, 30], "uv_size": [-0.21429, 1]}
							}
						},
						{
							"origin": [3.65625, 1.03908, -79.75],
							"size": [0.0625, 0.59375, 0],
							"uv": {
								"south": {"uv": [2.5, 30], "uv_size": [-0.21429, 1]}
							}
						},
						{
							"origin": [-0.07812, -7.1953, -79.75],
							"size": [0.09375, 2.5625, 0],
							"uv": {
								"south": {"uv": [2.5, 30], "uv_size": [-0.21429, 1]}
							}
						},
						{
							"origin": [-0.07812, 7.30468, -79.75],
							"size": [0.09375, 2.5625, 0],
							"uv": {
								"south": {"uv": [2.5, 31], "uv_size": [-0.21429, -1]}
							}
						},
						{
							"origin": [25.98438, 5.39845, -79.75],
							"size": [0.875, 0.09375, 0],
							"pivot": [24.92188, 5.44533, -79.75],
							"rotation": [0, 0, -90],
							"uv": {
								"south": {"uv": [2.5, 30], "uv_size": [-0.21429, 1]}
							}
						},
						{
							"origin": [25.98438, -5.8203, -79.75],
							"size": [0.875, 0.09375, 0],
							"pivot": [24.92188, -5.77342, -79.75],
							"rotation": [0, 0, -90],
							"uv": {
								"south": {"uv": [2.5, 30], "uv_size": [-0.21429, 1]}
							}
						},
						{
							"origin": [4.96875, -4.71092, -79.75],
							"size": [20, 0.09375, 0],
							"uv": {
								"south": {"uv": [2.5, 30], "uv_size": [-0.21429, 1]}
							}
						},
						{
							"origin": [-23.96875, 1.28908, -79.75],
							"size": [6, 0.09375, 0],
							"uv": {
								"south": {"uv": [4.28571, 21.5], "uv_size": [0.21429, 1]}
							}
						},
						{
							"origin": [-24.96875, 7.28908, -79.75],
							"size": [20, 0.09375, 0],
							"uv": {
								"south": {"uv": [2.28571, 30], "uv_size": [0.21429, 1]}
							}
						},
						{
							"origin": [-24.96875, -4.71092, -79.75],
							"size": [20, 0.09375, 0],
							"uv": {
								"south": {"uv": [2.28571, 30], "uv_size": [0.21429, 1]}
							}
						},
						{
							"origin": [-26.85937, 5.39845, -79.75],
							"size": [0.875, 0.09375, 0],
							"pivot": [-24.92187, 5.44533, -79.75],
							"rotation": [0, 0, 90],
							"uv": {
								"south": {"uv": [2.28571, 30], "uv_size": [0.21429, 1]}
							}
						},
						{
							"origin": [-26.85937, -5.8203, -79.75],
							"size": [0.875, 0.09375, 0],
							"pivot": [-24.92187, -5.77342, -79.75],
							"rotation": [0, 0, 90],
							"uv": {
								"south": {"uv": [2.28571, 30], "uv_size": [0.21429, 1]}
							}
						},
						{
							"origin": [-16.28125, 1.28908, -79.75],
							"size": [0.1875, 0.09375, 0],
							"uv": {
								"south": {"uv": [4.28571, 21.5], "uv_size": [0.21429, 1]}
							}
						},
						{
							"origin": [-14.28125, 1.28908, -79.75],
							"size": [0.1875, 0.09375, 0],
							"uv": {
								"south": {"uv": [4.28571, 21.5], "uv_size": [0.21429, 1]}
							}
						},
						{
							"origin": [-12.28125, 1.28908, -79.75],
							"size": [0.1875, 0.09375, 0],
							"uv": {
								"south": {"uv": [4.28571, 21.5], "uv_size": [0.21429, 1]}
							}
						},
						{
							"origin": [-11.21875, 1.03908, -79.75],
							"size": [0.0625, 0.59375, 0],
							"uv": {
								"south": {"uv": [2.28571, 30], "uv_size": [0.21429, 1]}
							}
						},
						{
							"origin": [-10.46875, 1.22658, -79.75],
							"size": [0.0625, 0.21875, 0],
							"uv": {
								"south": {"uv": [2.28571, 30], "uv_size": [0.21429, 1]}
							}
						},
						{
							"origin": [-8.96875, 1.22658, -79.75],
							"size": [0.0625, 0.21875, 0],
							"uv": {
								"south": {"uv": [2.28571, 30], "uv_size": [0.21429, 1]}
							}
						},
						{
							"origin": [-9.71875, 1.03908, -79.75],
							"size": [0.0625, 0.59375, 0],
							"uv": {
								"south": {"uv": [2.28571, 30], "uv_size": [0.21429, 1]}
							}
						},
						{
							"origin": [-6.71875, 1.03908, -79.75],
							"size": [0.0625, 0.59375, 0],
							"uv": {
								"south": {"uv": [2.28571, 30], "uv_size": [0.21429, 1]}
							}
						},
						{
							"origin": [-5.96875, 1.22658, -79.75],
							"size": [0.0625, 0.21875, 0],
							"uv": {
								"south": {"uv": [2.28571, 30], "uv_size": [0.21429, 1]}
							}
						},
						{
							"origin": [-7.46875, 1.22658, -79.75],
							"size": [0.0625, 0.21875, 0],
							"uv": {
								"south": {"uv": [2.28571, 30], "uv_size": [0.21429, 1]}
							}
						},
						{
							"origin": [-8.21875, 1.03908, -79.75],
							"size": [0.0625, 0.59375, 0],
							"uv": {
								"south": {"uv": [2.28571, 30], "uv_size": [0.21429, 1]}
							}
						},
						{
							"origin": [-3.71875, 1.03908, -79.75],
							"size": [0.0625, 0.59375, 0],
							"uv": {
								"south": {"uv": [2.28571, 30], "uv_size": [0.21429, 1]}
							}
						},
						{
							"origin": [-2.96875, 1.22658, -79.75],
							"size": [0.0625, 0.21875, 0],
							"uv": {
								"south": {"uv": [2.28571, 30], "uv_size": [0.21429, 1]}
							}
						},
						{
							"origin": [-4.46875, 1.22658, -79.75],
							"size": [0.0625, 0.21875, 0],
							"uv": {
								"south": {"uv": [2.28571, 30], "uv_size": [0.21429, 1]}
							}
						},
						{
							"origin": [-5.21875, 1.03908, -79.75],
							"size": [0.0625, 0.59375, 0],
							"uv": {
								"south": {"uv": [2.28571, 30], "uv_size": [0.21429, 1]}
							}
						}
					]
				},
				{
					"name": "scope_view",
					"pivot": [0, 1.27345, 8.50938]
				}
			]
		}
	]
}