{
	"format_version": "1.12.0",
	"minecraft:geometry": [
		{
			"description": {
				"identifier": "geometry.unknown",
				"texture_width": 32,
				"texture_height": 32,
				"visible_bounds_width": 10,
				"visible_bounds_height": 2.5,
				"visible_bounds_offset": [0, 0.75, 0]
			},
			"bones": [
				{
					"name": "ocular",
					"pivot": [0, 1.17969, -2.08203],
					"cubes": [
						{
							"origin": [-0.67187, 0.54688, -1.46874],
							"size": [1.34374, 1.32031, 0],
							"uv": {
								"south": {"uv": [18, 26.21484], "uv_size": [-0.48047, 0.62891]}
							}
						}
					]
				},
				{
					"name": "scope_body",
					"pivot": [0, -10.21875, 5.96094],
					"cubes": [
						{
							"origin": [-0.19531, 0.125, 0.38282],
							"size": [0.39062, 0.29688, 0.32031],
							"uv": {
								"north": {"uv": [11, 13], "uv_size": [0.5, 0.5]},
								"east": {"uv": [13, 11], "uv_size": [0.5, 0.5]},
								"west": {"uv": [12, 13], "uv_size": [0.5, 0.5]},
								"up": {"uv": [13, 12], "uv_size": [0.5, 0.5]}
							}
						},
						{
							"origin": [-0.19531, 0.06782, 0.61649],
							"size": [0.39062, 0.29687, 0.125],
							"pivot": [0, 0.21626, 0.77665],
							"rotation": [-27.5, 0, 0],
							"uv": {
								"east": {"uv": [1, 14], "uv_size": [0.5, 0.5]},
								"west": {"uv": [14, 1], "uv_size": [0.5, 0.5]},
								"up": {"uv": [2, 14], "uv_size": [0.5, 0.5]}
							}
						},
						{
							"origin": [0.49765, -0.49396, -2.19531],
							"size": [0.39843, 0.21875, 3.28125],
							"pivot": [0.10702, -0.34552, -0.55468],
							"rotation": [0, 0, -42.5],
							"uv": {
								"north": {"uv": [13, 8], "uv_size": [0.5, 0.5]},
								"south": {"uv": [9, 13], "uv_size": [0.5, 0.5]},
								"up": {"uv": [2, 5], "uv_size": [0.5, 3.5]},
								"down": {"uv": [3, 8.5], "uv_size": [0.5, -3.5]}
							}
						},
						{
							"origin": [0.29999, -0.19106, -2.19531],
							"size": [0.19531, 0.16407, 3.28125],
							"uv": {
								"north": {"uv": [13, 9], "uv_size": [0.5, 0.5]},
								"east": {"uv": [4, 3], "uv_size": [3.5, 0.5]},
								"south": {"uv": [10, 13], "uv_size": [0.5, 0.5]},
								"up": {"uv": [4, 5], "uv_size": [0.5, 3.5]},
								"down": {"uv": [5, 8.5], "uv_size": [0.5, -3.5]}
							}
						},
						{
							"origin": [-0.4953, -0.19106, -2.19531],
							"size": [0.19531, 0.16407, 3.28125],
							"uv": {
								"north": {"uv": [0, 16], "uv_size": [0.5, 0.5]},
								"south": {"uv": [16, 0], "uv_size": [0.5, 0.5]},
								"west": {"uv": [6, 0], "uv_size": [3.5, 0.5]},
								"up": {"uv": [6, 4], "uv_size": [0.5, 3.5]},
								"down": {"uv": [7, 7.5], "uv_size": [0.5, -3.5]}
							}
						},
						{
							"origin": [-0.89608, -0.49396, -2.19531],
							"size": [0.39843, 0.21875, 3.28125],
							"pivot": [-0.10702, -0.34552, -0.55468],
							"rotation": [0, 0, 42.5],
							"uv": {
								"north": {"uv": [15, 14], "uv_size": [0.5, 0.5]},
								"south": {"uv": [15, 15], "uv_size": [0.5, 0.5]},
								"up": {"uv": [0, 6], "uv_size": [0.5, 3.5]},
								"down": {"uv": [1, 9.5], "uv_size": [0.5, -3.5]}
							}
						},
						{
							"origin": [-0.78906, 0.28312, -2.02722],
							"size": [1.57812, 0.1875, 0.39844],
							"pivot": [0, 0.36124, -1.85535],
							"rotation": [37.5, 0, 0],
							"uv": {
								"east": {"uv": [15, 3], "uv_size": [0.5, 0.5]},
								"west": {"uv": [4, 15], "uv_size": [0.5, 0.5]},
								"up": {"uv": [11, 1], "uv_size": [1.5, 0.5]}
							}
						},
						{
							"origin": [-0.78906, 0.34224, -1.3029],
							"size": [1.57812, 0.21875, 1.88281],
							"pivot": [0, 0.45162, -1.07634],
							"rotation": [-6.5, 0, 0],
							"uv": {
								"east": {"uv": [8, 2], "uv_size": [2, 0.5]},
								"west": {"uv": [8, 3], "uv_size": [2, 0.5]},
								"up": {"uv": [0, 4], "uv_size": [1.5, 2]}
							}
						},
						{
							"origin": [0.46094, 0.34224, -1.18571],
							"size": [0.32812, 0.25782, 1.76562],
							"pivot": [0, 0.45162, -1.07634],
							"rotation": [-6.5, 0, 0],
							"uv": {
								"north": {"uv": [13, 10], "uv_size": [0.5, 0.5]},
								"east": {"uv": [8, 4], "uv_size": [2, 0.5]},
								"west": {"uv": [8, 5], "uv_size": [2, 0.5]},
								"up": {"uv": [6, 8], "uv_size": [0.5, 2]}
							}
						},
						{
							"origin": [0.46094, 0.34342, 0.49276],
							"size": [0.32812, 0.0625, 0.10938],
							"pivot": [0.625, 0.27701, 0.54745],
							"rotation": [-39, 0, 0],
							"uv": {
								"east": {"uv": [13, 13], "uv_size": [0.5, 0.5]},
								"west": {"uv": [0, 14], "uv_size": [0.5, 0.5]},
								"up": {"uv": [14, 0], "uv_size": [0.5, 0.5]}
							}
						},
						{
							"origin": [-0.78906, 0.34224, -1.18571],
							"size": [0.32812, 0.25782, 1.76562],
							"pivot": [0, 0.45162, -1.07634],
							"rotation": [-6.5, 0, 0],
							"uv": {
								"north": {"uv": [14, 15], "uv_size": [0.5, 0.5]},
								"east": {"uv": [0, 10], "uv_size": [2, 0.5]},
								"west": {"uv": [10, 0], "uv_size": [2, 0.5]},
								"up": {"uv": [10, 1], "uv_size": [0.5, 2]}
							}
						},
						{
							"origin": [-0.78906, 0.34342, 0.49276],
							"size": [0.32812, 0.0625, 0.10938],
							"pivot": [-0.625, 0.27701, 0.54745],
							"rotation": [-39, 0, 0],
							"uv": {
								"east": {"uv": [15, 12], "uv_size": [0.5, 0.5]},
								"west": {"uv": [13, 15], "uv_size": [0.5, 0.5]},
								"up": {"uv": [15, 13], "uv_size": [0.5, 0.5]}
							}
						},
						{
							"origin": [-0.16406, 0.34224, -0.44352],
							"size": [0.32812, 0.25782, 0.57812],
							"pivot": [-0.625, 0.45162, -1.07634],
							"rotation": [-6.5, 0, 0],
							"uv": {
								"north": {"uv": [14, 2], "uv_size": [0.5, 0.5]},
								"east": {"uv": [3, 14], "uv_size": [0.5, 0.5]},
								"west": {"uv": [14, 3], "uv_size": [0.5, 0.5]},
								"up": {"uv": [4, 14], "uv_size": [0.5, 0.5]}
							}
						},
						{
							"origin": [-0.16406, 0.04503, -0.01436],
							"size": [0.32812, 0.25781, 0.21875],
							"pivot": [0, 0.17394, 0.2747],
							"rotation": [-41.5, 0, 0],
							"uv": {
								"east": {"uv": [14, 4], "uv_size": [0.5, 0.5]},
								"west": {"uv": [5, 14], "uv_size": [0.5, 0.5]},
								"up": {"uv": [14, 5], "uv_size": [0.5, 0.5]}
							}
						},
						{
							"origin": [-0.78906, 1.85938, -1.96875],
							"size": [1.57812, 0.1875, 0.60157],
							"uv": {
								"north": {"uv": [10, 7], "uv_size": [1.5, 0.5]},
								"south": {"uv": [8, 10], "uv_size": [1.5, 0.5]},
								"up": {"uv": [10, 10], "uv_size": [1.5, 0.5]},
								"down": {"uv": [0, 11.5], "uv_size": [1.5, -0.5]}
							}
						},
						{
							"origin": [0.38891, 1.54381, -1.96875],
							"size": [0.72656, 0.1875, 0.60157],
							"pivot": [0.78734, 1.63756, -1.66797],
							"rotation": [0, 0, 77],
							"uv": {
								"north": {"uv": [14, 12], "uv_size": [0.5, 0.5]},
								"south": {"uv": [13, 14], "uv_size": [0.5, 0.5]},
								"up": {"uv": [14, 13], "uv_size": [0.5, 0.5]}
							}
						},
						{
							"origin": [0.67187, 0.36719, -1.96875],
							"size": [0.11719, 1.375, 0.60157],
							"uv": {
								"north": {"uv": [10, 5], "uv_size": [0.5, 1.5]},
								"east": {"uv": [6, 10], "uv_size": [0.5, 1.5]},
								"south": {"uv": [7, 10], "uv_size": [0.5, 1.5]},
								"west": {"uv": [0, 0], "uv_size": [0, 0]}
							}
						},
						{
							"origin": [0.75, 0.70313, -1.85156],
							"size": [0.20312, 0.64062, 0.48438],
							"uv": {
								"south": {"uv": [14, 10], "uv_size": [0.5, 0.5]},
								"west": {"uv": [11, 14], "uv_size": [0.5, 0.5]},
								"down": {"uv": [14, 11.5], "uv_size": [0.5, -0.5]}
							}
						},
						{
							"origin": [0.75, 0.11719, -1.96875],
							"size": [0.20312, 1.22656, 0.22657],
							"uv": {
								"north": {"uv": [11, 2], "uv_size": [0.5, 1]},
								"south": {"uv": [11, 5], "uv_size": [0.5, 1]},
								"west": {"uv": [11, 6], "uv_size": [0.5, 1]},
								"down": {"uv": [12, 14.5], "uv_size": [0.5, -0.5]}
							}
						},
						{
							"origin": [0.5625, 1.63281, -1.96875],
							"size": [0.11719, 0.36719, 0.60157],
							"pivot": [0.62109, 1.81641, -1.59375],
							"rotation": [0, 0, -42.5],
							"uv": {
								"north": {"uv": [9, 14], "uv_size": [0.5, 0.5]},
								"east": {"uv": [14, 9], "uv_size": [0.5, 0.5]},
								"south": {"uv": [10, 14], "uv_size": [0.5, 0.5]}
							}
						},
						{
							"origin": [-0.78906, 0.36719, -1.96875],
							"size": [0.11718, 1.375, 0.60157],
							"uv": {
								"north": {"uv": [2, 11], "uv_size": [0.5, 1.5]},
								"south": {"uv": [3, 11], "uv_size": [0.5, 1.5]},
								"west": {"uv": [4, 11], "uv_size": [0.5, 1.5]}
							}
						},
						{
							"origin": [-0.67969, 1.63281, -1.96875],
							"size": [0.11719, 0.36719, 0.60157],
							"pivot": [-0.62109, 1.81641, -1.59375],
							"rotation": [0, 0, 42.5],
							"uv": {
								"north": {"uv": [8, 15], "uv_size": [0.5, 0.5]},
								"south": {"uv": [15, 8], "uv_size": [0.5, 0.5]},
								"west": {"uv": [9, 15], "uv_size": [0.5, 0.5]}
							}
						},
						{
							"origin": [-0.95313, 0.70313, -1.85156],
							"size": [0.20313, 0.64062, 0.48438],
							"uv": {
								"east": {"uv": [15, 6], "uv_size": [0.5, 0.5]},
								"south": {"uv": [7, 15], "uv_size": [0.5, 0.5]},
								"down": {"uv": [15, 7.5], "uv_size": [0.5, -0.5]}
							}
						},
						{
							"origin": [-0.95313, 0.11719, -1.96875],
							"size": [0.20313, 1.22656, 0.22657],
							"uv": {
								"north": {"uv": [8, 11], "uv_size": [0.5, 1]},
								"east": {"uv": [11, 8], "uv_size": [0.5, 1]},
								"south": {"uv": [9, 11], "uv_size": [0.5, 1]},
								"down": {"uv": [6, 15.5], "uv_size": [0.5, -0.5]}
							}
						},
						{
							"origin": [-1.11547, 1.54381, -1.96875],
							"size": [0.72656, 0.1875, 0.60157],
							"pivot": [-0.78734, 1.63756, -1.66797],
							"rotation": [0, 0, -77],
							"uv": {
								"north": {"uv": [15, 4], "uv_size": [0.5, 0.5]},
								"south": {"uv": [5, 15], "uv_size": [0.5, 0.5]},
								"up": {"uv": [15, 5], "uv_size": [0.5, 0.5]}
							}
						},
						{
							"origin": [-0.78906, 0.07813, -2.19531],
							"size": [1.57812, 0.29687, 3.28125],
							"inflate": 0.001,
							"uv": {
								"north": {"uv": [10, 3], "uv_size": [1.5, 0.5]},
								"east": {"uv": [2, 4], "uv_size": [3.5, 0.5]},
								"south": {"uv": [4, 10], "uv_size": [1.5, 0.5]},
								"west": {"uv": [4, 2], "uv_size": [3.5, 0.5]},
								"up": {"uv": [0, 0], "uv_size": [1.5, 3.5]},
								"down": {"uv": [2, 3.5], "uv_size": [1.5, -3.5]}
							}
						},
						{
							"origin": [0.44531, 0.36719, -1.96875],
							"size": [0.34375, 0.41406, 0.60157],
							"uv": {
								"north": {"uv": [6, 14], "uv_size": [0.5, 0.5]},
								"east": {"uv": [14, 6], "uv_size": [0.5, 0.5]},
								"south": {"uv": [7, 14], "uv_size": [0.5, 0.5]}
							}
						},
						{
							"origin": [0.49549, 0.77619, -1.96875],
							"size": [0.29688, 0.14844, 0.60157],
							"pivot": [0.66737, 0.784, -1.59375],
							"rotation": [0, 0, -40],
							"uv": {
								"north": {"uv": [14, 7], "uv_size": [0.5, 0.5]},
								"south": {"uv": [8, 14], "uv_size": [0.5, 0.5]},
								"up": {"uv": [14, 8], "uv_size": [0.5, 0.5]}
							}
						},
						{
							"origin": [-0.78906, 0.36719, -1.96875],
							"size": [0.34375, 0.41406, 0.60157],
							"uv": {
								"north": {"uv": [11, 15], "uv_size": [0.5, 0.5]},
								"south": {"uv": [15, 11], "uv_size": [0.5, 0.5]},
								"west": {"uv": [12, 15], "uv_size": [0.5, 0.5]}
							}
						},
						{
							"origin": [-0.79237, 0.77619, -1.96875],
							"size": [0.29688, 0.14844, 0.60157],
							"pivot": [-0.66737, 0.784, -1.59375],
							"rotation": [0, 0, 40],
							"uv": {
								"north": {"uv": [15, 9], "uv_size": [0.5, 0.5]},
								"south": {"uv": [10, 15], "uv_size": [0.5, 0.5]},
								"up": {"uv": [15, 10], "uv_size": [0.5, 0.5]}
							}
						},
						{
							"origin": [-0.78906, 0.36719, -1.74218],
							"size": [1.57812, 0.21875, 0.45312],
							"uv": {
								"east": {"uv": [13, 7], "uv_size": [0.5, 0.5]},
								"south": {"uv": [11.5, 4.5], "uv_size": [-1.5, -0.5]},
								"west": {"uv": [8, 13], "uv_size": [0.5, 0.5]},
								"up": {"uv": [10, 4], "uv_size": [1.5, 0.5]}
							}
						}
					]
				},
				{
					"name": "octagon2",
					"parent": "scope_body",
					"pivot": [0, -9.61719, 5.49219],
					"cubes": [
						{
							"origin": [-1, 0.29997, -1.70781],
							"size": [2, 0.16569, 0.4],
							"pivot": [0, 0.38281, -1.50781],
							"rotation": [-45, 0, 0],
							"uv": {
								"north": {"uv": [8, 6], "uv_size": [2, 0.5]},
								"east": {"uv": [14, 14], "uv_size": [0.5, 0.5]},
								"south": {"uv": [7, 8], "uv_size": [2, 0.5]},
								"west": {"uv": [0, 15], "uv_size": [0.5, 0.5]}
							}
						},
						{
							"origin": [-1, 0.29997, -1.70781],
							"size": [2, 0.16569, 0.4],
							"uv": {
								"north": {"uv": [8, 7], "uv_size": [2, 0.5]},
								"east": {"uv": [15, 0], "uv_size": [0.5, 0.5]},
								"south": {"uv": [2, 9], "uv_size": [2, 0.5]},
								"west": {"uv": [1, 15], "uv_size": [0.5, 0.5]}
							}
						},
						{
							"origin": [-1, 0.18281, -1.59065],
							"size": [2, 0.4, 0.16568],
							"pivot": [0, 0.38281, -1.50781],
							"rotation": [-45, 0, 0],
							"uv": {
								"east": {"uv": [15, 1], "uv_size": [0.5, 0.5]},
								"west": {"uv": [2, 15], "uv_size": [0.5, 0.5]},
								"up": {"uv": [4, 9], "uv_size": [2, 0.5]},
								"down": {"uv": [7, 9.5], "uv_size": [2, -0.5]}
							}
						},
						{
							"origin": [-1, 0.18281, -1.59065],
							"size": [2, 0.4, 0.16568],
							"uv": {
								"east": {"uv": [15, 2], "uv_size": [0.5, 0.5]},
								"west": {"uv": [3, 15], "uv_size": [0.5, 0.5]},
								"up": {"uv": [9, 8], "uv_size": [2, 0.5]},
								"down": {"uv": [9, 9.5], "uv_size": [2, -0.5]}
							}
						}
					]
				},
				{
					"name": "hexadecagon14",
					"parent": "scope_body",
					"pivot": [0, -9.92969, 4.98438]
				},
				{
					"name": "scope_view",
					"pivot": [0, 1.29, 4.50938]
				},
				{
					"name": "division",
					"pivot": [0, 0, 0]
				},
				{
					"name": "ui_illuminated",
					"parent": "division",
					"pivot": [0, 0, 0],
					"cubes": [
						{
							"origin": [-0.72656, 0.54688, -1.53906],
							"size": [1.45312, 1.32031, 0],
							"uv": {
								"south": {"uv": [16.5, 16.5], "uv_size": [15.5, 15.5]}
							}
						},
						{
							"origin": [-0.21969, 1.07031, -81.54686],
							"size": [0.43938, 0.43938, 0],
							"pivot": [0, 1.29, -81.54686],
							"rotation": [0, 0, 45],
							"uv": {
								"south": {"uv": [11.98828, 23], "uv_size": [-0.48437, 0.48828]}
							}
						},
						{
							"origin": [-0.32906, 0.96094, -81.55467],
							"size": [0.65812, 0.65813, 0],
							"pivot": [0, 1.29, -81.55467],
							"rotation": [0, 0, 45],
							"uv": {
								"south": {"uv": [11.48828, 23], "uv_size": [-0.48437, 0.48828]}
							}
						}
					]
				}
			]
		}
	]
}