{
	"format_version": "1.8.0",
	"animations": {
		"static_idle": {
			"animation_length": 0.0667,
			"bones": {
				"lefthand": {
					"rotation": [93.89207, -39.11138, -144.91096],
					"position": [7.9187, -13.87, -14.76218],
					"scale": [1, 1.5, 1]
				},
				"righthand": {
					"rotation": [99.05188, 15.0716, -167.92777],
					"position": [-7.1875, -13.7375, -3.50078],
					"scale": [1, 1.5, 1]
				}
			}
		},
		"static_bolt_caught": {
			"animation_length": 0.0667,
			"bones": {
				"lefthand": {
					"rotation": [93.89207, -39.11138, -144.91096],
					"position": [7.9187, -13.87, -14.76218],
					"scale": [1, 1.5, 1]
				},
				"righthand": {
					"rotation": [99.05188, 15.0716, -167.92777],
					"position": [-7.1875, -13.7375, -3.50078],
					"scale": [1, 1.5, 1]
				},
				"bolt": {
					"position": [0, 0, 3]
				}
			}
		},
		"melee_stock": {
			"animation_length": 1.125,
			"bones": {
				"root": {
					"rotation": {
						"0.0": {
							"post": [0, 0, 0],
							"lerp_mode": "catmullrom"
						},
						"0.0833": {
							"post": [-10, -7.5, 27.5],
							"lerp_mode": "catmullrom"
						},
						"0.125": {
							"post": [-112.92, 16.32, 92.3],
							"lerp_mode": "catmullrom"
						},
						"0.1667": {
							"post": [-112.92, 16.32, 92.3],
							"lerp_mode": "catmullrom"
						},
						"0.2083": {
							"post": [-115.17, 16.32, 92.3],
							"lerp_mode": "catmullrom"
						},
						"0.625": {
							"post": [-115.17, 16.32, 92.3],
							"lerp_mode": "catmullrom"
						},
						"0.75": {
							"post": [-75.01, -6.66, 61.31],
							"lerp_mode": "catmullrom"
						},
						"0.9583": {
							"post": [2.5, -2.5, 17.5],
							"lerp_mode": "catmullrom"
						},
						"1.0417": {
							"post": [5, -2.5, 2.5],
							"lerp_mode": "catmullrom"
						},
						"1.125": {
							"post": [0, 0, 0],
							"lerp_mode": "catmullrom"
						}
					},
					"position": {
						"0.0": {
							"post": [0, 0, 0],
							"lerp_mode": "catmullrom"
						},
						"0.0833": {
							"post": [-8, -4, 4],
							"lerp_mode": "catmullrom"
						},
						"0.125": {
							"post": [14.2479, 3.64632, -3.72319],
							"lerp_mode": "catmullrom"
						},
						"0.1667": {
							"post": [14.2479, 3.64632, -3.72319],
							"lerp_mode": "catmullrom"
						},
						"0.2083": {
							"post": [13.66776, 3.01921, -3.48837],
							"lerp_mode": "catmullrom"
						},
						"0.25": {
							"post": [14.12, 3.31, -3.96],
							"lerp_mode": "catmullrom"
						},
						"0.5833": {
							"post": [14.66776, 3.01921, -3.48837],
							"lerp_mode": "catmullrom"
						},
						"0.75": {
							"post": [5.6792, -0.91672, -6.40935],
							"lerp_mode": "catmullrom"
						},
						"0.9583": {
							"post": [-0.75, -2, -0.5],
							"lerp_mode": "catmullrom"
						},
						"1.125": {
							"post": [0, 0, 0],
							"lerp_mode": "catmullrom"
						}
					}
				},
				"lefthand": {
					"rotation": {
						"0.0": [93.89207, -39.11138, -144.91096],
						"0.125": [-13.89013, -18.23422, -106.91396],
						"0.6667": [-13.89013, -18.23422, -106.91396],
						"0.8333": [93.89207, -39.11138, -144.91096]
					},
					"position": {
						"0.0": [7.9187, -13.87, -14.76218],
						"0.125": [6.17, -14.37, -14.76],
						"0.6667": [6.17, -14.37, -14.76],
						"0.8333": [7.9187, -13.87, -14.76218]
					},
					"scale": [1, 1.5, 1]
				},
				"righthand": {
					"rotation": {
						"0.0": [99.05188, 15.0716, -167.92777],
						"0.0833": [3.92783, 5.09571, -191.13359],
						"0.8333": [3.92783, 5.09571, -191.13359],
						"0.9583": [99.05188, 15.0716, -167.92777]
					},
					"position": {
						"0.0": [-7.1875, -13.7375, -3.50078],
						"0.0833": [-6.68035, -8.61945, 5.96623],
						"0.8333": [-6.68035, -8.61945, 5.96623],
						"0.9583": [-7.1875, -13.7375, -3.50078]
					},
					"scale": [1, 1.5, 1]
				},
				"camera": {
					"rotation": {
						"0.0": {
							"post": [0, 0, 0],
							"lerp_mode": "catmullrom"
						},
						"0.0833": {
							"post": [1, 2, 2.5],
							"lerp_mode": "catmullrom"
						},
						"0.125": {
							"post": [-1.5, -1.1, -2.5],
							"lerp_mode": "catmullrom"
						},
						"0.2083": {
							"post": [1, 0.5, 1],
							"lerp_mode": "catmullrom"
						},
						"0.2917": {
							"post": [-0.6, -0.7, -1],
							"lerp_mode": "catmullrom"
						},
						"0.4167": {
							"post": [0.4, 0.6, 0],
							"lerp_mode": "catmullrom"
						},
						"0.625": {
							"post": [0, 0, 0],
							"lerp_mode": "catmullrom"
						},
						"0.75": {
							"post": [1, 1.5, 0],
							"lerp_mode": "catmullrom"
						},
						"0.9167": {
							"post": [0, 0, 0],
							"lerp_mode": "catmullrom"
						},
						"1.0833": {
							"post": [0, 0, 0],
							"lerp_mode": "catmullrom"
						}
					}
				}
			}
		},
		"run_start": {
			"animation_length": 0.1667,
			"bones": {
				"root": {
					"rotation": {
						"0.0": {
							"post": [0, 0, 0],
							"lerp_mode": "catmullrom"
						},
						"0.0333": {
							"post": [-1.67, -2.31, 3.65],
							"lerp_mode": "catmullrom"
						},
						"0.1667": {
							"post": [5.48, -31.62, 7.6],
							"lerp_mode": "catmullrom"
						}
					},
					"position": {
						"0.0": {
							"post": [0, 0, 0],
							"lerp_mode": "catmullrom"
						},
						"0.1667": {
							"post": [0.99, -1.91, 0],
							"lerp_mode": "catmullrom"
						}
					}
				}
			}
		},
		"run_hold": {
			"loop": true,
			"animation_length": 0.5833,
			"bones": {
				"root": {
					"rotation": {
						"0.0": {
							"post": [6.46, -37.29, 8.96],
							"lerp_mode": "catmullrom"
						}
					},
					"position": {
						"0.0": {
							"post": [1.17, -3.25, 0],
							"lerp_mode": "catmullrom"
						}
					}
				}
			}
		},
		"run": {
			"loop": true,
			"animation_length": 0.7917,
			"bones": {
				"root": {
					"rotation": {
						"0.0": {
							"post": [2.5, -40, 15],
							"lerp_mode": "catmullrom"
						},
						"0.125": {
							"post": [6.46, -37.29, 8.96],
							"lerp_mode": "catmullrom"
						},
						"0.25": {
							"post": [0, -20, 12.5],
							"lerp_mode": "catmullrom"
						},
						"0.375": {
							"post": [3.5, -18.5, 4.5],
							"lerp_mode": "catmullrom"
						},
						"0.5": {
							"post": [1.46, -22.29, 13.96],
							"lerp_mode": "catmullrom"
						},
						"0.6667": {
							"post": [1.5, -41, 15],
							"lerp_mode": "catmullrom"
						},
						"0.7917": {
							"post": [2.5, -40, 15],
							"lerp_mode": "catmullrom"
						}
					},
					"position": {
						"0.0": {
							"post": [3, -1.25, 0],
							"lerp_mode": "catmullrom"
						},
						"0.125": {
							"post": [1.17, -2.25, 0],
							"lerp_mode": "catmullrom"
						},
						"0.25": {
							"post": [1, -1.25, 0],
							"lerp_mode": "catmullrom"
						},
						"0.375": {
							"post": [2, -1.25, 0],
							"lerp_mode": "catmullrom"
						},
						"0.5": {
							"post": [1.7, -2.25, 0],
							"lerp_mode": "catmullrom"
						},
						"0.6667": {
							"post": [3, -1, 0],
							"lerp_mode": "catmullrom"
						},
						"0.7917": {
							"post": [3, -1.25, 0],
							"lerp_mode": "catmullrom"
						}
					}
				}
			}
		},
		"run_end": {
			"animation_length": 0.625,
			"bones": {
				"root": {
					"rotation": {
						"0.0": {
							"post": [6.46, -37.29, 8.96],
							"lerp_mode": "catmullrom"
						},
						"0.0833": {
							"post": [8.14, -33.67, 9.81],
							"lerp_mode": "catmullrom"
						},
						"0.25": {
							"post": [-1, -2, -1],
							"lerp_mode": "catmullrom"
						},
						"0.4583": {
							"post": [1, -2.5, 5],
							"lerp_mode": "catmullrom"
						},
						"0.5417": {
							"post": [0, -2.5, 2.5],
							"lerp_mode": "catmullrom"
						},
						"0.625": {
							"post": [0, 0, 0],
							"lerp_mode": "catmullrom"
						}
					},
					"position": {
						"0.0": {
							"post": [1.17, -2.25, 0],
							"lerp_mode": "catmullrom"
						},
						"0.0833": {
							"post": [1, -2.62, 0],
							"lerp_mode": "catmullrom"
						},
						"0.25": {
							"post": [-0.25, -1.25, 0],
							"lerp_mode": "catmullrom"
						},
						"0.3333": {
							"post": [-0.75, -0.75, 0],
							"lerp_mode": "catmullrom"
						},
						"0.4583": {
							"post": [-0.75, -0.5, -0.5],
							"lerp_mode": "catmullrom"
						},
						"0.625": {
							"post": [0, 0, 0],
							"lerp_mode": "catmullrom"
						}
					}
				}
			}
		},
		"put_away": {
			"animation_length": 0.4167,
			"bones": {
				"root": {
					"rotation": {
						"0.0": {
							"post": [0, 0, 0],
							"lerp_mode": "catmullrom"
						},
						"0.125": {
							"post": [-1.5, -7, 10],
							"lerp_mode": "catmullrom"
						},
						"0.2083": {
							"post": [3.57, 11.59, 13.58],
							"lerp_mode": "catmullrom"
						},
						"0.375": {
							"post": [41.5, 9, 17],
							"lerp_mode": "catmullrom"
						}
					},
					"position": {
						"0.0": {
							"post": [0, 0, 0],
							"lerp_mode": "catmullrom"
						},
						"0.125": {
							"post": [-1, -1, 0],
							"lerp_mode": "catmullrom"
						},
						"0.375": {
							"post": [-9, -10, 0],
							"lerp_mode": "catmullrom"
						}
					}
				},
				"lefthand": {
					"rotation": [93.89207, -39.11138, -144.91096],
					"position": [7.9187, -13.87, -14.76218],
					"scale": [1, 1.5, 1]
				},
				"righthand": {
					"rotation": [99.05188, 15.0716, -167.92777],
					"position": [-7.1875, -13.7375, -3.50078],
					"scale": [1, 1.5, 1]
				},
				"camera": {
					"rotation": {
						"0.0": [0, 0, 0],
						"0.0417": [0.05, 0, -0.04],
						"0.0833": [0.22, 0, -0.13],
						"0.125": [0.3, 0, -0.12],
						"0.1667": [0.43, 0, 0],
						"0.2083": [0.56, 0, 0.18],
						"0.25": [0.64, 0, 0.29],
						"0.2917": [0.59, 0, 0.22],
						"0.3333": [0.5, 0, 0.15],
						"0.4167": [0, 0, 0]
					}
				}
			}
		},
		"shoot": {
			"animation_length": 0.625,
			"bones": {
				"root": {
					"rotation": {
						"0.0": [0, 0, 0],
						"0.0417": [1.23, 0, 0.73],
						"0.0833": [-0.99, 0, -1.23],
						"0.125": [-0.91, 0, -0.35],
						"0.1667": [0.18, 0, 0.53],
						"0.2083": [0.27, 0, 0.27],
						"0.25": [0.45, 0, -0.25],
						"0.2917": [0.38, -0.07, -0.08],
						"0.3333": [0.3, -0.13, 0.08],
						"0.375": [0.23, -0.2, 0.25],
						"0.4167": [0.14, -0.14, 0.09],
						"0.4583": [0.1, -0.11, 0.01],
						"0.5": [0.06, -0.07, -0.07],
						"0.5417": [0.04, -0.06, -0.06],
						"0.5833": [0.01, -0.02, -0.02],
						"0.625": [0, 0, 0]
					},
					"position": {
						"0.0": [0, 0, 0],
						"0.0417": [0, -0.02, 1.73],
						"0.0833": [0, -0.05, 0.67],
						"0.125": [0, -0.05, -0.04],
						"0.1667": [0, -0.04, -0.01],
						"0.2083": [0, -0.04, 0.03],
						"0.25": [0, -0.02, 0.1],
						"0.2917": [0, -0.02, 0.07],
						"0.3333": [0, -0.01, 0.03],
						"0.375": [0, 0, 0]
					}
				},
				"bolt": {
					"position": {
						"0.0": [0, 0, 0],
						"0.0417": [0, 0, 3.5],
						"0.125": [0, 0, 0]
					}
				},
				"camera": {
					"rotation": {
						"0.0": {
							"post": [0, 0, 0],
							"lerp_mode": "catmullrom"
						},
						"0.0417": {
							"post": [0, 0, 0.7],
							"lerp_mode": "catmullrom"
						},
						"0.0833": {
							"post": [0, 0, -0.55],
							"lerp_mode": "catmullrom"
						},
						"0.125": {
							"post": [0, 0, 0.45],
							"lerp_mode": "catmullrom"
						},
						"0.2083": {
							"post": [0, 0, -0.1],
							"lerp_mode": "catmullrom"
						},
						"0.25": {
							"post": [0, 0, 0],
							"lerp_mode": "catmullrom"
						},
						"0.375": {
							"post": [0, 0, 0],
							"lerp_mode": "catmullrom"
						}
					}
				},
				"constraint": {
					"position": {
						"0.0": [0, 0, 0],
						"0.0417": [0.1, 0.1, 0.475],
						"0.25": [0, 0, 0]
					}
				}
			}
		},
		"draw": {
			"animation_length": 0.7083,
			"bones": {
				"root": {
					"rotation": {
						"0.0833": [21.19122, -14.40747, 12.59763],
						"0.2083": [5.09, -6.61, 5.06],
						"0.2917": [1.82144, 0.01118, 0.03752],
						"0.3333": [-0.042, -0.4187, 4.03899],
						"0.4583": {
							"pre": [0.14086, -0.97706, 1.04153],
							"post": [0.14086, -0.97706, 1.04153],
							"lerp_mode": "catmullrom"
						},
						"0.5417": {
							"post": [-0.13, 0.1, 0],
							"lerp_mode": "catmullrom"
						},
						"0.7083": [0, 0, 0]
					},
					"position": {
						"0.0": [3, -14, 0],
						"0.1667": [1.5, -1.85, -0.2],
						"0.2083": [1.05, -1.47, -0.7],
						"0.2917": {
							"pre": [0.45, -0.86, -1.1],
							"post": [0.45, -0.86, -1.1],
							"lerp_mode": "catmullrom"
						},
						"0.3333": {
							"post": [0.13, -0.35, -0.27],
							"lerp_mode": "catmullrom"
						},
						"0.4167": {
							"post": [0, 0.17, 0.17],
							"lerp_mode": "catmullrom"
						},
						"0.4583": {
							"post": [0, 0.08, -0.13],
							"lerp_mode": "catmullrom"
						},
						"0.5417": [0, -0.01, -0.28],
						"0.6667": [0, 0, 0]
					}
				},
				"lefthand": {
					"rotation": {
						"0.0417": {
							"pre": [84.55606, -1.91886, -130.46016],
							"post": [84.55606, -1.91886, -130.46016],
							"lerp_mode": "catmullrom"
						},
						"0.2917": {
							"post": [93.89207, -39.11138, -144.91096],
							"lerp_mode": "catmullrom"
						}
					},
					"position": {
						"0.0417": {
							"pre": [7.6, -28.9, -8],
							"post": [7.6, -28.9, -8],
							"lerp_mode": "catmullrom"
						},
						"0.2917": {
							"post": [7.9187, -13.87, -14.76218],
							"lerp_mode": "catmullrom"
						}
					},
					"scale": [1, 1.5, 1]
				},
				"righthand": {
					"rotation": [99.05188, 15.0716, -167.92777],
					"position": [-7.1875, -13.7375, -3.50078],
					"scale": [1, 1.5, 1]
				},
				"camera": {
					"rotation": {
						"0.0": {
							"post": [0, 0, 0],
							"lerp_mode": "catmullrom"
						},
						"0.0833": {
							"post": [1, 1, 0],
							"lerp_mode": "catmullrom"
						},
						"0.25": {
							"post": [1, 0, 1],
							"lerp_mode": "catmullrom"
						},
						"0.4167": {
							"post": [-1, 0, 0],
							"lerp_mode": "catmullrom"
						},
						"0.5": {
							"post": [-0.49992, 0.00873, 0.99996],
							"lerp_mode": "catmullrom"
						},
						"0.6667": {
							"post": [0, 0, 0],
							"lerp_mode": "catmullrom"
						}
					}
				}
			}
		},
		"reload_tactical": {
			"animation_length": 2.4167,
			"bones": {
				"root": {
					"rotation": {
						"0.0": {
							"post": [0, 0, 0],
							"lerp_mode": "catmullrom"
						},
						"0.2083": {
							"post": [-30.88532, -48.82792, -44.2997],
							"lerp_mode": "catmullrom"
						},
						"0.375": [-30.89, -51.33, -44.3],
						"0.4583": [-46.64, -58, -46.13],
						"0.625": [-35.72, -48.83, -51.3],
						"0.8333": {
							"pre": [-33.22, -48.83, -46.3],
							"post": [-33.22, -48.83, -46.3],
							"lerp_mode": "catmullrom"
						},
						"1.25": {
							"post": [-38.22, -48.83, -46.3],
							"lerp_mode": "catmullrom"
						},
						"1.2917": [-31.22, -50.33, -56.3],
						"1.3333": [-31.72, -43.83, -41.3],
						"1.625": {
							"pre": [-33.22, -48.83, -46.3],
							"post": [-33.22, -48.83, -46.3],
							"lerp_mode": "catmullrom"
						},
						"1.6667": [-18.72, -65.33, -28.8],
						"1.7083": [-19.22, -41.33, -23.8],
						"1.7917": {
							"pre": [-18.22, -46.33, -28.8],
							"post": [-18.22, -46.33, -28.8],
							"lerp_mode": "catmullrom"
						},
						"1.9583": {
							"post": [-7, -9, -4],
							"lerp_mode": "catmullrom"
						},
						"2.0417": {
							"post": [-2.5, -5, 5],
							"lerp_mode": "catmullrom"
						},
						"2.125": {
							"post": [2.5, -2.5, 2.5],
							"lerp_mode": "catmullrom"
						},
						"2.25": {
							"post": [0, 0, 0],
							"lerp_mode": "catmullrom"
						}
					},
					"position": {
						"0.0": {
							"post": [0, 0, 0],
							"lerp_mode": "catmullrom"
						},
						"0.2083": {
							"post": [-0.5, 9, -6.5],
							"lerp_mode": "catmullrom"
						},
						"0.375": [-0.5, 9, -6.5],
						"0.5417": {
							"pre": [-1.5, 9, -6.5],
							"post": [-1.5, 9, -6.5],
							"lerp_mode": "catmullrom"
						},
						"0.8333": {
							"post": [-1.25, 9, -6.5],
							"lerp_mode": "catmullrom"
						},
						"1.25": {
							"post": [-1.5, 8.5, -6.5],
							"lerp_mode": "catmullrom"
						},
						"1.625": {
							"post": [-1.5, 8.5, -6.5],
							"lerp_mode": "catmullrom"
						},
						"1.7083": {
							"post": [-0.55, 6.85, -6.5],
							"lerp_mode": "catmullrom"
						},
						"1.7917": {
							"post": [-1, 6, -6.5],
							"lerp_mode": "catmullrom"
						},
						"1.9583": {
							"post": [0.1, 0.8, -2.2],
							"lerp_mode": "catmullrom"
						},
						"2.0417": {
							"post": [-0.25, -1, -1],
							"lerp_mode": "catmullrom"
						},
						"2.25": {
							"post": [0, 0, 0],
							"lerp_mode": "catmullrom"
						}
					}
				},
				"mag_and_lefthand": {
					"rotation": {
						"0.375": {
							"pre": [0, 0, 0],
							"post": [0, 0, 0],
							"lerp_mode": "catmullrom"
						},
						"0.4167": {
							"post": [20, 0, 0],
							"lerp_mode": "catmullrom"
						},
						"0.7083": {
							"post": [55, 0, -42.5],
							"lerp_mode": "catmullrom"
						},
						"1.1667": {
							"post": [30, 0, -42.5],
							"lerp_mode": "catmullrom"
						},
						"1.25": {
							"post": [10, 0, 0],
							"lerp_mode": "catmullrom"
						},
						"1.2917": {
							"post": [0, 0, 0],
							"lerp_mode": "catmullrom"
						},
						"1.625": {
							"post": [0, 0, 0],
							"lerp_mode": "catmullrom"
						},
						"1.6667": {
							"post": [0, 0, 0],
							"lerp_mode": "catmullrom"
						}
					},
					"position": {
						"0.375": {
							"pre": [0, 0, 0],
							"post": [0, 0, 0],
							"lerp_mode": "catmullrom"
						},
						"0.4167": {
							"post": [0, -6.67, 1.5],
							"lerp_mode": "catmullrom"
						},
						"0.7083": {
							"post": [15, -29.33, 31],
							"lerp_mode": "catmullrom"
						},
						"0.75": {
							"post": [5, -18.33, 29],
							"lerp_mode": "catmullrom"
						},
						"1.1667": {
							"post": [5, -18.33, 10],
							"lerp_mode": "catmullrom"
						},
						"1.25": {
							"post": [0, -5.5, 0.5],
							"lerp_mode": "catmullrom"
						},
						"1.2917": {
							"post": [0, -2, 0],
							"lerp_mode": "catmullrom"
						},
						"1.625": {
							"post": [0, -2, 0],
							"lerp_mode": "catmullrom"
						},
						"1.6667": {
							"post": [0, 0, 0],
							"lerp_mode": "catmullrom"
						}
					}
				},
				"lefthand": {
					"rotation": {
						"0.0": [93.89207, -39.11138, -144.91096],
						"0.125": [69.00379, -31.49678, -105.79881],
						"0.2083": [38.41202, -13.8905, -49.90062],
						"1.4583": [38.41202, -13.8905, -49.90062],
						"1.5417": [38.41202, -13.8905, -49.90062],
						"1.625": [38.41202, -13.8905, -49.90062],
						"1.8333": [38.41202, -13.8905, -49.90062],
						"1.9167": [87.17042, -34.96335, -137.20793],
						"2.0": [93.89207, -39.11138, -144.91096]
					},
					"position": {
						"0.0": [7.9187, -13.87, -14.76218],
						"0.125": [8.12, -17.48, -1.82],
						"0.2083": [4.92, -14.88562, 5.14594],
						"1.4583": [4.92, -14.88562, 5.14594],
						"1.5417": [3.67, -23.64, 5.4],
						"1.625": [5.67, -15.14, 5.4],
						"1.8333": [5.67, -15.14, 5.4],
						"1.9167": [8.79, -14.5, -4.68],
						"2.0": [7.9187, -13.87, -14.76218]
					},
					"scale": [1, 1.5, 1]
				},
				"righthand": {
					"rotation": [99.05188, 15.0716, -167.92777],
					"position": [-7.1875, -13.7375, -3.50078],
					"scale": [1, 1.5, 1]
				},
				"constraint": {
					"rotation": {
						"2.3333": [0.15, 0.15, 0.15],
						"2.4167": [0, 0, 0]
					},
					"position": {
						"2.3333": [0.1, 0.1, 0.1],
						"2.4167": [0, 0, 0]
					}
				},
				"camera": {
					"rotation": {
						"0.2917": [0, 0, 0],
						"0.375": [-0.2, -0.2, -0.2],
						"0.4167": [-0.5, 0.5, 0.5],
						"0.4583": [0, 0.2, 0.2],
						"0.5417": [0, 0, 0],
						"1.25": [0, 0, 0],
						"1.2917": [-0.3, 0.3, -0.3],
						"1.375": [0, 0, 0],
						"1.5833": [0, 0, 0],
						"1.625": [-0.5, 0.5, -0.5],
						"1.6667": [0.3, -0.3, 1.3],
						"1.75": [0, 0, 0]
					}
				}
			},
			"sound_effects": {
				"0.2917": {
					"effect": "halor6:vk78/vk78_magout"
				},
				"1.125": {
					"effect": "halor6:m395b_dmr/dmr_magin"
				},
				"1.5": {
					"effect": "halor6:m395b_dmr/dmr_maglock"
				}
			}
		},
		"reload_empty": {
			"animation_length": 2.4167,
			"bones": {
				"root": {
					"rotation": {
						"0.0": {
							"post": [0, 0, 0],
							"lerp_mode": "catmullrom"
						},
						"0.2083": {
							"post": [-30.88532, -48.82792, -44.2997],
							"lerp_mode": "catmullrom"
						},
						"0.375": [-30.89, -51.33, -44.3],
						"0.4583": [-46.64, -58, -46.13],
						"0.625": [-35.72, -48.83, -51.3],
						"0.8333": {
							"pre": [-33.22, -48.83, -46.3],
							"post": [-33.22, -48.83, -46.3],
							"lerp_mode": "catmullrom"
						},
						"1.1667": {
							"post": [-33.22, -48.83, -48.8],
							"lerp_mode": "catmullrom"
						},
						"1.2083": [-16.22, -67.83, -53.8],
						"1.25": [-26.72, -43.83, -43.8],
						"1.4167": {
							"pre": [-20.72, -48.83, -48.8],
							"post": [-20.72, -48.83, -48.8],
							"lerp_mode": "catmullrom"
						},
						"1.6667": {
							"post": [-48.56, -4.06, -8.6],
							"lerp_mode": "catmullrom"
						},
						"1.7083": {
							"post": [-48.94, 1.76, -6.97],
							"lerp_mode": "catmullrom"
						},
						"1.75": {
							"post": [-50.56, -1.06, -2.6],
							"lerp_mode": "catmullrom"
						},
						"1.8333": {
							"post": [-50.74068, 7.0544, -0.47737],
							"lerp_mode": "catmullrom"
						},
						"1.9583": [-42.38477, -3.67842, -6.40085],
						"2.0417": [-34.88717, 0.25464, 0.97515],
						"2.1667": {
							"pre": [-2.5, -5, -2.5],
							"post": [-2.5, -5, -2.5],
							"lerp_mode": "catmullrom"
						},
						"2.25": {
							"post": [7.5, -2.5, 2.5],
							"lerp_mode": "catmullrom"
						},
						"2.375": {
							"post": [0, 0, 0],
							"lerp_mode": "catmullrom"
						}
					},
					"position": {
						"0.0": {
							"post": [0, 0, 0],
							"lerp_mode": "catmullrom"
						},
						"0.2083": {
							"post": [-0.5, 9, -6.5],
							"lerp_mode": "catmullrom"
						},
						"0.375": [-0.5, 9, -6.5],
						"0.5417": {
							"pre": [-1.5, 9, -6.5],
							"post": [-1.5, 9, -6.5],
							"lerp_mode": "catmullrom"
						},
						"0.8333": {
							"post": [-0.75, 9, -6.5],
							"lerp_mode": "catmullrom"
						},
						"1.1667": {
							"post": [-1, 9, -6.5],
							"lerp_mode": "catmullrom"
						},
						"1.4167": {
							"post": [-2, 8, -6.5],
							"lerp_mode": "catmullrom"
						},
						"1.6667": {
							"post": [-3.5, 4.5, -7],
							"lerp_mode": "catmullrom"
						},
						"1.75": {
							"post": [-3.5, 3.25, -6],
							"lerp_mode": "catmullrom"
						},
						"1.8333": {
							"post": [-3.5, 3, -6],
							"lerp_mode": "catmullrom"
						},
						"2.0417": [-2.5, 1, -4],
						"2.1667": {
							"pre": [-0.75, -1.5, -1],
							"post": [-0.75, -1.5, -1],
							"lerp_mode": "catmullrom"
						},
						"2.375": {
							"post": [0, 0, 0],
							"lerp_mode": "catmullrom"
						}
					}
				},
				"mag_and_lefthand": {
					"rotation": {
						"0.375": {
							"pre": [0, 0, 0],
							"post": [0, 0, 0],
							"lerp_mode": "catmullrom"
						},
						"0.4167": {
							"post": [20, 0, 0],
							"lerp_mode": "catmullrom"
						},
						"0.7083": {
							"post": [55, 0, -42.5],
							"lerp_mode": "catmullrom"
						},
						"1.0833": [30, 0, -42.5],
						"1.125": [20, 0, -7.5],
						"1.1667": [5, 0, 0],
						"1.2083": [0, 0, 0]
					},
					"position": {
						"0.375": {
							"pre": [0, 0, 0],
							"post": [0, 0, 0],
							"lerp_mode": "catmullrom"
						},
						"0.4167": {
							"post": [0, -6.67, 1.5],
							"lerp_mode": "catmullrom"
						},
						"0.7083": {
							"post": [15, -29.33, 31],
							"lerp_mode": "catmullrom"
						},
						"0.75": {
							"post": [5, -18.33, 29],
							"lerp_mode": "catmullrom"
						},
						"1.0833": [5, -18.33, 10],
						"1.125": [2, -10.67, 3],
						"1.1667": [0, -5.5, 0.5],
						"1.2083": [0, 0, 0]
					}
				},
				"lefthand": {
					"rotation": {
						"0.0": [93.89207, -39.11138, -144.91096],
						"0.125": [69.00379, -31.49678, -105.79881],
						"0.2083": [38.41202, -13.8905, -49.90062],
						"0.6667": [38.41202, -13.8905, -49.90062],
						"0.8333": [158.4432, -6.06996, -184.94735],
						"1.3333": [158.4432, -6.06996, -184.94735],
						"1.5417": [131.76451, -30.69497, -190.80718],
						"1.6667": [131.76451, -30.69497, -190.80718],
						"2.0833": [93.89207, -39.11138, -144.91096]
					},
					"position": {
						"0.0": [7.9187, -13.87, -14.76218],
						"0.125": [8.12, -17.48, -1.82],
						"0.2083": [4.92, -14.88562, 5.14594],
						"0.6667": [4.92, -14.88562, 5.14594],
						"0.8333": [7.17, -14.38562, 6.14594],
						"1.3333": [7.17, -14.38562, 6.14594],
						"1.5417": [8.17, -8.89, -3.35],
						"1.6667": [8.17, -8.89, -3.35],
						"1.75": [8.17, -8.89, -1.35],
						"1.7917": [8.17, -8.89, -1.35],
						"1.9583": [11.42, -11.39, -7.85],
						"2.0833": [7.9187, -13.87, -14.76218]
					},
					"scale": [1, 1.5, 1]
				},
				"bullet": {
					"position": {
						"0.6667": [0, -1, 0],
						"0.9167": [0, 0, 0]
					}
				},
				"righthand": {
					"rotation": [99.05188, 15.0716, -167.92777],
					"position": [-7.1875, -13.7375, -3.50078],
					"scale": [1, 1.5, 1]
				},
				"constraint": {
					"rotation": {
						"2.25": [0.15, 0.15, 0.15],
						"2.3333": [0, 0, 0]
					},
					"position": {
						"2.25": [0.1, 0.1, 0.1],
						"2.3333": [0, 0, 0]
					}
				},
				"bolt": {
					"position": {
						"1.6667": [0, 0, 3],
						"1.75": [0, 0, 3.5],
						"1.7917": [0, 0, 3.5],
						"1.875": [0, 0, 0]
					}
				},
				"camera": {
					"rotation": {
						"0.2917": [0, 0, 0],
						"0.375": [-0.2, -0.2, -0.2],
						"0.4167": [-0.5, 0.5, 0.5],
						"0.4583": [0, 0.2, 0.2],
						"0.5417": [0, 0, 0],
						"1.1667": [0, 0, 0],
						"1.2083": [-0.5, 0.5, -0.5],
						"1.25": [0.3, -0.3, 1.3],
						"1.3333": [0, 0, 0],
						"1.625": [0, 0, 0],
						"1.7083": [0.5, 0, 0],
						"1.75": [0, 0.7, -0.7],
						"1.7917": [1, 0.5, 0.5],
						"1.9167": [0, 0, 0]
					}
				}
			},
			"sound_effects": {
				"0.2917": {
					"effect": "halor6:vk78/vk78_magout"
				},
				"1.0417": {
					"effect": "halor6:m395b_dmr/dmr_maglock"
				},
				"1.5833": {
					"effect": "halor6:m90/pump_back"
				},
				"1.7083": {
					"effect": "halor6:m395b_dmr/dmr_boltforward"
				}
			}
		},
		"inspect": {
			"loop": "hold_on_last_frame",
			"animation_length": 6.8,
			"bones": {
				"root": {
					"rotation": {
						"0.0": {
							"post": [0, 0, 0],
							"lerp_mode": "catmullrom"
						},
						"0.1667": {
							"post": [-4.09882, -4.5091, 15.43498],
							"lerp_mode": "catmullrom"
						},
						"0.5": {
							"post": [-5.41629, -49.13247, -14.00811],
							"lerp_mode": "catmullrom"
						},
						"0.7333": {
							"post": [-6.46, -49.35, -10.81],
							"lerp_mode": "catmullrom"
						},
						"1.7": {
							"post": [-5.06, -49.47, -11.78],
							"lerp_mode": "catmullrom"
						},
						"3.0333": {
							"post": [-10.84, -43.07, 1.3],
							"lerp_mode": "catmullrom"
						},
						"3.3333": {
							"post": [-23.39, 20.04, 78.95],
							"lerp_mode": "catmullrom"
						},
						"3.4333": {
							"post": [-27.03832, 18.45511, 82.32435],
							"lerp_mode": "catmullrom"
						},
						"3.6": {
							"post": [-29.11597, 18.50829, 84.48083],
							"lerp_mode": "catmullrom"
						},
						"3.7333": {
							"post": [-29.19802, 17.56109, 83.31483],
							"lerp_mode": "catmullrom"
						},
						"3.9333": {
							"post": [-29.12119, 17.25823, 84.52516],
							"lerp_mode": "catmullrom"
						},
						"4.1": {
							"post": [-29.12185, 17.23874, 84.18842],
							"lerp_mode": "catmullrom"
						},
						"4.3167": {
							"post": [-29.18533, 16.15323, 83.16661],
							"lerp_mode": "catmullrom"
						},
						"4.5": {
							"post": [-29.90167, 15.88756, 84.02848],
							"lerp_mode": "catmullrom"
						},
						"4.7": {
							"post": [-29.9, 15.89, 84.03],
							"lerp_mode": "catmullrom"
						},
						"4.7667": {
							"post": [-30.28893, 16.40247, 83.69991],
							"lerp_mode": "catmullrom"
						},
						"4.9": {
							"post": [-31.15319, 19.53992, 84.88983],
							"lerp_mode": "catmullrom"
						},
						"5.0667": {
							"post": [-31.38793, 21.81647, 85.21797],
							"lerp_mode": "catmullrom"
						},
						"5.4667": {
							"post": [-31.59894, 21.09056, 85.53113],
							"lerp_mode": "catmullrom"
						},
						"5.7833": [-31.80456, 21.06945, 85.88676],
						"6.15": [-32.11945, 20.21748, 85.30858],
						"6.2167": [-28.26232, 11.02793, 72.61152],
						"6.4167": {
							"pre": [-13.14, 0.83, 33.75],
							"post": [-13.14, 0.83, 33.75],
							"lerp_mode": "catmullrom"
						},
						"6.4667": [-7.42, -2.84, 26.12],
						"6.5": [-3.06, -3.62, 18.13],
						"6.55": [-0.62, -2.05, 11.52],
						"6.5833": [0.81, -0.65, 6.5],
						"6.6667": {
							"pre": [0, 0, -1.5],
							"post": [0, 0, -1.5],
							"lerp_mode": "catmullrom"
						},
						"6.7833": {
							"post": [0, 0, 0],
							"lerp_mode": "catmullrom"
						}
					},
					"position": {
						"0.0": {
							"post": [0, 0, 0],
							"lerp_mode": "catmullrom"
						},
						"0.1667": {
							"post": [0, -0.94, -0.22],
							"lerp_mode": "catmullrom"
						},
						"0.3667": {
							"post": [1.225, 1.425, -2.875],
							"lerp_mode": "catmullrom"
						},
						"0.7333": {
							"post": [2.2, 1.61, -2.77],
							"lerp_mode": "catmullrom"
						},
						"1.7": {
							"post": [2.18, 1.64, -2.76],
							"lerp_mode": "catmullrom"
						},
						"3.0333": {
							"post": [2.72, 1.26, -2.77],
							"lerp_mode": "catmullrom"
						},
						"3.3667": {
							"post": [2.855, 2.16, -4.77],
							"lerp_mode": "catmullrom"
						},
						"3.6": {
							"post": [2.935, 2.16, -4.77],
							"lerp_mode": "catmullrom"
						},
						"3.7333": {
							"post": [2.93, 2.21, -4.67],
							"lerp_mode": "catmullrom"
						},
						"3.9333": {
							"post": [2.93, 2.285, -4.67],
							"lerp_mode": "catmullrom"
						},
						"4.3167": {
							"post": [2.93, 2.315, -4.67],
							"lerp_mode": "catmullrom"
						},
						"4.7": {
							"post": [2.93, 2.32, -4.67],
							"lerp_mode": "catmullrom"
						},
						"4.9": {
							"post": [2.93, 2.47, -4.37],
							"lerp_mode": "catmullrom"
						},
						"5.0667": {
							"post": [2.93, 2.545, -4.32],
							"lerp_mode": "catmullrom"
						},
						"5.4667": {
							"post": [2.93, 2.575, -4.445],
							"lerp_mode": "catmullrom"
						},
						"5.7833": [2.93, 2.555, -4.4],
						"6.15": {
							"pre": [2.905, 2.5, -4.4],
							"post": [2.905, 2.5, -4.4],
							"lerp_mode": "catmullrom"
						},
						"6.2167": {
							"post": [3.02, 1.22, -4.29],
							"lerp_mode": "catmullrom"
						},
						"6.55": {
							"post": [0, 0, 0],
							"lerp_mode": "catmullrom"
						}
					}
				},
				"lefthand": {
					"rotation": {
						"0.0": [93.89207, -39.11138, -144.91096],
						"0.3333": [68.77018, -45.12612, -106.00001],
						"3.0333": [68.77018, -45.12612, -106.00001],
						"3.3333": [60.05, -30.75, -182],
						"6.15": [60.05, -30.75, -182],
						"6.5833": [93.89207, -39.11138, -144.91096]
					},
					"position": {
						"0.0": [7.9187, -13.87, -14.76218],
						"0.3333": [7.05, -14.79, -16.34],
						"3.0333": [7.05, -14.79, -16.34],
						"3.3333": [9.42, -10.12, -10.44],
						"6.15": [9.42, -10.12, -10.44],
						"6.5833": [7.9187, -13.87, -14.76218]
					},
					"scale": [1, 1.5, 1]
				},
				"righthand": {
					"rotation": [99.05188, 15.0716, -167.92777],
					"position": [-7.1875, -13.7375, -3.50078],
					"scale": [1, 1.5, 1]
				},
				"camera": {
					"rotation": {
						"0.0": {
							"post": [0, 0, 0],
							"lerp_mode": "catmullrom"
						},
						"2.8": {
							"post": [17.53, 26.21, -2.325],
							"lerp_mode": "catmullrom"
						},
						"4.1667": {
							"post": [9.71, 8.585, -0.195],
							"lerp_mode": "catmullrom"
						},
						"5.0333": {
							"post": [8.99, 1.21, -0.945],
							"lerp_mode": "catmullrom"
						},
						"6.1167": {
							"post": [8.99, -1.29, -0.045],
							"lerp_mode": "catmullrom"
						},
						"6.4833": {
							"post": [0, 0, 0],
							"lerp_mode": "catmullrom"
						},
						"6.6833": {
							"post": [0, 0, 0],
							"lerp_mode": "catmullrom"
						}
					}
				}
			}
		},
		"inspect_empty": {
			"loop": "hold_on_last_frame",
			"animation_length": 6.8,
			"bones": {
				"root": {
					"rotation": {
						"0.0": {
							"post": [0, 0, 0],
							"lerp_mode": "catmullrom"
						},
						"0.1667": {
							"post": [-4.09882, -4.5091, 15.43498],
							"lerp_mode": "catmullrom"
						},
						"0.5": {
							"post": [-5.41629, -49.13247, -14.00811],
							"lerp_mode": "catmullrom"
						},
						"0.7333": {
							"post": [-6.46, -49.35, -10.81],
							"lerp_mode": "catmullrom"
						},
						"1.7": {
							"post": [-5.06, -49.47, -11.78],
							"lerp_mode": "catmullrom"
						},
						"3.0333": {
							"post": [-10.84, -43.07, 1.3],
							"lerp_mode": "catmullrom"
						},
						"3.3333": {
							"post": [-23.39, 20.04, 78.95],
							"lerp_mode": "catmullrom"
						},
						"3.4333": {
							"post": [-27.03832, 18.45511, 82.32435],
							"lerp_mode": "catmullrom"
						},
						"3.6": {
							"post": [-29.11597, 18.50829, 84.48083],
							"lerp_mode": "catmullrom"
						},
						"3.7333": {
							"post": [-29.19802, 17.56109, 83.31483],
							"lerp_mode": "catmullrom"
						},
						"3.9333": {
							"post": [-29.12119, 17.25823, 84.52516],
							"lerp_mode": "catmullrom"
						},
						"4.1": {
							"post": [-29.12185, 17.23874, 84.18842],
							"lerp_mode": "catmullrom"
						},
						"4.3167": {
							"post": [-29.18533, 16.15323, 83.16661],
							"lerp_mode": "catmullrom"
						},
						"4.5": {
							"post": [-29.90167, 15.88756, 84.02848],
							"lerp_mode": "catmullrom"
						},
						"4.7": {
							"post": [-29.9, 15.89, 84.03],
							"lerp_mode": "catmullrom"
						},
						"4.7667": {
							"post": [-30.28893, 16.40247, 83.69991],
							"lerp_mode": "catmullrom"
						},
						"4.9": {
							"post": [-31.15319, 19.53992, 84.88983],
							"lerp_mode": "catmullrom"
						},
						"5.0667": {
							"post": [-31.38793, 21.81647, 85.21797],
							"lerp_mode": "catmullrom"
						},
						"5.4667": {
							"post": [-31.59894, 21.09056, 85.53113],
							"lerp_mode": "catmullrom"
						},
						"5.7833": [-31.80456, 21.06945, 85.88676],
						"6.15": [-32.11945, 20.21748, 85.30858],
						"6.2167": [-28.26232, 11.02793, 72.61152],
						"6.4167": {
							"pre": [-13.14, 0.83, 33.75],
							"post": [-13.14, 0.83, 33.75],
							"lerp_mode": "catmullrom"
						},
						"6.4667": [-7.42, -2.84, 26.12],
						"6.5": [-3.06, -3.62, 18.13],
						"6.55": [-0.62, -2.05, 11.52],
						"6.5833": [0.81, -0.65, 6.5],
						"6.6667": {
							"pre": [0, 0, -1.5],
							"post": [0, 0, -1.5],
							"lerp_mode": "catmullrom"
						},
						"6.7833": {
							"post": [0, 0, 0],
							"lerp_mode": "catmullrom"
						}
					},
					"position": {
						"0.0": {
							"post": [0, 0, 0],
							"lerp_mode": "catmullrom"
						},
						"0.1667": {
							"post": [0, -0.94, -0.22],
							"lerp_mode": "catmullrom"
						},
						"0.3667": {
							"post": [1.225, 1.425, -2.875],
							"lerp_mode": "catmullrom"
						},
						"0.7333": {
							"post": [2.2, 1.61, -2.77],
							"lerp_mode": "catmullrom"
						},
						"1.7": {
							"post": [2.18, 1.64, -2.76],
							"lerp_mode": "catmullrom"
						},
						"3.0333": {
							"post": [2.72, 1.26, -2.77],
							"lerp_mode": "catmullrom"
						},
						"3.3667": {
							"post": [2.855, 2.16, -4.77],
							"lerp_mode": "catmullrom"
						},
						"3.6": {
							"post": [2.935, 2.16, -4.77],
							"lerp_mode": "catmullrom"
						},
						"3.7333": {
							"post": [2.93, 2.21, -4.67],
							"lerp_mode": "catmullrom"
						},
						"3.9333": {
							"post": [2.93, 2.285, -4.67],
							"lerp_mode": "catmullrom"
						},
						"4.3167": {
							"post": [2.93, 2.315, -4.67],
							"lerp_mode": "catmullrom"
						},
						"4.7": {
							"post": [2.93, 2.32, -4.67],
							"lerp_mode": "catmullrom"
						},
						"4.9": {
							"post": [2.93, 2.47, -4.37],
							"lerp_mode": "catmullrom"
						},
						"5.0667": {
							"post": [2.93, 2.545, -4.32],
							"lerp_mode": "catmullrom"
						},
						"5.4667": {
							"post": [2.93, 2.575, -4.445],
							"lerp_mode": "catmullrom"
						},
						"5.7833": [2.93, 2.555, -4.4],
						"6.15": {
							"pre": [2.905, 2.5, -4.4],
							"post": [2.905, 2.5, -4.4],
							"lerp_mode": "catmullrom"
						},
						"6.2167": {
							"post": [3.02, 1.22, -4.29],
							"lerp_mode": "catmullrom"
						},
						"6.55": {
							"post": [0, 0, 0],
							"lerp_mode": "catmullrom"
						}
					}
				},
				"lefthand": {
					"rotation": {
						"0.0": [93.89207, -39.11138, -144.91096],
						"0.3333": [68.77018, -45.12612, -106.00001],
						"3.0333": [68.77018, -45.12612, -106.00001],
						"3.3333": [60.05, -30.75, -182],
						"6.15": [60.05, -30.75, -182],
						"6.5833": [93.89207, -39.11138, -144.91096]
					},
					"position": {
						"0.0": [7.9187, -13.87, -14.76218],
						"0.3333": [7.05, -14.79, -16.34],
						"3.0333": [7.05, -14.79, -16.34],
						"3.3333": [9.42, -10.12, -10.44],
						"6.15": [9.42, -10.12, -10.44],
						"6.5833": [7.9187, -13.87, -14.76218]
					},
					"scale": [1, 1.5, 1]
				},
				"righthand": {
					"rotation": [99.05188, 15.0716, -167.92777],
					"position": [-7.1875, -13.7375, -3.50078],
					"scale": [1, 1.5, 1]
				},
				"camera": {
					"rotation": {
						"0.0": {
							"post": [0, 0, 0],
							"lerp_mode": "catmullrom"
						},
						"2.8": {
							"post": [17.53, 26.21, -2.325],
							"lerp_mode": "catmullrom"
						},
						"4.1667": {
							"post": [9.71, 8.585, -0.195],
							"lerp_mode": "catmullrom"
						},
						"5.0333": {
							"post": [8.99, 1.21, -0.945],
							"lerp_mode": "catmullrom"
						},
						"6.1167": {
							"post": [8.99, -1.29, -0.045],
							"lerp_mode": "catmullrom"
						},
						"6.4833": {
							"post": [0, 0, 0],
							"lerp_mode": "catmullrom"
						},
						"6.6833": {
							"post": [0, 0, 0],
							"lerp_mode": "catmullrom"
						}
					}
				}
			}
		}
	}
}