{
	"format_version": "1.8.0",
	"animations": {
		"static_idle": {
			"loop": true,
			"bones": {
				"lefthand": {
					"rotation": [97.57308, -36.58254, -147.98537],
					"position": [8.22339, -14.85437, -21.56687],
					"scale": [1, 1.5, 1]
				},
				"righthand": {
					"rotation": [99.05188, 15.0716, -167.92777],
					"position": [-6.42969, -15.83125, 1.07344],
					"scale": [1, 1.5, 1]
				}
			}
		},
		"reload_tactical": {
			"animation_length": 3.9167,
			"bones": {
				"lefthand": {
					"rotation": {
						"0.0": [97.57308, -36.58254, -147.98537],
						"2.4583": [97.57, -36.58, -147.99],
						"2.75": [127.57, 3.42, -245.49],
						"2.875": [127.57, 3.42, -245.49],
						"3.2083": [127.57, 3.42, -245.49],
						"3.4167": [97.57, -36.58, -147.99]
					},
					"position": {
						"0.0": [8.22339, -14.85437, -21.56687],
						"0.2083": [8.22, -14.85, -23.57],
						"2.4583": [8.22, -14.85, -23.57],
						"2.625": [12.22, -12.56, -19.86],
						"2.75": [9.97, -10.85, -18.07],
						"2.875": [9.97, -10.85, -18.07],
						"2.9583": [9.97, -10.85, -15.07],
						"3.125": [9.97, -10.85, -15.07],
						"3.2083": [14.97, -10.85, -13.57],
						"3.4167": [8.22, -14.85, -21.57]
					},
					"scale": [1, 1.5, 1]
				},
				"righthand": {
					"rotation": {
						"0.0": [99.05188, 15.0716, -167.92777],
						"0.3333": [99.05, -2.43, -82.93],
						"0.9583": [99.05, -2.43, -82.93],
						"1.4583": [99.05, 15.07, -167.93],
						"1.8333": [99.05, 15.07, -167.93],
						"1.9167": [99.05, 7.57, -167.93],
						"2.0": [99.05, -14.93, -167.93],
						"2.0417": [99.05, 5.07, -167.93],
						"2.25": [99.05, 5.07, -167.93],
						"2.375": [99.05, -9.93, -167.93],
						"2.5": [129.05188, 15.0716, -167.92777],
						"3.4167": [129.05188, 15.0716, -167.92777],
						"3.5417": [99.05188, 15.0716, -167.92777]
					},
					"position": {
						"0.0": [-6.42969, -15.83125, 1.07344],
						"0.3333": [-13.31281, -10.25187, -11.93],
						"0.9583": [-13.31281, -10.25187, -11.93],
						"1.4583": [-18.31281, -14.25187, -11.93],
						"1.8333": [-18.31281, -14.25187, -11.93],
						"2.0": [-27.31, -14.25, -11.93],
						"2.0417": [-18.31281, -14.25187, -11.93],
						"2.25": [-18.31281, -14.25187, -11.93],
						"2.3333": [-20.35, -16.78, -7.6],
						"2.5": [-6.74219, -15.83125, -4.92656],
						"3.4167": [-6.74219, -15.83125, -4.92656],
						"3.5417": [-6.42969, -15.83125, 1.07344]
					},
					"scale": [1, 1.5, 1]
				},
				"root": {
					"rotation": {
						"0.0": {
							"post": [0, 0, 0],
							"lerp_mode": "catmullrom"
						},
						"0.2917": {
							"post": [-55, -12.5, 25],
							"lerp_mode": "catmullrom"
						},
						"0.5833": {
							"post": [-57.5, -12.5, 25],
							"lerp_mode": "catmullrom"
						},
						"0.625": {
							"post": [-55.2, -16.41, 28.92],
							"lerp_mode": "catmullrom"
						},
						"0.7083": {
							"post": [-57.58, -15.01, 27.52],
							"lerp_mode": "catmullrom"
						},
						"0.9167": {
							"post": [-57.5, -12.5, 25],
							"lerp_mode": "catmullrom"
						},
						"1.625": {
							"post": [-59.35, -12.76, 26.4],
							"lerp_mode": "catmullrom"
						},
						"1.6667": {
							"post": [-57.48, -11.34, 26.06],
							"lerp_mode": "catmullrom"
						},
						"1.75": {
							"post": [-59.38, -13.77, 24.92],
							"lerp_mode": "catmullrom"
						},
						"1.9167": {
							"post": [-59.35, -12.76, 26.4],
							"lerp_mode": "catmullrom"
						},
						"2.0417": {
							"post": [-59.68, -12.8, 26.71],
							"lerp_mode": "catmullrom"
						},
						"2.0833": {
							"post": [-57.46, -13.99, 27.51],
							"lerp_mode": "catmullrom"
						},
						"2.125": {
							"post": [-59.89, -14.88, 27.91],
							"lerp_mode": "catmullrom"
						},
						"2.4583": {
							"post": [-57.5, -15, 25],
							"lerp_mode": "catmullrom"
						},
						"2.7917": {
							"post": [-24.62, -6.56, -1.83],
							"lerp_mode": "catmullrom"
						},
						"2.9167": {
							"post": [-24.62, -6.56, -1.83],
							"lerp_mode": "catmullrom"
						},
						"3.0": {
							"post": [-26, -8, 0.5],
							"lerp_mode": "catmullrom"
						},
						"3.125": {
							"post": [-28.5, -8, 0.5],
							"lerp_mode": "catmullrom"
						},
						"3.2083": {
							"post": [-19.33, -4.43, 5.26],
							"lerp_mode": "catmullrom"
						},
						"3.2917": {
							"post": [-11.67, -0.75, 0.12],
							"lerp_mode": "catmullrom"
						},
						"3.4583": {
							"post": [0.39065, 0.294, 2.28025],
							"lerp_mode": "catmullrom"
						},
						"3.7083": {
							"post": [0.03, 0.12, 0.67],
							"lerp_mode": "catmullrom"
						},
						"3.875": [0, 0, 0]
					},
					"position": {
						"0.0": {
							"post": [0, 0, 0],
							"lerp_mode": "catmullrom"
						},
						"0.2917": {
							"post": [1.5, -7, -4],
							"lerp_mode": "catmullrom"
						},
						"0.5833": {
							"post": [2.75, -8.5, -4],
							"lerp_mode": "catmullrom"
						},
						"0.625": {
							"post": [3.51, -8.52, -4],
							"lerp_mode": "catmullrom"
						},
						"0.9167": {
							"post": [2.75, -8.5, -4],
							"lerp_mode": "catmullrom"
						},
						"1.25": {
							"post": [2.96, -8.98, -4.03],
							"lerp_mode": "catmullrom"
						},
						"1.625": {
							"post": [2.7, -8.5, -4.06],
							"lerp_mode": "catmullrom"
						},
						"1.6667": {
							"post": [3.43, -9.49, -4.06],
							"lerp_mode": "catmullrom"
						},
						"1.9167": {
							"post": [2.7, -8.5, -4.06],
							"lerp_mode": "catmullrom"
						},
						"2.0417": {
							"post": [2.66, -8.47, -4.07],
							"lerp_mode": "catmullrom"
						},
						"2.0833": {
							"post": [3.64, -8.96, -4.08],
							"lerp_mode": "catmullrom"
						},
						"2.2917": {
							"post": [2, -8, -4],
							"lerp_mode": "catmullrom"
						},
						"2.4583": {
							"post": [2, -8, -4],
							"lerp_mode": "catmullrom"
						},
						"2.7917": {
							"post": [-3.26, -3.84, -2.97],
							"lerp_mode": "catmullrom"
						},
						"2.9167": {
							"post": [-3.26, -3.84, -2.97],
							"lerp_mode": "catmullrom"
						},
						"3.0": {
							"post": [-3.26, -4.84, -1.72],
							"lerp_mode": "catmullrom"
						},
						"3.1667": {
							"post": [-3.01, -6.34, -1.22],
							"lerp_mode": "catmullrom"
						},
						"3.25": {
							"post": [-3.01, -5.34, -1.22],
							"lerp_mode": "catmullrom"
						},
						"3.4583": {
							"post": [0.01, -0.3, 0.5],
							"lerp_mode": "catmullrom"
						},
						"3.625": {
							"post": [-0.01, -0.07, -0.32],
							"lerp_mode": "catmullrom"
						},
						"3.7917": {
							"post": [0, 0, 0],
							"lerp_mode": "catmullrom"
						}
					}
				},
				"mag_and_righthand": {
					"rotation": {
						"0.5833": [0, 0, 0],
						"0.625": [0, 0, 0],
						"0.7083": {
							"pre": [0, 32.5, 0],
							"post": [0, 32.5, 0],
							"lerp_mode": "catmullrom"
						},
						"0.8333": {
							"post": [0, 55, 0],
							"lerp_mode": "catmullrom"
						},
						"1.4583": {
							"post": [0, 55, 0],
							"lerp_mode": "catmullrom"
						},
						"1.5417": {
							"post": [0, 32.5, 15],
							"lerp_mode": "catmullrom"
						},
						"1.625": [0, 2.5, 0],
						"1.6667": [0, 0, 0]
					},
					"position": {
						"0.5833": [0, 0, 0],
						"0.625": [-3, 0, 1],
						"0.7083": {
							"pre": [-13, -6, 6],
							"post": [-13, -6, 6],
							"lerp_mode": "catmullrom"
						},
						"0.8333": {
							"post": [-29, -22, 26],
							"lerp_mode": "catmullrom"
						},
						"1.4583": {
							"post": [-37, -22, 30],
							"lerp_mode": "catmullrom"
						},
						"1.5417": {
							"post": [-14, -5, 4],
							"lerp_mode": "catmullrom"
						},
						"1.625": [-2.5, 0, 0.25],
						"1.6667": [0, 0, 0]
					}
				},
				"bolt": {
					"position": {
						"2.875": [0, 0, 0],
						"2.9583": [0, 0, 3],
						"3.125": [0, 0, 3],
						"3.1667": [0, 0, 0]
					}
				},
				"constraint": {
					"rotation": {
						"3.4583": [0.03, 0.2, 0.2],
						"3.6667": [0, 0, 0]
					},
					"position": {
						"3.4583": [0.15, 0, 0.1],
						"3.6667": [0, 0, 0]
					}
				},
				"camera": {
					"rotation": {
						"0.5417": [0, 0, 0],
						"0.5833": [-1, 1, -1],
						"0.6667": [0, -1, 1],
						"0.75": [0, 0, 0],
						"1.625": [0, 0, 0],
						"1.6667": [0.5, -0.5, -0.5],
						"1.75": [-0.5, 0.5, -0.5],
						"1.8333": [0, 0, 0],
						"2.0417": [0, 0, 0],
						"2.0833": [1, -1, -1],
						"2.1667": [-1, 1, -1],
						"2.25": [0, 0, 0],
						"2.875": [0, 0, 0],
						"2.9583": [1, 1, -1],
						"3.125": [1.5, 1.5, -1.5],
						"3.2083": [-1, -1, 1],
						"3.3333": [0, 0, 0]
					}
				}
			},
			"sound_effects": {
				"0.5": {
					"effect": "halor6:m247_gpmg/m247_gpmg_magout"
				},
				"1.5833": {
					"effect": "halor6:m247_gpmg/m247_gpmg_magin"
				},
				"2.0": {
					"effect": "halor6:m247_gpmg/m247_gpmg_maglocked"
				},
				"2.875": {
					"effect": "halor6:m247_gpmg/m247_gpmg_slideback"
				},
				"3.0833": {
					"effect": "halor6:m247_gpmg/m247_gpmg_slideforward"
				}
			}
		},
		"reload_empty": {
			"animation_length": 3.9167,
			"bones": {
				"lefthand": {
					"rotation": {
						"0.0": [97.57308, -36.58254, -147.98537],
						"2.4583": [97.57, -36.58, -147.99],
						"2.75": [127.57, 3.42, -245.49],
						"2.875": [127.57, 3.42, -245.49],
						"3.2083": [127.57, 3.42, -245.49],
						"3.4167": [97.57, -36.58, -147.99]
					},
					"position": {
						"0.0": [8.22339, -14.85437, -21.56687],
						"0.2083": [8.22, -14.85, -23.57],
						"2.4583": [8.22, -14.85, -23.57],
						"2.625": [12.22, -12.56, -19.86],
						"2.75": [9.97, -10.85, -18.07],
						"2.875": [9.97, -10.85, -18.07],
						"2.9583": [9.97, -10.85, -15.07],
						"3.125": [9.97, -10.85, -15.07],
						"3.2083": [14.97, -10.85, -13.57],
						"3.4167": [8.22, -14.85, -21.57]
					},
					"scale": [1, 1.5, 1]
				},
				"righthand": {
					"rotation": {
						"0.0": [99.05188, 15.0716, -167.92777],
						"0.3333": [99.05, -2.43, -82.93],
						"0.9583": [99.05, -2.43, -82.93],
						"1.4583": [99.05, 15.07, -167.93],
						"1.8333": [99.05, 15.07, -167.93],
						"1.9167": [99.05, 7.57, -167.93],
						"2.0": [99.05, -14.93, -167.93],
						"2.0417": [99.05, 5.07, -167.93],
						"2.25": [99.05, 5.07, -167.93],
						"2.375": [99.05, -9.93, -167.93],
						"2.5": [129.05188, 15.0716, -167.92777],
						"3.4167": [129.05188, 15.0716, -167.92777],
						"3.5417": [99.05188, 15.0716, -167.92777]
					},
					"position": {
						"0.0": [-6.42969, -15.83125, 1.07344],
						"0.3333": [-13.31281, -10.25187, -11.93],
						"0.9583": [-13.31281, -10.25187, -11.93],
						"1.4583": [-18.31281, -14.25187, -11.93],
						"1.8333": [-18.31281, -14.25187, -11.93],
						"2.0": [-27.31, -14.25, -11.93],
						"2.0417": [-18.31281, -14.25187, -11.93],
						"2.25": [-18.31281, -14.25187, -11.93],
						"2.3333": [-20.35, -16.78, -7.6],
						"2.5": [-6.74219, -15.83125, -4.92656],
						"3.4167": [-6.74219, -15.83125, -4.92656],
						"3.5417": [-6.42969, -15.83125, 1.07344]
					},
					"scale": [1, 1.5, 1]
				},
				"root": {
					"rotation": {
						"0.0": {
							"post": [0, 0, 0],
							"lerp_mode": "catmullrom"
						},
						"0.2917": {
							"post": [-55, -12.5, 25],
							"lerp_mode": "catmullrom"
						},
						"0.5833": {
							"post": [-57.5, -12.5, 25],
							"lerp_mode": "catmullrom"
						},
						"0.625": {
							"post": [-55.2, -16.41, 28.92],
							"lerp_mode": "catmullrom"
						},
						"0.7083": {
							"post": [-57.58, -15.01, 27.52],
							"lerp_mode": "catmullrom"
						},
						"0.9167": {
							"post": [-57.5, -12.5, 25],
							"lerp_mode": "catmullrom"
						},
						"1.625": {
							"post": [-59.35, -12.76, 26.4],
							"lerp_mode": "catmullrom"
						},
						"1.6667": {
							"post": [-57.48, -11.34, 26.06],
							"lerp_mode": "catmullrom"
						},
						"1.75": {
							"post": [-59.38, -13.77, 24.92],
							"lerp_mode": "catmullrom"
						},
						"1.9167": {
							"post": [-59.35, -12.76, 26.4],
							"lerp_mode": "catmullrom"
						},
						"2.0417": {
							"post": [-59.68, -12.8, 26.71],
							"lerp_mode": "catmullrom"
						},
						"2.0833": {
							"post": [-57.46, -13.99, 27.51],
							"lerp_mode": "catmullrom"
						},
						"2.125": {
							"post": [-59.89, -14.88, 27.91],
							"lerp_mode": "catmullrom"
						},
						"2.4583": {
							"post": [-57.5, -15, 25],
							"lerp_mode": "catmullrom"
						},
						"2.7917": {
							"post": [-24.62, -6.56, -1.83],
							"lerp_mode": "catmullrom"
						},
						"2.9167": {
							"post": [-24.62, -6.56, -1.83],
							"lerp_mode": "catmullrom"
						},
						"3.0": {
							"post": [-26, -8, 0.5],
							"lerp_mode": "catmullrom"
						},
						"3.125": {
							"post": [-28.5, -8, 0.5],
							"lerp_mode": "catmullrom"
						},
						"3.2083": {
							"post": [-19.33, -4.43, 5.26],
							"lerp_mode": "catmullrom"
						},
						"3.2917": {
							"post": [-11.67, -0.75, 0.12],
							"lerp_mode": "catmullrom"
						},
						"3.4583": {
							"post": [0.39065, 0.294, 2.28025],
							"lerp_mode": "catmullrom"
						},
						"3.7083": {
							"post": [0.03, 0.12, 0.67],
							"lerp_mode": "catmullrom"
						},
						"3.875": [0, 0, 0]
					},
					"position": {
						"0.0": {
							"post": [0, 0, 0],
							"lerp_mode": "catmullrom"
						},
						"0.2917": {
							"post": [1.5, -7, -4],
							"lerp_mode": "catmullrom"
						},
						"0.5833": {
							"post": [2.75, -8.5, -4],
							"lerp_mode": "catmullrom"
						},
						"0.625": {
							"post": [3.51, -8.52, -4],
							"lerp_mode": "catmullrom"
						},
						"0.9167": {
							"post": [2.75, -8.5, -4],
							"lerp_mode": "catmullrom"
						},
						"1.25": {
							"post": [2.96, -8.98, -4.03],
							"lerp_mode": "catmullrom"
						},
						"1.625": {
							"post": [2.7, -8.5, -4.06],
							"lerp_mode": "catmullrom"
						},
						"1.6667": {
							"post": [3.43, -9.49, -4.06],
							"lerp_mode": "catmullrom"
						},
						"1.9167": {
							"post": [2.7, -8.5, -4.06],
							"lerp_mode": "catmullrom"
						},
						"2.0417": {
							"post": [2.66, -8.47, -4.07],
							"lerp_mode": "catmullrom"
						},
						"2.0833": {
							"post": [3.64, -8.96, -4.08],
							"lerp_mode": "catmullrom"
						},
						"2.2917": {
							"post": [2, -8, -4],
							"lerp_mode": "catmullrom"
						},
						"2.4583": {
							"post": [2, -8, -4],
							"lerp_mode": "catmullrom"
						},
						"2.7917": {
							"post": [-3.26, -3.84, -2.97],
							"lerp_mode": "catmullrom"
						},
						"2.9167": {
							"post": [-3.26, -3.84, -2.97],
							"lerp_mode": "catmullrom"
						},
						"3.0": {
							"post": [-3.26, -4.84, -1.72],
							"lerp_mode": "catmullrom"
						},
						"3.1667": {
							"post": [-3.01, -6.34, -1.22],
							"lerp_mode": "catmullrom"
						},
						"3.25": {
							"post": [-3.01, -5.34, -1.22],
							"lerp_mode": "catmullrom"
						},
						"3.4583": {
							"post": [0.01, -0.3, 0.5],
							"lerp_mode": "catmullrom"
						},
						"3.625": {
							"post": [-0.01, -0.07, -0.32],
							"lerp_mode": "catmullrom"
						},
						"3.7917": {
							"post": [0, 0, 0],
							"lerp_mode": "catmullrom"
						}
					}
				},
				"mag_and_righthand": {
					"rotation": {
						"0.5833": [0, 0, 0],
						"0.625": [0, 0, 0],
						"0.7083": {
							"pre": [0, 32.5, 0],
							"post": [0, 32.5, 0],
							"lerp_mode": "catmullrom"
						},
						"0.8333": {
							"post": [0, 55, 0],
							"lerp_mode": "catmullrom"
						},
						"1.4583": {
							"post": [0, 55, 0],
							"lerp_mode": "catmullrom"
						},
						"1.5417": {
							"post": [0, 32.5, 15],
							"lerp_mode": "catmullrom"
						},
						"1.625": [0, 2.5, 0],
						"1.6667": [0, 0, 0]
					},
					"position": {
						"0.5833": [0, 0, 0],
						"0.625": [-3, 0, 1],
						"0.7083": {
							"pre": [-13, -6, 6],
							"post": [-13, -6, 6],
							"lerp_mode": "catmullrom"
						},
						"0.8333": {
							"post": [-29, -22, 26],
							"lerp_mode": "catmullrom"
						},
						"1.4583": {
							"post": [-37, -22, 30],
							"lerp_mode": "catmullrom"
						},
						"1.5417": {
							"post": [-14, -5, 4],
							"lerp_mode": "catmullrom"
						},
						"1.625": [-2.5, 0, 0.25],
						"1.6667": [0, 0, 0]
					}
				},
				"bolt": {
					"position": {
						"2.875": [0, 0, 0],
						"2.9583": [0, 0, 3],
						"3.125": [0, 0, 3],
						"3.1667": [0, 0, 0]
					}
				},
				"constraint": {
					"rotation": {
						"3.4583": [0.03, 0.2, 0.2],
						"3.6667": [0, 0, 0]
					},
					"position": {
						"3.4583": [0.15, 0, 0.1],
						"3.6667": [0, 0, 0]
					}
				},
				"camera": {
					"rotation": {
						"0.5417": [0, 0, 0],
						"0.5833": [-1, 1, -1],
						"0.6667": [0, -1, 1],
						"0.75": [0, 0, 0],
						"1.625": [0, 0, 0],
						"1.6667": [0.5, -0.5, -0.5],
						"1.75": [-0.5, 0.5, -0.5],
						"1.8333": [0, 0, 0],
						"2.0417": [0, 0, 0],
						"2.0833": [1, -1, -1],
						"2.1667": [-1, 1, -1],
						"2.25": [0, 0, 0],
						"2.875": [0, 0, 0],
						"2.9583": [1, 1, -1],
						"3.125": [1.5, 1.5, -1.5],
						"3.2083": [-1, -1, 1],
						"3.3333": [0, 0, 0]
					}
				}
			},
			"sound_effects": {
				"0.5": {
					"effect": "halor6:m247_gpmg/m247_gpmg_magout"
				},
				"1.5833": {
					"effect": "halor6:m247_gpmg/m247_gpmg_magin"
				},
				"2.0": {
					"effect": "halor6:m247_gpmg/m247_gpmg_maglocked"
				},
				"2.875": {
					"effect": "halor6:m247_gpmg/m247_gpmg_slideback"
				},
				"3.0833": {
					"effect": "halor6:m247_gpmg/m247_gpmg_slideforward"
				}
			}
		},
		"melee_stock": {
			"animation_length": 1.85,
			"bones": {
				"lefthand": {
					"rotation": {
						"0.0": [97.57308, -36.58254, -147.98537],
						"0.1333": [185.07308, 0.91746, -240.48537],
						"0.3": [260.07, 28.42, -190.49],
						"0.6333": [260.07, 28.42, -190.49],
						"0.9167": [97.57308, -36.58254, -147.98537]
					},
					"position": {
						"0.0": [8.22339, -14.85437, -21.56687],
						"0.1333": [7.22339, -8.85437, -25.56687],
						"0.3": [8.33719, -10.85, -34.57],
						"0.6333": [8.33719, -10.85, -34.57],
						"0.9167": [8.22339, -14.85437, -21.56687]
					},
					"scale": [1, 1.5, 1]
				},
				"righthand": {
					"rotation": {
						"0.0": [99.05188, 15.0716, -167.92777],
						"0.3": [274.05, -17.43, -200.43],
						"0.6333": [274.05, -17.43, -200.43],
						"0.9167": [99.05188, 15.0716, -167.92777]
					},
					"position": {
						"0.0": [-6.42969, -15.83125, 1.07344],
						"0.3": [-9.43, -11.83, -33.93],
						"0.6333": [-9.43, -11.83, -33.93],
						"0.9167": [-6.42969, -15.83125, 1.07344]
					},
					"scale": [1, 1.5, 1]
				},
				"root": {
					"rotation": {
						"0.0": {
							"post": [0, 0, 0],
							"lerp_mode": "catmullrom"
						},
						"0.1333": {
							"post": [-5, -2.5, 25],
							"lerp_mode": "catmullrom"
						},
						"0.4": {
							"post": [167.5, 125, -12.5],
							"lerp_mode": "catmullrom"
						},
						"0.4333": {
							"post": [152.5, 35, -12.5],
							"lerp_mode": "catmullrom"
						},
						"0.4833": {
							"post": [165, -45, -5],
							"lerp_mode": "catmullrom"
						},
						"0.5167": {
							"post": [145, -97.5, -5],
							"lerp_mode": "catmullrom"
						},
						"1.0833": {
							"post": [12.5, -7.5, 20],
							"lerp_mode": "catmullrom"
						},
						"1.3167": [-16.73, 0.1, -0.87],
						"1.35": [-12.25, -0.05, -0.17],
						"1.3833": [-7.78, -0.2, 0.54],
						"1.4167": [-3.31, -0.35, 1.24],
						"1.45": [1.17, -0.5, 1.95],
						"1.4833": [0.64, -0.24, 2.05],
						"1.5167": [0.11, 0.03, 2.14],
						"1.55": [-0.25, 0.19, 0.21],
						"1.5833": [-0.61, 0.36, -1.72],
						"1.6167": [-0.48, 0.29, -0.13],
						"1.65": [-0.34, 0.21, 1.46],
						"1.6833": [-0.15, 0.1, 0.51],
						"1.7167": [0, 0, -0.75],
						"1.75": [0.02, -0.02, -0.75],
						"1.7833": [0.02, -0.01, -0.51],
						"1.8167": [0.01, -0.01, -0.2],
						"1.85": [0, 0, 0]
					},
					"position": {
						"0.0": {
							"post": [0, 0, 0],
							"lerp_mode": "catmullrom"
						},
						"0.1333": {
							"post": [-12, -5, 3],
							"lerp_mode": "catmullrom"
						},
						"0.4": {
							"post": [-57, -13, 17],
							"lerp_mode": "catmullrom"
						},
						"0.4333": {
							"post": [-17, 3, -40],
							"lerp_mode": "catmullrom"
						},
						"0.4833": {
							"post": [43, 3, -40],
							"lerp_mode": "catmullrom"
						},
						"0.5167": {
							"post": [86, 3, -17],
							"lerp_mode": "catmullrom"
						},
						"1.0833": {
							"post": [16, -15, 0],
							"lerp_mode": "catmullrom"
						},
						"1.3167": [1.9, -3.53, -2.09],
						"1.45": [0.04, -1.31, -1.16],
						"1.4833": [0, -1.43, -0.42],
						"1.5167": [-0.02, -1.37, 0.05],
						"1.55": [-0.02, -1.03, 0.23],
						"1.5833": [-0.02, -0.64, 0.22],
						"1.6167": [-0.01, -0.29, 0.12],
						"1.65": [-0.01, -0.04, 0.06],
						"1.6833": [-0.01, 0.07, 0.02],
						"1.7167": [0, 0.04, -0.03],
						"1.75": [0, 0, -0.06],
						"1.7833": [0, 0, -0.05],
						"1.8167": [0, 0, -0.02],
						"1.85": [0, 0, 0]
					}
				},
				"camera": {
					"rotation": {
						"0.0": {
							"post": [0, 0, 0],
							"lerp_mode": "catmullrom"
						},
						"0.0667": {
							"post": [0, 0, 0],
							"lerp_mode": "catmullrom"
						},
						"0.4167": {
							"post": [2.5, 2.5, 2.5],
							"lerp_mode": "catmullrom"
						},
						"0.45": {
							"post": [7.12, -2.5, 3.56],
							"lerp_mode": "catmullrom"
						},
						"0.5": {
							"post": [-2.5, -10, -5],
							"lerp_mode": "catmullrom"
						},
						"0.5333": {
							"post": [-0.11, -7.43, -5.04],
							"lerp_mode": "catmullrom"
						},
						"0.6167": {
							"post": [-2.5, -4, 0],
							"lerp_mode": "catmullrom"
						},
						"0.8": {
							"post": [2.5, -1.5, -2.5],
							"lerp_mode": "catmullrom"
						},
						"1.0833": {
							"post": [-1.5, -1, -1],
							"lerp_mode": "catmullrom"
						},
						"1.2333": [0.36, 0.29, -0.29],
						"1.2667": [0.41, 0.27, -0.11],
						"1.3": [0.54, 0.22, 0.5],
						"1.3333": [0.58, 0.17, 0.92],
						"1.3667": [0.5, 0.14, 0.79],
						"1.4": [0.38, 0.11, 0.49],
						"1.4333": [0.24, 0.07, 0.16],
						"1.4667": [0.14, 0.05, -0.06],
						"1.5": [0.08, 0.03, -0.12],
						"1.5333": [0.04, 0.02, -0.09],
						"1.5667": [0.02, 0.01, -0.04],
						"1.6": [0, 0, 0]
					}
				}
			},
			"sound_effects": {
				"0.1833": {
					"effect": "tacz:melee_stock/melee_stock_02"
				}
			}
		},
		"draw": {
			"animation_length": 1,
			"bones": {
				"lefthand": {
					"rotation": [97.57308, -36.58254, -147.98537],
					"position": [8.22339, -14.85437, -21.56687],
					"scale": [1, 1.5, 1]
				},
				"righthand": {
					"rotation": {
						"0.375": [99.05, 15.07, -167.93],
						"0.5833": [99.05188, 15.0716, -167.92777]
					},
					"position": {
						"0.375": [-18.31281, -14.25187, -11.93],
						"0.4583": [-19.35, -17.78, -7.6],
						"0.5833": [-6.42969, -15.83125, 1.07344]
					},
					"scale": [1, 1.5, 1]
				},
				"root": {
					"rotation": {
						"0.0": {
							"post": [-40, -42.5, 22.5],
							"lerp_mode": "catmullrom"
						},
						"0.0833": {
							"post": [-40, -82.5, 22.5],
							"lerp_mode": "catmullrom"
						},
						"0.2917": {
							"post": [-62.5, -27.5, 35],
							"lerp_mode": "catmullrom"
						},
						"0.5833": {
							"post": [0.39065, 0.294, 2.28025],
							"lerp_mode": "catmullrom"
						},
						"0.8333": {
							"post": [0.03, 0.12, 0.67],
							"lerp_mode": "catmullrom"
						},
						"1.0": [0, 0, 0]
					},
					"position": {
						"0.0": {
							"post": [26, -22, -4],
							"lerp_mode": "catmullrom"
						},
						"0.0833": {
							"post": [22, -18, -4],
							"lerp_mode": "catmullrom"
						},
						"0.2917": {
							"post": [7, -7, -4],
							"lerp_mode": "catmullrom"
						},
						"0.5833": {
							"post": [0.01, -0.3, 0.5],
							"lerp_mode": "catmullrom"
						},
						"0.75": {
							"post": [-0.01, -0.07, -0.32],
							"lerp_mode": "catmullrom"
						},
						"0.9167": {
							"post": [0, 0, 0],
							"lerp_mode": "catmullrom"
						}
					}
				},
				"camera": {
					"rotation": {
						"0.0": {
							"post": [0, 0, 0],
							"lerp_mode": "catmullrom"
						},
						"0.0833": {
							"post": [0, 0, 0],
							"lerp_mode": "catmullrom"
						},
						"0.3333": {
							"post": [-1.5, -0.3, -0.4],
							"lerp_mode": "catmullrom"
						},
						"0.5": {
							"post": [-0.7, -0.2, 0.3],
							"lerp_mode": "catmullrom"
						},
						"0.5833": [0.5, 0.11, 0.49],
						"0.7917": [0, 0, 0]
					}
				}
			}
		},
		"run_start": {
			"animation_length": 0.1667,
			"bones": {
				"root": {
					"rotation": {
						"0.0": {
							"post": [0, 0, 0],
							"lerp_mode": "catmullrom"
						},
						"0.1667": {
							"post": [5.48, -31.62, 7.6],
							"lerp_mode": "catmullrom"
						}
					},
					"position": {
						"0.0": {
							"post": [0, 0, 0],
							"lerp_mode": "catmullrom"
						},
						"0.1667": {
							"post": [0.99, -1.91, 0],
							"lerp_mode": "catmullrom"
						}
					}
				}
			}
		},
		"run_hold": {
			"loop": true,
			"animation_length": 0.5833,
			"bones": {
				"root": {
					"rotation": {
						"0.0": {
							"post": [6.46, -37.29, 8.96],
							"lerp_mode": "catmullrom"
						}
					},
					"position": {
						"0.0": {
							"post": [1.17, -3.25, 0],
							"lerp_mode": "catmullrom"
						}
					}
				}
			}
		},
		"run": {
			"loop": true,
			"animation_length": 0.7917,
			"bones": {
				"root": {
					"rotation": {
						"0.0": {
							"post": [2.5, -40, 15],
							"lerp_mode": "catmullrom"
						},
						"0.125": {
							"post": [6.46, -37.29, 8.96],
							"lerp_mode": "catmullrom"
						},
						"0.25": {
							"post": [0, -20, 12.5],
							"lerp_mode": "catmullrom"
						},
						"0.375": {
							"post": [3.5, -13.5, 4.5],
							"lerp_mode": "catmullrom"
						},
						"0.5": {
							"post": [1.46, -22.29, 13.96],
							"lerp_mode": "catmullrom"
						},
						"0.6667": {
							"post": [1.5, -41, 15],
							"lerp_mode": "catmullrom"
						},
						"0.7917": {
							"post": [2.5, -40, 15],
							"lerp_mode": "catmullrom"
						}
					},
					"position": {
						"0.0": {
							"post": [3, -1.25, 0],
							"lerp_mode": "catmullrom"
						},
						"0.125": {
							"post": [1.17, -2.25, 0],
							"lerp_mode": "catmullrom"
						},
						"0.25": {
							"post": [1, -1.25, 0],
							"lerp_mode": "catmullrom"
						},
						"0.375": {
							"post": [2, -1.25, 0],
							"lerp_mode": "catmullrom"
						},
						"0.5": {
							"post": [1.7, -2.25, 0],
							"lerp_mode": "catmullrom"
						},
						"0.6667": {
							"post": [3, -1, 0],
							"lerp_mode": "catmullrom"
						},
						"0.7917": {
							"post": [3, -1.25, 0],
							"lerp_mode": "catmullrom"
						}
					}
				}
			}
		},
		"run_end": {
			"animation_length": 0.625,
			"bones": {
				"root": {
					"rotation": {
						"0.0": {
							"post": [6.46, -37.29, 8.96],
							"lerp_mode": "catmullrom"
						},
						"0.0833": {
							"post": [8.14, -33.67, 9.81],
							"lerp_mode": "catmullrom"
						},
						"0.25": {
							"post": [-1, -2, -1],
							"lerp_mode": "catmullrom"
						},
						"0.4583": {
							"post": [1, -2.5, 5],
							"lerp_mode": "catmullrom"
						},
						"0.5417": {
							"post": [0, -2.5, 2.5],
							"lerp_mode": "catmullrom"
						},
						"0.625": {
							"post": [0, 0, 0],
							"lerp_mode": "catmullrom"
						}
					},
					"position": {
						"0.0": {
							"post": [1.17, -2.25, 0],
							"lerp_mode": "catmullrom"
						},
						"0.0833": {
							"post": [1, -2.62, 0],
							"lerp_mode": "catmullrom"
						},
						"0.25": {
							"post": [-0.25, -1.25, 0],
							"lerp_mode": "catmullrom"
						},
						"0.3333": {
							"post": [-0.75, -0.75, 0],
							"lerp_mode": "catmullrom"
						},
						"0.4583": {
							"post": [-0.75, -0.5, -0.5],
							"lerp_mode": "catmullrom"
						},
						"0.625": {
							"post": [0, 0, 0],
							"lerp_mode": "catmullrom"
						}
					}
				}
			}
		},
		"put_away": {
			"animation_length": 0.4583,
			"bones": {
				"root": {
					"rotation": {
						"0.0": {
							"post": [0, 0, 0],
							"lerp_mode": "catmullrom"
						},
						"0.125": {
							"post": [-1.5, -7, 10],
							"lerp_mode": "catmullrom"
						},
						"0.25": {
							"post": [3.57, 11.59, 13.58],
							"lerp_mode": "catmullrom"
						},
						"0.4583": {
							"post": [41.5, 31.5, 17],
							"lerp_mode": "catmullrom"
						}
					},
					"position": {
						"0.0": {
							"post": [0, 0, 0],
							"lerp_mode": "catmullrom"
						},
						"0.125": {
							"post": [-1, -1, 0],
							"lerp_mode": "catmullrom"
						},
						"0.4583": {
							"post": [-9, -10, 0],
							"lerp_mode": "catmullrom"
						}
					}
				},
				"lefthand": {
					"rotation": [97.57308, -36.58254, -147.98537],
					"position": [8.22339, -14.85437, -21.56687],
					"scale": [1, 1.5, 1]
				},
				"righthand": {
					"rotation": [99.05188, 15.0716, -167.92777],
					"position": [-6.42969, -15.83125, 1.07344],
					"scale": [1, 1.5, 1]
				},
				"camera": {
					"rotation": {
						"0.0": [0, 0, 0],
						"0.0417": [0.05, 0, -0.04],
						"0.0833": [0.22, 0, -0.13],
						"0.125": [0.3, 0, -0.12],
						"0.1667": [0.43, 0, 0],
						"0.2083": [0.56, 0, 0.18],
						"0.25": [0.64, 0, 0.29],
						"0.2917": [0.59, 0, 0.22],
						"0.3333": [0.5, 0, 0.15],
						"0.4167": [0, 0, 0]
					}
				}
			}
		},
		"shoot": {
			"loop": "hold_on_last_frame",
			"animation_length": 0.7333,
			"bones": {
				"chain_anim": {
					"rotation": {
						"0.0": [0, 0, 12.5],
						"0.1": [0, 0, 0],
						"0.1667": [0, 0, 4],
						"0.2333": [0, 0, -2.5],
						"0.3333": [0, 0, 3.5],
						"0.4667": [0, 0, 0]
					},
					"position": {
						"0.0": [0.325, 0, 0],
						"0.1": [0, 0, 0],
						"0.1667": [0.15, 0.225, 0],
						"0.2333": [-0.10625, -0.0325, 0],
						"0.3333": [0.0375, 0.1125, 0],
						"0.4667": [0, 0, 0]
					}
				},
				"bullet_chain_2": {
					"scale": 0
				},
				"root": {
					"rotation": {
						"0.0": [0, 0, 0],
						"0.0333": {
							"pre": [1, 0.5, 0.6],
							"post": [1, 0.5, 0.6],
							"lerp_mode": "catmullrom"
						},
						"0.0667": {
							"post": [-1.84, 0.75, -0.77],
							"lerp_mode": "catmullrom"
						},
						"0.1": {
							"post": [-1.4, -0.5, -0.92],
							"lerp_mode": "catmullrom"
						},
						"0.1667": {
							"post": [-0.07, 0.25, 0.21],
							"lerp_mode": "catmullrom"
						},
						"0.2": [0.4, 0, 0.7],
						"0.2333": [0.42, 0, 0.65],
						"0.2667": [0.11, 0, 0.13],
						"0.3": [-0.08, 0, -0.15],
						"0.3333": [-0.17, 0, -0.3],
						"0.3667": [-0.17, 0, -0.31],
						"0.4": [-0.02, 0, -0.11],
						"0.4333": [0.06, 0, 0.01],
						"0.4667": [0.11, 0, 0.08],
						"0.5": [0.11, 0, 0.09],
						"0.5333": [0.08, 0, 0.05],
						"0.5667": [0.05, 0, 0.02],
						"0.6": [0.04, 0, 0],
						"0.6333": [0.03, 0, 0],
						"0.6667": [0.01, 0, 0],
						"0.7": [0, 0, 0],
						"0.7333": [0, 0, 0]
					},
					"position": {
						"0.0": [0, 0, 0],
						"0.0333": [0, -0.1, 1.4],
						"0.0667": [0, -0.1, 1.6],
						"0.1": [0, -0.09, 1.05],
						"0.1667": [0, -0.05, -0.62],
						"0.2": [0, -0.04, -0.38],
						"0.2333": [0, -0.05, 0.13],
						"0.2667": [0, -0.06, 0.15],
						"0.3": [0, -0.07, 0.13],
						"0.3333": [0, -0.09, 0.08],
						"0.3667": [0, -0.11, 0],
						"0.4": [0, -0.1, 0],
						"0.4333": [0, -0.08, 0.01],
						"0.4667": [0, -0.06, 0.02],
						"0.5": [0, -0.01, 0.04],
						"0.5333": [0, -0.01, 0.04],
						"0.5667": [0, 0, 0.03],
						"0.6": [0, 0, 0.02],
						"0.6333": [0, 0, 0.01],
						"0.6667": [0, 0, 0],
						"0.7": [0, 0, 0],
						"0.7333": [0, 0, 0]
					}
				},
				"bolt": {
					"position": {
						"0.0": [0, 0, 0],
						"0.0333": [0, 0, 3],
						"0.0667": [0, 0, 3],
						"0.1": [0, 0, 0]
					}
				},
				"camera": {
					"rotation": {
						"0.0": [0, 0, 0],
						"0.0333": [0, 0, 1],
						"0.0667": [0, 0, -0.7],
						"0.1": [0, 0, 0.5],
						"0.1333": [0, 0, -0.2],
						"0.2333": [0, 0, 0.07],
						"0.2667": [0, 0, 0]
					}
				},
				"constraint": {
					"rotation": {
						"0.0": [0.15, 0.5, 0.5],
						"0.2667": [0.03, 0.2, 0.2],
						"0.3667": [0, 0, 0]
					},
					"position": {
						"0.0": [0.2, 0.1, 0.35],
						"0.2667": [0.15, 0.15, 0.1],
						"0.3667": [0, 0, 0]
					}
				}
			}
		},
		"inspect": {
			"animation_length": 5.2667,
			"bones": {
				"root": {
					"rotation": {
						"0.0": [0, 0, 0],
						"0.0333": [0.24, -0.27, 0.59],
						"0.0667": [0.69, -0.55, 1.53],
						"0.1": [1.06, -1.02, 2.47],
						"0.1333": [1.05, -1.84, 3.03],
						"0.1667": [0.36, -3.2, 2.84],
						"0.2": [-0.75, -4.69, 2.04],
						"0.2333": [-2.36, -6.66, 0.73],
						"0.2667": [-4.27, -8.89, -0.89],
						"0.3": [-6.31, -11.21, -2.65],
						"0.3333": [-8.27, -13.43, -4.34],
						"0.3667": [-9.96, -15.34, -5.8],
						"0.4": [-11.21, -16.77, -6.82],
						"0.4333": [-12.58, -18.39, -7.81],
						"0.4667": [-12.88, -18.73, -7.81],
						"0.5": [-13.01, -18.88, -7.61],
						"0.5333": [-13.25, -19.16, -7.31],
						"0.5667": [-13.34, -19.25, -6.8],
						"0.6": [-13.4, -19.31, -6.57],
						"0.6333": [-13.45, -19.37, -6.73],
						"0.6667": [-13.5, -19.42, -7.05],
						"0.7": [-13.54, -19.47, -7.43],
						"0.7333": [-13.57, -19.5, -7.79],
						"0.7667": [-13.58, -19.52, -8.01],
						"0.8": [-13.58, -19.52, -8.07],
						"0.8333": [-13.57, -19.5, -8.04],
						"0.8667": [-13.55, -19.47, -7.97],
						"0.9": [-13.52, -19.44, -7.9],
						"0.9333": [-13.49, -19.42, -7.85],
						"0.9667": [-13.46, -19.42, -7.88],
						"1.0": [-13.45, -19.42, -7.91],
						"1.0333": [-13.44, -19.43, -7.95],
						"1.0667": [-13.43, -19.44, -8],
						"1.1": [-13.41, -19.45, -8.06],
						"1.1333": [-13.4, -19.46, -8.12],
						"1.1667": [-13.38, -19.47, -8.19],
						"1.2": [-13.37, -19.49, -8.26],
						"1.2333": [-13.35, -19.5, -8.34],
						"1.2667": [-13.34, -19.51, -8.41],
						"1.3": [-13.32, -19.53, -8.49],
						"1.3333": [-13.31, -19.54, -8.56],
						"1.3667": [-13.29, -19.56, -8.63],
						"1.4": [-13.28, -19.57, -8.69],
						"1.4333": [-13.27, -19.59, -8.75],
						"1.4667": [-13.25, -19.6, -8.8],
						"1.5": [-13.24, -19.61, -8.85],
						"1.5333": [-13.23, -19.62, -8.88],
						"1.5667": [-13.22, -19.63, -8.9],
						"1.6": [-13.2, -19.65, -8.9],
						"1.6333": [-13.18, -19.68, -8.82],
						"1.6667": [-13.16, -19.69, -8.69],
						"1.7": [-13.15, -19.71, -8.57],
						"1.7333": [-13.14, -19.71, -8.47],
						"1.7667": [-13.13, -19.7, -8.43],
						"1.8": [-13.12, -19.7, -8.46],
						"1.8333": [-13.11, -19.71, -8.52],
						"1.8667": [-13.1, -19.72, -8.6],
						"1.9": [-13.08, -19.74, -8.71],
						"1.9333": [-13.06, -19.75, -8.83],
						"1.9667": [-13.04, -19.77, -8.96],
						"2.0": [-13.02, -19.79, -9.09],
						"2.0333": [-13.01, -19.8, -9.2],
						"2.0667": [-13, -19.8, -9.31],
						"2.1": [-12.99, -19.79, -9.39],
						"2.1333": [-12.99, -19.78, -9.44],
						"2.1667": [-13, -19.74, -9.46],
						"2.2": [-13.02, -19.7, -9.44],
						"2.2333": [-13.05, -19.63, -9.36],
						"2.2667": [-13.09, -19.54, -9.23],
						"2.3": [-13.14, -19.43, -9.03],
						"2.3333": [-13.29, -19.19, -8.67],
						"2.3667": [-13.43, -19, -8.51],
						"2.4": [-13.62, -18.73, -8.11],
						"2.4333": [-13.93, -18.2, -7.03],
						"2.4667": [-14.42, -17.27, -4.82],
						"2.5": [-15.13, -15.77, -1.02],
						"2.5333": [-15.82, -14.29, 2.86],
						"2.5667": [-16.68, -12.39, 7.93],
						"2.6": [-17.68, -10.18, 13.87],
						"2.6333": [-18.75, -7.78, 20.3],
						"2.6667": [-19.85, -5.34, 26.89],
						"2.7": [-20.92, -2.96, 33.29],
						"2.7333": [-21.9, -0.77, 39.14],
						"2.7667": [-22.75, 1.1, 44.09],
						"2.8": [-23.41, 2.53, 47.81],
						"2.8333": [-24.07, 3.91, 51.17],
						"2.8667": [-24.46, 4.68, 52.74],
						"2.9": [-24.66, 5.01, 53.09],
						"2.9333": [-24.76, 5.09, 52.78],
						"2.9667": [-24.83, 5.1, 52.39],
						"3.0": [-24.95, 5.22, 52.49],
						"3.0333": [-25.07, 5.36, 52.85],
						"3.0667": [-25.17, 5.43, 53.14],
						"3.1": [-25.25, 5.46, 53.37],
						"3.1333": [-25.31, 5.45, 53.56],
						"3.1667": [-25.37, 5.41, 53.73],
						"3.2": [-25.41, 5.37, 53.89],
						"3.2333": [-25.45, 5.33, 54.06],
						"3.2667": [-25.48, 5.31, 54.26],
						"3.3": [-25.51, 5.3, 54.53],
						"3.3333": [-25.51, 5.28, 54.81],
						"3.3667": [-25.51, 5.26, 55.1],
						"3.4": [-25.5, 5.23, 55.38],
						"3.4333": [-25.48, 5.2, 55.63],
						"3.4667": [-25.47, 5.16, 55.84],
						"3.5": [-25.46, 5.11, 55.99],
						"3.5333": [-25.45, 5.06, 56.06],
						"3.5667": [-25.44, 4.99, 56.09],
						"3.6": [-25.43, 4.92, 56.08],
						"3.6333": [-25.42, 4.84, 56.06],
						"3.6667": [-25.41, 4.76, 56.02],
						"3.7": [-25.4, 4.69, 55.97],
						"3.7333": [-25.41, 4.64, 55.93],
						"3.7667": [-25.41, 4.61, 55.9],
						"3.8": [-25.43, 4.61, 55.88],
						"3.8333": [-25.46, 4.63, 55.89],
						"3.8667": [-25.49, 4.67, 55.93],
						"3.9": [-25.54, 4.72, 55.98],
						"3.9333": [-25.6, 4.79, 56.04],
						"3.9667": [-25.65, 4.87, 56.11],
						"4.0": [-25.72, 4.96, 56.19],
						"4.0333": [-25.78, 5.05, 56.25],
						"4.0667": [-25.84, 5.13, 56.31],
						"4.1": [-25.89, 5.22, 56.35],
						"4.1333": [-25.93, 5.29, 56.37],
						"4.1667": [-25.97, 5.35, 56.36],
						"4.2": [-25.99, 5.39, 56.31],
						"4.2333": [-25.99, 5.42, 56.23],
						"4.2667": [-25.98, 5.42, 56.1],
						"4.3": [-25.94, 5.39, 55.92],
						"4.3333": [-25.82, 5.3, 55.67],
						"4.3667": [-25.69, 5.18, 55.66],
						"4.4": [-25.48, 4.99, 55.47],
						"4.4333": [-25.16, 4.66, 54.69],
						"4.4667": [-24.68, 4.14, 52.9],
						"4.5": [-23.99, 3.38, 49.68],
						"4.5333": [-23.48, 2.81, 47.01],
						"4.5667": [-22.85, 2.09, 43.56],
						"4.7333": [-3.97, -2.68, 5.33],
						"4.7667": [-2.45, -2.14, 4.72],
						"4.8": [-1.11, -1.65, 4.15],
						"4.8333": [-0.01, -1.23, 3.62],
						"4.8667": [0.81, -0.9, 3.16],
						"4.9": [1.74, -0.39, 2.15],
						"4.9333": [1.69, -0.14, 1.19],
						"4.9667": [1.09, -0.06, 0.34],
						"5.0": [0.39, -0.04, -0.32],
						"5.0333": [0, 0, -0.72],
						"5.0667": [-0.06, 0.07, -0.6],
						"5.1": [-0.03, 0.03, 0.11],
						"5.1333": [0, 0, 0.6],
						"5.1667": [0, 0, 0.57],
						"5.2": [0, 0, 0.38],
						"5.2333": [0, 0, 0.15],
						"5.2667": [0, 0, 0]
					},
					"position": {
						"0.0": [0, 0, 0],
						"0.0333": [0.05, -0.03, -0.01],
						"0.0667": [0.12, -0.06, -0.01],
						"0.1": [0.21, -0.1, -0.03],
						"0.1333": [0.3, -0.13, -0.05],
						"0.1667": [0.41, -0.13, -0.09],
						"0.2": [0.5, -0.1, -0.14],
						"0.2333": [0.6, -0.05, -0.19],
						"0.2667": [0.72, 0.01, -0.26],
						"0.3": [0.83, 0.07, -0.33],
						"0.3333": [0.94, 0.13, -0.4],
						"0.3667": [1.03, 0.18, -0.46],
						"0.4": [1.1, 0.2, -0.5],
						"0.4333": [1.18, 0.16, -0.54],
						"0.4667": [1.18, 0.03, -0.53],
						"0.5": [1.19, -0.08, -0.53],
						"0.5333": [1.19, -0.23, -0.52],
						"0.5667": [1.2, -0.36, -0.51],
						"0.6": [1.2, -0.42, -0.5],
						"0.6333": [1.2, -0.42, -0.5],
						"0.6667": [1.2, -0.41, -0.5],
						"0.7": [1.21, -0.38, -0.5],
						"0.7333": [1.21, -0.34, -0.5],
						"0.7667": [1.21, -0.3, -0.5],
						"0.8": [1.21, -0.26, -0.5],
						"0.8333": [1.22, -0.21, -0.5],
						"0.8667": [1.22, -0.18, -0.5],
						"0.9": [1.22, -0.14, -0.5],
						"0.9333": [1.22, -0.12, -0.5],
						"0.9667": [1.22, -0.09, -0.5],
						"1.0": [1.22, -0.1, -0.5],
						"1.0333": [1.22, -0.1, -0.5],
						"1.0667": [1.22, -0.1, -0.5],
						"1.1": [1.22, -0.11, -0.5],
						"1.1333": [1.22, -0.11, -0.5],
						"1.1667": [1.22, -0.12, -0.5],
						"1.2": [1.22, -0.12, -0.5],
						"1.2333": [1.22, -0.12, -0.5],
						"1.2667": [1.23, -0.12, -0.5],
						"1.3": [1.23, -0.12, -0.5],
						"1.3333": [1.23, -0.11, -0.5],
						"1.3667": [1.23, -0.1, -0.5],
						"1.4": [1.22, -0.07, -0.5],
						"1.4333": [1.22, -0.01, -0.5],
						"1.4667": [1.22, 0.05, -0.5],
						"1.5": [1.22, 0.11, -0.5],
						"1.5333": [1.22, 0.17, -0.5],
						"1.5667": [1.21, 0.22, -0.5],
						"1.6": [1.21, 0.25, -0.5],
						"1.6333": [1.21, 0.26, -0.5],
						"1.6667": [1.2, 0.26, -0.5],
						"1.7": [1.2, 0.26, -0.5],
						"1.7333": [1.2, 0.25, -0.5],
						"1.7667": [1.19, 0.23, -0.5],
						"1.8": [1.19, 0.22, -0.5],
						"1.8333": [1.19, 0.21, -0.5],
						"1.8667": [1.18, 0.2, -0.5],
						"1.9": [1.18, 0.2, -0.5],
						"1.9333": [1.18, 0.2, -0.5],
						"1.9667": [1.18, 0.2, -0.5],
						"2.0": [1.17, 0.21, -0.51],
						"2.0333": [1.17, 0.21, -0.51],
						"2.0667": [1.17, 0.21, -0.51],
						"2.1": [1.17, 0.22, -0.52],
						"2.1333": [1.17, 0.22, -0.52],
						"2.1667": [1.16, 0.23, -0.52],
						"2.2": [1.16, 0.24, -0.52],
						"2.2333": [1.16, 0.25, -0.52],
						"2.2667": [1.16, 0.27, -0.52],
						"2.3": [1.16, 0.28, -0.52],
						"2.3333": [1.16, 0.3, -0.51],
						"2.3667": [1.16, 0.33, -0.5],
						"2.4": [1.16, 0.39, -0.47],
						"2.8333": [2.09, -1.93, -0.66],
						"4.6": [2.09, -1.93, -0.66],
						"4.7333": [0.76, -1.35, -1.49],
						"4.7667": [0.64, -1.03, -1.55],
						"4.8": [0.5, -0.81, -1.39],
						"4.8333": [0.35, -0.7, -1.03],
						"4.8667": [0.21, -0.66, -0.59],
						"4.9": [0.09, -0.62, -0.18],
						"4.9333": [0, -0.55, 0.08],
						"4.9667": [-0.04, -0.41, 0.15],
						"5.0": [-0.04, -0.25, 0.08],
						"5.0333": [-0.02, -0.1, -0.03],
						"5.0667": [0, 0, -0.1],
						"5.1": [0, 0.05, -0.08],
						"5.1333": [0, 0.04, -0.02],
						"5.1667": [0, 0.03, 0.02],
						"5.2": [0, 0.02, 0.02],
						"5.2333": [0, 0.01, 0.01],
						"5.2667": [0, 0, 0]
					}
				},
				"lefthand": {
					"rotation": [97.57308, -36.58254, -147.98537],
					"position": [8.22339, -14.85437, -21.56687],
					"scale": [1, 1.5, 1]
				},
				"righthand": {
					"rotation": [99.05188, 15.0716, -167.92777],
					"position": [-6.42969, -15.83125, 1.07344],
					"scale": [1, 1.5, 1]
				},
				"camera": {
					"rotation": {
						"0.0": [0, 0, 0],
						"0.0333": [0.01, 0.01, -0.04],
						"0.0667": [0, 0.01, -0.07],
						"0.1": [0.01, 0.02, -0.12],
						"0.1333": [0.03, 0.05, -0.2],
						"0.1667": [0.07, 0.13, -0.33],
						"0.2": [0.16, 0.26, -0.52],
						"0.2333": [0.22, 0.37, -0.66],
						"0.2667": [0.31, 0.52, -0.85],
						"1.0667": {
							"pre": [-3, -0.3, -1.98],
							"post": [-3, -0.3, -1.98],
							"lerp_mode": "catmullrom"
						},
						"1.8667": {
							"post": [5.87, 11.27, -1.01],
							"lerp_mode": "catmullrom"
						},
						"2.7": [5, 2.06, 2.77],
						"2.7333": [5.48, 2.04, 3.46],
						"2.7667": [5.93, 2.01, 4.01],
						"2.8": [6.32, 1.98, 4.35],
						"2.8333": [6.95, 1.92, 4.43],
						"2.8667": [7.52, 1.86, 4.01],
						"2.9": [8.03, 1.79, 3.36],
						"2.9333": [8.53, 1.73, 2.78],
						"2.9667": [9.02, 1.66, 2.54],
						"3.0": [9.66, 1.58, 2.84],
						"3.0333": [10.29, 1.49, 3.49],
						"3.0667": [10.85, 1.41, 4.17],
						"3.1": [11.28, 1.34, 4.54],
						"3.1333": [11.44, 1.31, 4.54],
						"3.1667": [11.57, 1.28, 4.44],
						"3.2": [11.67, 1.25, 4.27],
						"3.2333": [11.75, 1.23, 4.07],
						"3.2667": [11.8, 1.2, 3.85],
						"3.3": [11.83, 1.18, 3.65],
						"3.3333": [11.85, 1.16, 3.5],
						"3.3667": [11.86, 1.15, 3.42],
						"3.4": [11.9, 1.14, 3.42],
						"3.4333": [11.98, 1.13, 3.48],
						"3.4667": [12.06, 1.14, 3.58],
						"3.5": [12.09, 1.14, 3.7],
						"3.5333": [12, 1.14, 3.82],
						"3.5667": [11.76, 1.15, 3.93],
						"3.6": [11.31, 1.15, 4],
						"3.6333": [10.86, 1.15, 4.02],
						"3.6667": [10.27, 1.15, 4.04],
						"3.7": [9.58, 1.16, 4.06],
						"3.7333": [8.81, 1.16, 4.07],
						"3.7667": [7.99, 1.16, 4.08],
						"3.8": [7.15, 1.16, 4.09],
						"3.8333": [6.33, 1.17, 4.08],
						"3.8667": [5.55, 1.17, 4.07],
						"3.9": [4.85, 1.16, 4.05],
						"3.9333": [4.26, 1.16, 4.03],
						"3.9667": [3.81, 1.15, 4],
						"4.0": [3.45, 1.13, 3.94],
						"4.0333": [3.21, 1.11, 3.85],
						"4.0667": [3.05, 1.07, 3.75],
						"4.1": [2.97, 1.04, 3.64],
						"4.1333": [2.95, 1, 3.52],
						"4.1667": [2.96, 0.97, 3.41],
						"4.2": [2.99, 0.94, 3.31],
						"4.2333": [3.03, 0.92, 3.23],
						"4.2667": [3.06, 0.91, 3.17],
						"4.3": [3.05, 0.91, 3.16],
						"4.3333": [3.02, 0.93, 3.19],
						"4.3667": [3, 0.96, 3.27],
						"4.4": [2.98, 1, 3.39],
						"4.4333": [2.98, 1.05, 3.53],
						"4.4667": [2.99, 1.11, 3.68],
						"4.7333": [1.51, 0.71, -1.33],
						"4.7667": [1.38, 0.63, -1.11],
						"4.8": [1.2, 0.53, -0.82],
						"4.8333": [0.98, 0.41, -0.51],
						"4.8667": [0.75, 0.29, -0.21],
						"4.9": [0.56, 0.19, 0.03],
						"4.9333": [0.42, 0.12, 0.18],
						"4.9667": [0.25, 0.03, 0.18],
						"5.0": [0.18, 0, -0.04],
						"5.0333": [0.13, -0.01, -0.19],
						"5.0667": [0.09, -0.02, -0.13],
						"5.1": [0.07, -0.02, -0.01],
						"5.1333": [0.06, -0.01, 0.08],
						"5.1667": [0.04, -0.01, 0.08],
						"5.2": [0.02, 0, 0.03],
						"5.2333": [0, 0, 0]
					}
				}
			}
		},
		"inspect_empty": {
			"animation_length": 5.2667,
			"bones": {
				"root": {
					"rotation": {
						"0.0": [0, 0, 0],
						"0.0333": [0.24, -0.27, 0.59],
						"0.0667": [0.69, -0.55, 1.53],
						"0.1": [1.06, -1.02, 2.47],
						"0.1333": [1.05, -1.84, 3.03],
						"0.1667": [0.36, -3.2, 2.84],
						"0.2": [-0.75, -4.69, 2.04],
						"0.2333": [-2.36, -6.66, 0.73],
						"0.2667": [-4.27, -8.89, -0.89],
						"0.3": [-6.31, -11.21, -2.65],
						"0.3333": [-8.27, -13.43, -4.34],
						"0.3667": [-9.96, -15.34, -5.8],
						"0.4": [-11.21, -16.77, -6.82],
						"0.4333": [-12.58, -18.39, -7.81],
						"0.4667": [-12.88, -18.73, -7.81],
						"0.5": [-13.01, -18.88, -7.61],
						"0.5333": [-13.25, -19.16, -7.31],
						"0.5667": [-13.34, -19.25, -6.8],
						"0.6": [-13.4, -19.31, -6.57],
						"0.6333": [-13.45, -19.37, -6.73],
						"0.6667": [-13.5, -19.42, -7.05],
						"0.7": [-13.54, -19.47, -7.43],
						"0.7333": [-13.57, -19.5, -7.79],
						"0.7667": [-13.58, -19.52, -8.01],
						"0.8": [-13.58, -19.52, -8.07],
						"0.8333": [-13.57, -19.5, -8.04],
						"0.8667": [-13.55, -19.47, -7.97],
						"0.9": [-13.52, -19.44, -7.9],
						"0.9333": [-13.49, -19.42, -7.85],
						"0.9667": [-13.46, -19.42, -7.88],
						"1.0": [-13.45, -19.42, -7.91],
						"1.0333": [-13.44, -19.43, -7.95],
						"1.0667": [-13.43, -19.44, -8],
						"1.1": [-13.41, -19.45, -8.06],
						"1.1333": [-13.4, -19.46, -8.12],
						"1.1667": [-13.38, -19.47, -8.19],
						"1.2": [-13.37, -19.49, -8.26],
						"1.2333": [-13.35, -19.5, -8.34],
						"1.2667": [-13.34, -19.51, -8.41],
						"1.3": [-13.32, -19.53, -8.49],
						"1.3333": [-13.31, -19.54, -8.56],
						"1.3667": [-13.29, -19.56, -8.63],
						"1.4": [-13.28, -19.57, -8.69],
						"1.4333": [-13.27, -19.59, -8.75],
						"1.4667": [-13.25, -19.6, -8.8],
						"1.5": [-13.24, -19.61, -8.85],
						"1.5333": [-13.23, -19.62, -8.88],
						"1.5667": [-13.22, -19.63, -8.9],
						"1.6": [-13.2, -19.65, -8.9],
						"1.6333": [-13.18, -19.68, -8.82],
						"1.6667": [-13.16, -19.69, -8.69],
						"1.7": [-13.15, -19.71, -8.57],
						"1.7333": [-13.14, -19.71, -8.47],
						"1.7667": [-13.13, -19.7, -8.43],
						"1.8": [-13.12, -19.7, -8.46],
						"1.8333": [-13.11, -19.71, -8.52],
						"1.8667": [-13.1, -19.72, -8.6],
						"1.9": [-13.08, -19.74, -8.71],
						"1.9333": [-13.06, -19.75, -8.83],
						"1.9667": [-13.04, -19.77, -8.96],
						"2.0": [-13.02, -19.79, -9.09],
						"2.0333": [-13.01, -19.8, -9.2],
						"2.0667": [-13, -19.8, -9.31],
						"2.1": [-12.99, -19.79, -9.39],
						"2.1333": [-12.99, -19.78, -9.44],
						"2.1667": [-13, -19.74, -9.46],
						"2.2": [-13.02, -19.7, -9.44],
						"2.2333": [-13.05, -19.63, -9.36],
						"2.2667": [-13.09, -19.54, -9.23],
						"2.3": [-13.14, -19.43, -9.03],
						"2.3333": [-13.29, -19.19, -8.67],
						"2.3667": [-13.43, -19, -8.51],
						"2.4": [-13.62, -18.73, -8.11],
						"2.4333": [-13.93, -18.2, -7.03],
						"2.4667": [-14.42, -17.27, -4.82],
						"2.5": [-15.13, -15.77, -1.02],
						"2.5333": [-15.82, -14.29, 2.86],
						"2.5667": [-16.68, -12.39, 7.93],
						"2.6": [-17.68, -10.18, 13.87],
						"2.6333": [-18.75, -7.78, 20.3],
						"2.6667": [-19.85, -5.34, 26.89],
						"2.7": [-20.92, -2.96, 33.29],
						"2.7333": [-21.9, -0.77, 39.14],
						"2.7667": [-22.75, 1.1, 44.09],
						"2.8": [-23.41, 2.53, 47.81],
						"2.8333": [-24.07, 3.91, 51.17],
						"2.8667": [-24.46, 4.68, 52.74],
						"2.9": [-24.66, 5.01, 53.09],
						"2.9333": [-24.76, 5.09, 52.78],
						"2.9667": [-24.83, 5.1, 52.39],
						"3.0": [-24.95, 5.22, 52.49],
						"3.0333": [-25.07, 5.36, 52.85],
						"3.0667": [-25.17, 5.43, 53.14],
						"3.1": [-25.25, 5.46, 53.37],
						"3.1333": [-25.31, 5.45, 53.56],
						"3.1667": [-25.37, 5.41, 53.73],
						"3.2": [-25.41, 5.37, 53.89],
						"3.2333": [-25.45, 5.33, 54.06],
						"3.2667": [-25.48, 5.31, 54.26],
						"3.3": [-25.51, 5.3, 54.53],
						"3.3333": [-25.51, 5.28, 54.81],
						"3.3667": [-25.51, 5.26, 55.1],
						"3.4": [-25.5, 5.23, 55.38],
						"3.4333": [-25.48, 5.2, 55.63],
						"3.4667": [-25.47, 5.16, 55.84],
						"3.5": [-25.46, 5.11, 55.99],
						"3.5333": [-25.45, 5.06, 56.06],
						"3.5667": [-25.44, 4.99, 56.09],
						"3.6": [-25.43, 4.92, 56.08],
						"3.6333": [-25.42, 4.84, 56.06],
						"3.6667": [-25.41, 4.76, 56.02],
						"3.7": [-25.4, 4.69, 55.97],
						"3.7333": [-25.41, 4.64, 55.93],
						"3.7667": [-25.41, 4.61, 55.9],
						"3.8": [-25.43, 4.61, 55.88],
						"3.8333": [-25.46, 4.63, 55.89],
						"3.8667": [-25.49, 4.67, 55.93],
						"3.9": [-25.54, 4.72, 55.98],
						"3.9333": [-25.6, 4.79, 56.04],
						"3.9667": [-25.65, 4.87, 56.11],
						"4.0": [-25.72, 4.96, 56.19],
						"4.0333": [-25.78, 5.05, 56.25],
						"4.0667": [-25.84, 5.13, 56.31],
						"4.1": [-25.89, 5.22, 56.35],
						"4.1333": [-25.93, 5.29, 56.37],
						"4.1667": [-25.97, 5.35, 56.36],
						"4.2": [-25.99, 5.39, 56.31],
						"4.2333": [-25.99, 5.42, 56.23],
						"4.2667": [-25.98, 5.42, 56.1],
						"4.3": [-25.94, 5.39, 55.92],
						"4.3333": [-25.82, 5.3, 55.67],
						"4.3667": [-25.69, 5.18, 55.66],
						"4.4": [-25.48, 4.99, 55.47],
						"4.4333": [-25.16, 4.66, 54.69],
						"4.4667": [-24.68, 4.14, 52.9],
						"4.5": [-23.99, 3.38, 49.68],
						"4.5333": [-23.48, 2.81, 47.01],
						"4.5667": [-22.85, 2.09, 43.56],
						"4.7333": [-3.97, -2.68, 5.33],
						"4.7667": [-2.45, -2.14, 4.72],
						"4.8": [-1.11, -1.65, 4.15],
						"4.8333": [-0.01, -1.23, 3.62],
						"4.8667": [0.81, -0.9, 3.16],
						"4.9": [1.74, -0.39, 2.15],
						"4.9333": [1.69, -0.14, 1.19],
						"4.9667": [1.09, -0.06, 0.34],
						"5.0": [0.39, -0.04, -0.32],
						"5.0333": [0, 0, -0.72],
						"5.0667": [-0.06, 0.07, -0.6],
						"5.1": [-0.03, 0.03, 0.11],
						"5.1333": [0, 0, 0.6],
						"5.1667": [0, 0, 0.57],
						"5.2": [0, 0, 0.38],
						"5.2333": [0, 0, 0.15],
						"5.2667": [0, 0, 0]
					},
					"position": {
						"0.0": [0, 0, 0],
						"0.0333": [0.05, -0.03, -0.01],
						"0.0667": [0.12, -0.06, -0.01],
						"0.1": [0.21, -0.1, -0.03],
						"0.1333": [0.3, -0.13, -0.05],
						"0.1667": [0.41, -0.13, -0.09],
						"0.2": [0.5, -0.1, -0.14],
						"0.2333": [0.6, -0.05, -0.19],
						"0.2667": [0.72, 0.01, -0.26],
						"0.3": [0.83, 0.07, -0.33],
						"0.3333": [0.94, 0.13, -0.4],
						"0.3667": [1.03, 0.18, -0.46],
						"0.4": [1.1, 0.2, -0.5],
						"0.4333": [1.18, 0.16, -0.54],
						"0.4667": [1.18, 0.03, -0.53],
						"0.5": [1.19, -0.08, -0.53],
						"0.5333": [1.19, -0.23, -0.52],
						"0.5667": [1.2, -0.36, -0.51],
						"0.6": [1.2, -0.42, -0.5],
						"0.6333": [1.2, -0.42, -0.5],
						"0.6667": [1.2, -0.41, -0.5],
						"0.7": [1.21, -0.38, -0.5],
						"0.7333": [1.21, -0.34, -0.5],
						"0.7667": [1.21, -0.3, -0.5],
						"0.8": [1.21, -0.26, -0.5],
						"0.8333": [1.22, -0.21, -0.5],
						"0.8667": [1.22, -0.18, -0.5],
						"0.9": [1.22, -0.14, -0.5],
						"0.9333": [1.22, -0.12, -0.5],
						"0.9667": [1.22, -0.09, -0.5],
						"1.0": [1.22, -0.1, -0.5],
						"1.0333": [1.22, -0.1, -0.5],
						"1.0667": [1.22, -0.1, -0.5],
						"1.1": [1.22, -0.11, -0.5],
						"1.1333": [1.22, -0.11, -0.5],
						"1.1667": [1.22, -0.12, -0.5],
						"1.2": [1.22, -0.12, -0.5],
						"1.2333": [1.22, -0.12, -0.5],
						"1.2667": [1.23, -0.12, -0.5],
						"1.3": [1.23, -0.12, -0.5],
						"1.3333": [1.23, -0.11, -0.5],
						"1.3667": [1.23, -0.1, -0.5],
						"1.4": [1.22, -0.07, -0.5],
						"1.4333": [1.22, -0.01, -0.5],
						"1.4667": [1.22, 0.05, -0.5],
						"1.5": [1.22, 0.11, -0.5],
						"1.5333": [1.22, 0.17, -0.5],
						"1.5667": [1.21, 0.22, -0.5],
						"1.6": [1.21, 0.25, -0.5],
						"1.6333": [1.21, 0.26, -0.5],
						"1.6667": [1.2, 0.26, -0.5],
						"1.7": [1.2, 0.26, -0.5],
						"1.7333": [1.2, 0.25, -0.5],
						"1.7667": [1.19, 0.23, -0.5],
						"1.8": [1.19, 0.22, -0.5],
						"1.8333": [1.19, 0.21, -0.5],
						"1.8667": [1.18, 0.2, -0.5],
						"1.9": [1.18, 0.2, -0.5],
						"1.9333": [1.18, 0.2, -0.5],
						"1.9667": [1.18, 0.2, -0.5],
						"2.0": [1.17, 0.21, -0.51],
						"2.0333": [1.17, 0.21, -0.51],
						"2.0667": [1.17, 0.21, -0.51],
						"2.1": [1.17, 0.22, -0.52],
						"2.1333": [1.17, 0.22, -0.52],
						"2.1667": [1.16, 0.23, -0.52],
						"2.2": [1.16, 0.24, -0.52],
						"2.2333": [1.16, 0.25, -0.52],
						"2.2667": [1.16, 0.27, -0.52],
						"2.3": [1.16, 0.28, -0.52],
						"2.3333": [1.16, 0.3, -0.51],
						"2.3667": [1.16, 0.33, -0.5],
						"2.4": [1.16, 0.39, -0.47],
						"2.8333": [2.09, -1.93, -0.66],
						"4.6": [2.09, -1.93, -0.66],
						"4.7333": [0.76, -1.35, -1.49],
						"4.7667": [0.64, -1.03, -1.55],
						"4.8": [0.5, -0.81, -1.39],
						"4.8333": [0.35, -0.7, -1.03],
						"4.8667": [0.21, -0.66, -0.59],
						"4.9": [0.09, -0.62, -0.18],
						"4.9333": [0, -0.55, 0.08],
						"4.9667": [-0.04, -0.41, 0.15],
						"5.0": [-0.04, -0.25, 0.08],
						"5.0333": [-0.02, -0.1, -0.03],
						"5.0667": [0, 0, -0.1],
						"5.1": [0, 0.05, -0.08],
						"5.1333": [0, 0.04, -0.02],
						"5.1667": [0, 0.03, 0.02],
						"5.2": [0, 0.02, 0.02],
						"5.2333": [0, 0.01, 0.01],
						"5.2667": [0, 0, 0]
					}
				},
				"lefthand": {
					"rotation": [97.57308, -36.58254, -147.98537],
					"position": [8.22339, -14.85437, -21.56687],
					"scale": [1, 1.5, 1]
				},
				"righthand": {
					"rotation": [99.05188, 15.0716, -167.92777],
					"position": [-6.42969, -15.83125, 1.07344],
					"scale": [1, 1.5, 1]
				},
				"camera": {
					"rotation": {
						"0.0": [0, 0, 0],
						"0.0333": [0.01, 0.01, -0.04],
						"0.0667": [0, 0.01, -0.07],
						"0.1": [0.01, 0.02, -0.12],
						"0.1333": [0.03, 0.05, -0.2],
						"0.1667": [0.07, 0.13, -0.33],
						"0.2": [0.16, 0.26, -0.52],
						"0.2333": [0.22, 0.37, -0.66],
						"0.2667": [0.31, 0.52, -0.85],
						"1.0667": {
							"pre": [-3, -0.3, -1.98],
							"post": [-3, -0.3, -1.98],
							"lerp_mode": "catmullrom"
						},
						"1.8667": {
							"post": [5.87, 11.27, -1.01],
							"lerp_mode": "catmullrom"
						},
						"2.7": [5, 2.06, 2.77],
						"2.7333": [5.48, 2.04, 3.46],
						"2.7667": [5.93, 2.01, 4.01],
						"2.8": [6.32, 1.98, 4.35],
						"2.8333": [6.95, 1.92, 4.43],
						"2.8667": [7.52, 1.86, 4.01],
						"2.9": [8.03, 1.79, 3.36],
						"2.9333": [8.53, 1.73, 2.78],
						"2.9667": [9.02, 1.66, 2.54],
						"3.0": [9.66, 1.58, 2.84],
						"3.0333": [10.29, 1.49, 3.49],
						"3.0667": [10.85, 1.41, 4.17],
						"3.1": [11.28, 1.34, 4.54],
						"3.1333": [11.44, 1.31, 4.54],
						"3.1667": [11.57, 1.28, 4.44],
						"3.2": [11.67, 1.25, 4.27],
						"3.2333": [11.75, 1.23, 4.07],
						"3.2667": [11.8, 1.2, 3.85],
						"3.3": [11.83, 1.18, 3.65],
						"3.3333": [11.85, 1.16, 3.5],
						"3.3667": [11.86, 1.15, 3.42],
						"3.4": [11.9, 1.14, 3.42],
						"3.4333": [11.98, 1.13, 3.48],
						"3.4667": [12.06, 1.14, 3.58],
						"3.5": [12.09, 1.14, 3.7],
						"3.5333": [12, 1.14, 3.82],
						"3.5667": [11.76, 1.15, 3.93],
						"3.6": [11.31, 1.15, 4],
						"3.6333": [10.86, 1.15, 4.02],
						"3.6667": [10.27, 1.15, 4.04],
						"3.7": [9.58, 1.16, 4.06],
						"3.7333": [8.81, 1.16, 4.07],
						"3.7667": [7.99, 1.16, 4.08],
						"3.8": [7.15, 1.16, 4.09],
						"3.8333": [6.33, 1.17, 4.08],
						"3.8667": [5.55, 1.17, 4.07],
						"3.9": [4.85, 1.16, 4.05],
						"3.9333": [4.26, 1.16, 4.03],
						"3.9667": [3.81, 1.15, 4],
						"4.0": [3.45, 1.13, 3.94],
						"4.0333": [3.21, 1.11, 3.85],
						"4.0667": [3.05, 1.07, 3.75],
						"4.1": [2.97, 1.04, 3.64],
						"4.1333": [2.95, 1, 3.52],
						"4.1667": [2.96, 0.97, 3.41],
						"4.2": [2.99, 0.94, 3.31],
						"4.2333": [3.03, 0.92, 3.23],
						"4.2667": [3.06, 0.91, 3.17],
						"4.3": [3.05, 0.91, 3.16],
						"4.3333": [3.02, 0.93, 3.19],
						"4.3667": [3, 0.96, 3.27],
						"4.4": [2.98, 1, 3.39],
						"4.4333": [2.98, 1.05, 3.53],
						"4.4667": [2.99, 1.11, 3.68],
						"4.7333": [1.51, 0.71, -1.33],
						"4.7667": [1.38, 0.63, -1.11],
						"4.8": [1.2, 0.53, -0.82],
						"4.8333": [0.98, 0.41, -0.51],
						"4.8667": [0.75, 0.29, -0.21],
						"4.9": [0.56, 0.19, 0.03],
						"4.9333": [0.42, 0.12, 0.18],
						"4.9667": [0.25, 0.03, 0.18],
						"5.0": [0.18, 0, -0.04],
						"5.0333": [0.13, -0.01, -0.19],
						"5.0667": [0.09, -0.02, -0.13],
						"5.1": [0.07, -0.02, -0.01],
						"5.1333": [0.06, -0.01, 0.08],
						"5.1667": [0.04, -0.01, 0.08],
						"5.2": [0.02, 0, 0.03],
						"5.2333": [0, 0, 0]
					}
				}
			}
		},
		"aim_start": {
			"animation_length": 0.0833,
			"bones": {
				"sight": {
					"position": {
						"0.0": [0, 0, 0],
						"0.0833": [0, 2, 0]
					},
					"scale": {
						"0.0": [0.2, 0.2, 0.2],
						"0.0833": [1, 1, 1]
					}
				}
			}
		},
		"aim": {
			"animation_length": 0.0833,
			"bones": {
				"sight": {
					"position": [0, 2, 0]
				}
			}
		},
		"aim_end": {
			"animation_length": 0.0833,
			"bones": {
				"sight": {
					"position": {
						"0.0": [0, 2, 0],
						"0.0833": [0, 0, 0]
					},
					"scale": {
						"0.0": [1, 1, 1],
						"0.0833": [0.2, 0.2, 0.2]
					}
				}
			}
		}
	}
}