{
	"format_version": "1.8.0",
	"animations": {
		"static_idle": {
			"loop": true,
			"bones": {
				"lefthand": {
					"rotation": [90.05248, -37.25063, -135.49653],
					"position": [8.4187, -16.12, -11.44187],
					"scale": [1, 1.5, 1]
				},
				"righthand": {
					"rotation": [99.05188, 7.5716, -167.92777],
					"position": [-7.03125, -17.01875, 4.69844],
					"scale": [1, 1.5, 1]
				}
			}
		},
		"static_bolt_caught": {
			"animation_length": 0.1,
			"bones": {
				"lefthand": {
					"rotation": [90.05248, -37.25063, -135.49653],
					"position": [8.4187, -16.12, -11.44187],
					"scale": [1, 1.5, 1]
				},
				"righthand": {
					"rotation": [99.05188, 7.5716, -167.92777],
					"position": [-7.03125, -17.01875, 4.69844],
					"scale": [1, 1.5, 1]
				},
				"ready_illuminated": {
					"rotation": [180, 0, 0]
				}
			}
		},
		"reload_empty": {
			"loop": "hold_on_last_frame",
			"animation_length": 2.2667,
			"bones": {
				"lefthand": {
					"rotation": {
						"0.0": [90.05248, -37.25063, -135.49653],
						"0.1333": [40.05, 5.25, -188],
						"0.2667": [40.05, 5.25, -188],
						"0.3333": [132.55, 5.25, -188],
						"0.4333": {
							"pre": [132.55, 5.25, -188],
							"post": [177.55248, 12.74937, -235.49653]
						},
						"0.7667": {
							"pre": [177.55248, 12.74937, -235.49653],
							"post": [177.55248, 12.74937, -235.49653]
						},
						"0.8333": {
							"pre": [197.55248, 22.74937, -222.99653],
							"post": [197.55248, 22.74937, -222.99653],
							"lerp_mode": "catmullrom"
						},
						"1.1": {
							"post": [190.05248, 22.74937, -227.99653],
							"lerp_mode": "catmullrom"
						},
						"1.1667": {
							"post": [172.46, 47.68, -233.55],
							"lerp_mode": "catmullrom"
						},
						"1.2333": {
							"post": [132.55, 42.75, -245.5],
							"lerp_mode": "catmullrom"
						},
						"1.4333": {
							"post": [132.55, 42.75, -245.5],
							"lerp_mode": "catmullrom"
						},
						"1.6": {
							"post": [40.05, 5.25, -188],
							"lerp_mode": "catmullrom"
						},
						"1.8667": {
							"post": [90.05248, -37.25063, -135.49653],
							"lerp_mode": "catmullrom"
						}
					},
					"position": {
						"0.0": [8.4187, -16.12, -11.44187],
						"0.1333": [23.42, -33.12, -1.44],
						"0.2667": [23.42, -33.12, -1.44],
						"0.3333": [23.42, -47.12, -15.44],
						"0.4333": {
							"pre": [23.42, -47.12, -15.44],
							"post": [7.2937, -11.1825, 2.55813]
						},
						"0.7667": {
							"pre": [7.2937, -11.1825, 2.55813],
							"post": [7.2937, -11.1825, 2.55813]
						},
						"0.8333": {
							"pre": [7.7312, -11.62, 2.55813],
							"post": [7.7312, -11.62, 2.55813],
							"lerp_mode": "catmullrom"
						},
						"1.1": {
							"post": [7.7312, -11.62, 2.05813],
							"lerp_mode": "catmullrom"
						},
						"1.2333": {
							"post": [26.29, -11.18, -14.44],
							"lerp_mode": "catmullrom"
						},
						"1.4333": {
							"post": [17.29, -22.18, -14.44],
							"lerp_mode": "catmullrom"
						},
						"1.6": {
							"post": [23.42, -33.12, -1.44],
							"lerp_mode": "catmullrom"
						},
						"1.8667": {
							"post": [8.4187, -16.12, -11.44187],
							"lerp_mode": "catmullrom"
						}
					},
					"scale": [1, 1.5, 1]
				},
				"righthand": {
					"rotation": [99.05188, 7.5716, -167.92777],
					"position": [-7.03125, -17.01875, 4.69844],
					"scale": [1, 1.5, 1]
				},
				"root": {
					"rotation": {
						"0.0": {
							"post": [0, 0, 0],
							"lerp_mode": "catmullrom"
						},
						"0.1": {
							"post": [9.5, 3, 1],
							"lerp_mode": "catmullrom"
						},
						"0.2333": {
							"post": [-23.36, 2.57, -2.93],
							"lerp_mode": "catmullrom"
						},
						"0.3333": {
							"post": [5, -2.5, 2.5],
							"lerp_mode": "catmullrom"
						},
						"0.4333": {
							"post": [0, 0, 0],
							"lerp_mode": "catmullrom"
						},
						"0.6333": {
							"post": [4.1, 0.18, 4.82],
							"lerp_mode": "catmullrom"
						},
						"0.9": {
							"post": [6.03, -2.3, 7.3],
							"lerp_mode": "catmullrom"
						},
						"0.9667": {
							"post": [7.53, -3.44, 8.09],
							"lerp_mode": "catmullrom"
						},
						"1.0667": {
							"post": [7.66, -4.38, 3.62],
							"lerp_mode": "catmullrom"
						},
						"1.2333": {
							"post": [6.03, -2.3, 12.3],
							"lerp_mode": "catmullrom"
						},
						"1.4333": {
							"post": [25, -5, 5],
							"lerp_mode": "catmullrom"
						},
						"1.5": {
							"post": [-16, 2, 1],
							"lerp_mode": "catmullrom"
						},
						"1.5667": {
							"post": [-16.3, 2.02, 2.78],
							"lerp_mode": "catmullrom"
						},
						"1.6": {
							"post": [-18.91, 2.57, 0.73],
							"lerp_mode": "catmullrom"
						},
						"1.7": {
							"post": [-16, 2, -1.5],
							"lerp_mode": "catmullrom"
						},
						"1.8667": {
							"post": [3.1, 0.69, 0.35],
							"lerp_mode": "catmullrom"
						},
						"2.0333": [0.03, 0.41, -0.59],
						"2.0667": [-0.21, 0.14, -0.22],
						"2.1": [-0.23, -0.18, 0.25],
						"2.1667": [0.03, -0.24, -0.07],
						"2.2": [0.11, -0.17, -0.16],
						"2.2333": [0.05, -0.07, -0.07],
						"2.2667": [0, 0, 0]
					},
					"position": {
						"0.0": {
							"post": [0, 0, 0],
							"lerp_mode": "catmullrom"
						},
						"0.1": {
							"post": [0, 2, 0],
							"lerp_mode": "catmullrom"
						},
						"0.2": {
							"post": [0, 0.14, 0],
							"lerp_mode": "catmullrom"
						},
						"0.3333": {
							"post": [0, -2, -1],
							"lerp_mode": "catmullrom"
						},
						"0.4667": {
							"post": [0, -2, -1],
							"lerp_mode": "catmullrom"
						},
						"0.6": {
							"post": [0, -2.57, -1],
							"lerp_mode": "catmullrom"
						},
						"0.9": {
							"post": [0, -3.64, -1],
							"lerp_mode": "catmullrom"
						},
						"1.0667": {
							"post": [0, -4.37, -1],
							"lerp_mode": "catmullrom"
						},
						"1.2333": {
							"post": [0, -4.14, -1],
							"lerp_mode": "catmullrom"
						},
						"1.4333": {
							"post": [0, 1, -1],
							"lerp_mode": "catmullrom"
						},
						"1.5": {
							"post": [-0.5, -3, 0],
							"lerp_mode": "catmullrom"
						},
						"1.7": {
							"post": [-0.5, -3, 0],
							"lerp_mode": "catmullrom"
						},
						"2.0333": [0, 0.01, -0.01],
						"2.1": [0, 0.01, 0.02],
						"2.1667": [0, 0.01, 0.03],
						"2.2": [0, 0, -0.01],
						"2.2333": [0, 0, -0.01],
						"2.2667": [0, 0, 0]
					}
				},
				"mag_and_lefthand": {
					"rotation": {
						"0.3": {
							"pre": [0, 0, 0],
							"post": [0, 0, 0],
							"lerp_mode": "catmullrom"
						},
						"0.4": {
							"post": [90, 0, 0],
							"lerp_mode": "catmullrom"
						},
						"0.5333": {
							"post": [62.5, 0, 0],
							"lerp_mode": "catmullrom"
						},
						"0.7": [77.5, 0, 0],
						"1.4333": [77.5, 0, 0],
						"1.5667": {
							"pre": [0, 0, 0],
							"post": [0, 0, 0],
							"lerp_mode": "catmullrom"
						}
					}
				},
				"grenade_and_lefthand": {
					"rotation": {
						"0.3333": [0, 0, 0],
						"0.3667": {
							"pre": [0, 0, 0],
							"post": [0, 0, 0]
						},
						"0.4": {
							"pre": [0, 0, 0],
							"post": [0, 0, 0],
							"lerp_mode": "catmullrom"
						},
						"0.5333": {
							"post": [-7.36, 41.37, 15],
							"lerp_mode": "catmullrom"
						},
						"0.6333": {
							"post": [-12.5, 40, 12.5],
							"lerp_mode": "catmullrom"
						},
						"0.7667": {
							"post": [-12.5, 20, 0],
							"lerp_mode": "catmullrom"
						},
						"0.8333": {
							"post": [0, 0, 0],
							"lerp_mode": "catmullrom"
						},
						"0.9": {
							"post": [0, 0, 0],
							"lerp_mode": "catmullrom"
						}
					},
					"position": {
						"0.3333": [0, 0, 0],
						"0.3667": {
							"pre": [0, 0, 0],
							"post": [20, -19, -19]
						},
						"0.4": {
							"pre": [20, -19, -19],
							"post": [20, -19, -19],
							"lerp_mode": "catmullrom"
						},
						"0.6333": {
							"post": [10.59375, -4.07812, 1.3125],
							"lerp_mode": "catmullrom"
						},
						"0.7333": {
							"post": [3.31, -1.41, 5.99],
							"lerp_mode": "catmullrom"
						},
						"0.8": {
							"post": [0.71, -0.32, 5.355],
							"lerp_mode": "catmullrom"
						},
						"0.8333": {
							"post": [0, 0, 5.185],
							"lerp_mode": "catmullrom"
						},
						"0.9": {
							"post": [0, 0, 5.185],
							"lerp_mode": "catmullrom"
						},
						"0.9667": {
							"post": [0, 0, 0],
							"lerp_mode": "catmullrom"
						}
					}
				},
				"grenade": {
					"rotation": {
						"0.0": [0, 0, 0],
						"0.0333": {
							"pre": [0, 0, 0],
							"post": [0, 0, 0]
						},
						"0.3667": {
							"pre": [0, 0, 0],
							"post": [0, 0, 0]
						}
					},
					"position": {
						"0.0": [0, 0, 0],
						"0.0333": {
							"pre": [0, 0, 0],
							"post": [20, -28, 14]
						},
						"0.3667": {
							"pre": [20, -28, 14],
							"post": [0, 0, 0]
						}
					},
					"scale": {
						"0.0333": [0, 0, 0],
						"0.3667": {
							"pre": [0, 0, 0],
							"post": [1, 1, 1]
						}
					}
				},
				"handle": {
					"rotation": {
						"0.0": {
							"post": [0, 0, 0],
							"lerp_mode": "catmullrom"
						},
						"0.2": {
							"post": [0, 0, -7.5],
							"lerp_mode": "catmullrom"
						},
						"0.4": {
							"post": [0, 0, 50],
							"lerp_mode": "catmullrom"
						},
						"0.5": {
							"post": [0, 0, -35],
							"lerp_mode": "catmullrom"
						},
						"0.6333": {
							"post": [0, 0, 20],
							"lerp_mode": "catmullrom"
						},
						"0.8": {
							"post": [0, 0, -12.5],
							"lerp_mode": "catmullrom"
						},
						"1.0": {
							"post": [0, 0, 0],
							"lerp_mode": "catmullrom"
						},
						"1.4333": {
							"post": [0, 0, 0],
							"lerp_mode": "catmullrom"
						},
						"1.5667": {
							"post": [0, 0, -50],
							"lerp_mode": "catmullrom"
						},
						"1.7": {
							"post": [0, 0, 35],
							"lerp_mode": "catmullrom"
						},
						"1.8333": {
							"post": [0, 0, -20],
							"lerp_mode": "catmullrom"
						},
						"1.9667": {
							"post": [0, 0, 15],
							"lerp_mode": "catmullrom"
						},
						"2.1333": {
							"post": [0, 0, 0],
							"lerp_mode": "catmullrom"
						}
					}
				},
				"constraint": {
					"rotation": {
						"1.8333": [0.3, 0.3, 0.3],
						"1.9": [0, 0, 0]
					},
					"position": {
						"1.8333": [-0.15, 0.35, -0.65],
						"1.9": [0, 0, 0]
					}
				},
				"camera": {
					"rotation": {
						"0.1": {
							"pre": [0, 0, 0],
							"post": [0, 0, 0],
							"lerp_mode": "catmullrom"
						},
						"0.2333": {
							"post": [-1.25, 0.5, -0.5],
							"lerp_mode": "catmullrom"
						},
						"0.3333": {
							"post": [1.25, 0, 0],
							"lerp_mode": "catmullrom"
						},
						"0.3667": {
							"post": [1.27, -0.17, -0.5],
							"lerp_mode": "catmullrom"
						},
						"0.4": {
							"post": [1, -0.25, 0.5],
							"lerp_mode": "catmullrom"
						},
						"0.5333": [0, 0, 0],
						"0.7667": [0, 0, 0],
						"0.8667": {
							"pre": [-0.25, 0.25, 0.25],
							"post": [-0.25, 0.25, 0.25],
							"lerp_mode": "catmullrom"
						},
						"0.9667": {
							"post": [0.75, -0.25, 0.25],
							"lerp_mode": "catmullrom"
						},
						"1.0333": {
							"post": [0.5, 0, -0.25],
							"lerp_mode": "catmullrom"
						},
						"1.1333": [0, 0, 0],
						"1.3667": [0, 0, 0],
						"1.4333": {
							"pre": [0.25, -0.25, 0],
							"post": [0.25, -0.25, 0],
							"lerp_mode": "catmullrom"
						},
						"1.5333": {
							"post": [-1.5, 0.25, -0.5],
							"lerp_mode": "catmullrom"
						},
						"1.5667": {
							"post": [-1.5, 0, 0.5],
							"lerp_mode": "catmullrom"
						},
						"1.6333": {
							"post": [-0.5, 0, -0.25],
							"lerp_mode": "catmullrom"
						},
						"1.8": {
							"post": [0, 0, 0],
							"lerp_mode": "catmullrom"
						}
					}
				}
			},
			"sound_effects": {
				"0.1667": {
					"effect": "halor6:m319_greande_launcher/latchopen"
				},
				"0.9": {
					"effect": "halor6:m319_greande_launcher/shellin"
				},
				"1.4": {
					"effect": "halor6:m319_greande_launcher/latchclosed"
				}
			}
		},
		"inspect_empty": {
			"loop": "hold_on_last_frame",
			"animation_length": 7.05,
			"bones": {
				"lefthand": {
					"rotation": {
						"0.0": [90.05248, -37.25063, -135.49653],
						"0.1667": [90.05, -37.25, -135.5],
						"3.0333": [90.05, -37.25, -135.5],
						"3.3333": [60.05, -49.75, -168],
						"6.15": [60.05, -49.75, -168],
						"6.5833": [90.05, -37.25, -135.5]
					},
					"position": {
						"0.0": [8.4187, -16.12, -11.44187],
						"0.1667": [8.42, -16.12, -11.44],
						"0.5": [8.42, -16.12, -8.94],
						"3.0333": [8.42, -16.12, -8.94],
						"3.3333": [9.42, -12.12, -6.44],
						"6.15": [9.42, -12.12, -6.44],
						"6.5833": [8.42, -16.12, -11.44]
					},
					"scale": [1, 1.5, 1]
				},
				"righthand": {
					"rotation": [99.05188, 7.5716, -167.92777],
					"position": [-7.03125, -17.01875, 4.69844],
					"scale": [1, 1.5, 1]
				},
				"root": {
					"rotation": {
						"0.0": {
							"post": [0, 0, 0],
							"lerp_mode": "catmullrom"
						},
						"0.1667": {
							"post": [-4.09882, -4.5091, 15.43498],
							"lerp_mode": "catmullrom"
						},
						"0.5": {
							"post": [-5.41629, -41.63247, -14.00811],
							"lerp_mode": "catmullrom"
						},
						"0.7333": {
							"post": [-6.46, -41.85, -10.81],
							"lerp_mode": "catmullrom"
						},
						"0.7667": {
							"post": [-6.39, -41.9, -10.99],
							"lerp_mode": "catmullrom"
						},
						"0.8": {
							"post": [-6.3, -41.97, -11.19],
							"lerp_mode": "catmullrom"
						},
						"0.8333": {
							"post": [-6.21, -42.04, -11.42],
							"lerp_mode": "catmullrom"
						},
						"0.8667": {
							"post": [-6.12, -42.12, -11.66],
							"lerp_mode": "catmullrom"
						},
						"0.9": {
							"post": [-6.03, -42.19, -11.89],
							"lerp_mode": "catmullrom"
						},
						"1.7": {
							"post": [-5.06, -41.97, -11.78],
							"lerp_mode": "catmullrom"
						},
						"2.7667": [-6.13, -41.61, -11.53],
						"2.8": [-6.23, -41.26, -11.19],
						"2.8333": [-6.31, -40.87, -10.86],
						"2.8667": [-6.47, -40.4, -10.34],
						"2.9": [-6.76, -39.81, -9.46],
						"2.9333": [-7.27, -39.07, -8.04],
						"2.9667": [-8.07, -38.14, -5.89],
						"3.0": [-9.24, -36.99, -2.84],
						"3.0333": [-10.84, -35.57, 1.3],
						"3.3333": [-33.39, 6.04, 68.95],
						"3.3667": [-35.46447, 9.98175, 72.48389],
						"3.4333": [-37.03832, 4.45511, 72.32435],
						"3.6": {
							"pre": [-39.11597, 4.50829, 74.48083],
							"post": [-39.11597, 4.50829, 74.48083],
							"lerp_mode": "catmullrom"
						},
						"3.7333": {
							"post": [-39.19802, 3.56109, 73.31483],
							"lerp_mode": "catmullrom"
						},
						"3.9333": {
							"post": [-39.12119, 3.25823, 74.52516],
							"lerp_mode": "catmullrom"
						},
						"4.1": {
							"post": [-39.12185, 3.23874, 74.18842],
							"lerp_mode": "catmullrom"
						},
						"4.3167": {
							"post": [-39.18533, 2.15323, 73.16661],
							"lerp_mode": "catmullrom"
						},
						"4.5": {
							"post": [-39.90167, 1.88756, 74.02848],
							"lerp_mode": "catmullrom"
						},
						"4.7": {
							"post": [-39.9, 1.89, 74.03],
							"lerp_mode": "catmullrom"
						},
						"4.7667": {
							"post": [-40.28893, 2.40247, 73.69991],
							"lerp_mode": "catmullrom"
						},
						"4.9": {
							"post": [-41.15319, 5.53992, 74.88983],
							"lerp_mode": "catmullrom"
						},
						"5.0667": {
							"post": [-41.38793, 7.81647, 75.21797],
							"lerp_mode": "catmullrom"
						},
						"5.4667": {
							"post": [-41.59894, 7.09056, 75.53113],
							"lerp_mode": "catmullrom"
						},
						"5.7833": [-41.80456, 7.06945, 75.88676],
						"6.15": [-42.11945, 6.21748, 75.30858],
						"6.2167": [-38.26232, -2.97207, 62.61152],
						"6.4167": {
							"pre": [-13.14, 0.83, 33.75],
							"post": [-13.14, 0.83, 33.75],
							"lerp_mode": "catmullrom"
						},
						"6.4667": [-7.42, -2.84, 26.12],
						"6.5": [-3.06, -3.62, 18.13],
						"6.55": [-0.62, -2.05, 11.52],
						"6.5833": [0.81, -0.65, 6.5],
						"6.6333": [1.18, -0.29, 3.45],
						"6.6667": [0.55, -0.11, 2],
						"6.7167": [0, 0, 1.25],
						"6.75": [-0.05, 0.04, 2.33],
						"6.8": [-0.03, 0.02, 1.51],
						"6.8333": [0, 0, 0.5],
						"6.8833": [0, 0, 0.22],
						"6.9167": [0, 0, 0.08],
						"6.9667": [0, 0, 0],
						"7.0": [0, 0, -0.03],
						"7.05": [0, 0, -0.03]
					},
					"position": {
						"0.0": {
							"post": [0, 0, 0],
							"lerp_mode": "catmullrom"
						},
						"0.1667": {
							"post": [-0.57, -0.94, -0.22],
							"lerp_mode": "catmullrom"
						},
						"0.3667": {
							"post": [0.225, 1.425, -2.875],
							"lerp_mode": "catmullrom"
						},
						"0.7333": {
							"post": [1.2, 1.61, -2.77],
							"lerp_mode": "catmullrom"
						},
						"0.7667": {
							"post": [1.19, 1.61, -2.77],
							"lerp_mode": "catmullrom"
						},
						"0.8": {
							"post": [1.19, 1.62, -2.76],
							"lerp_mode": "catmullrom"
						},
						"0.8333": {
							"post": [1.18, 1.63, -2.76],
							"lerp_mode": "catmullrom"
						},
						"0.8667": {
							"post": [1.17, 1.64, -2.76],
							"lerp_mode": "catmullrom"
						},
						"0.9": {
							"post": [1.17, 1.64, -2.76],
							"lerp_mode": "catmullrom"
						},
						"1.7": {
							"post": [1.18, 1.64, -2.76],
							"lerp_mode": "catmullrom"
						},
						"2.7667": [1.2, 1.63, -2.77],
						"2.8": [1.24, 1.58, -2.77],
						"2.8333": [1.27, 1.51, -2.77],
						"2.8667": [1.31, 1.44, -2.78],
						"2.9": [1.37, 1.37, -2.78],
						"2.9333": [1.43, 1.31, -2.78],
						"2.9667": [1.51, 1.27, -2.78],
						"3.0": [1.61, 1.25, -2.77],
						"3.0333": [1.72, 1.26, -2.77],
						"3.3667": {
							"pre": [-0.145, 2.16, -4.77],
							"post": [-0.145, 2.16, -4.77],
							"lerp_mode": "catmullrom"
						},
						"3.6": {
							"post": [-0.065, 2.16, -4.77],
							"lerp_mode": "catmullrom"
						},
						"3.7333": {
							"post": [-0.07, 2.21, -4.67],
							"lerp_mode": "catmullrom"
						},
						"3.9333": {
							"post": [-0.07, 2.285, -4.67],
							"lerp_mode": "catmullrom"
						},
						"4.3167": {
							"post": [-0.07, 2.315, -4.67],
							"lerp_mode": "catmullrom"
						},
						"4.7": {
							"post": [-0.07, 2.32, -4.67],
							"lerp_mode": "catmullrom"
						},
						"4.9": {
							"post": [-0.07, 2.47, -4.37],
							"lerp_mode": "catmullrom"
						},
						"5.0667": {
							"post": [-0.07, 2.545, -4.32],
							"lerp_mode": "catmullrom"
						},
						"5.4667": {
							"post": [-0.07, 2.575, -4.445],
							"lerp_mode": "catmullrom"
						},
						"5.7833": [-0.07, 2.555, -4.4],
						"6.15": [-0.095, 2.5, -4.4],
						"6.2167": [0.02, 1.22, -4.29],
						"6.55": [0, 0, 0]
					}
				},
				"handle": {
					"rotation": {
						"0.1333": {
							"pre": [0, 0, 0],
							"post": [0, 0, 0],
							"lerp_mode": "catmullrom"
						},
						"0.3": {
							"post": [0, 0, 10],
							"lerp_mode": "catmullrom"
						},
						"0.5": {
							"post": [0, 0, -20],
							"lerp_mode": "catmullrom"
						},
						"0.7": {
							"post": [0, 0, 0],
							"lerp_mode": "catmullrom"
						},
						"3.1833": {
							"post": [0, 0, 0],
							"lerp_mode": "catmullrom"
						},
						"3.35": {
							"post": [0, 0, -20],
							"lerp_mode": "catmullrom"
						},
						"3.45": {
							"post": [0, 0, 20],
							"lerp_mode": "catmullrom"
						},
						"3.5667": {
							"post": [0, 0, 0],
							"lerp_mode": "catmullrom"
						},
						"6.15": {
							"post": [0, 0, 0],
							"lerp_mode": "catmullrom"
						},
						"6.4": {
							"post": [0, 0, 25],
							"lerp_mode": "catmullrom"
						},
						"6.6167": {
							"post": [0, 0, -25],
							"lerp_mode": "catmullrom"
						},
						"6.8": {
							"post": [0, 0, 0],
							"lerp_mode": "catmullrom"
						},
						"6.8667": {
							"post": [0, 0, 0],
							"lerp_mode": "catmullrom"
						}
					}
				},
				"camera": {
					"rotation": {
						"0.0": {
							"post": [0, 0, 0],
							"lerp_mode": "catmullrom"
						},
						"0.0667": {
							"post": [0.25, 0.075, -0.15],
							"lerp_mode": "catmullrom"
						},
						"0.3333": {
							"post": [-0.275, -0.17, 0.025],
							"lerp_mode": "catmullrom"
						},
						"2.8": {
							"post": [10.03, 8.71, 0.175],
							"lerp_mode": "catmullrom"
						},
						"3.7": {
							"post": [12.21, 3.585, -0.195],
							"lerp_mode": "catmullrom"
						},
						"4.4333": {
							"post": [8.515, 1.21, -0.045],
							"lerp_mode": "catmullrom"
						},
						"5.0333": {
							"post": [8.99, 1.21, -0.945],
							"lerp_mode": "catmullrom"
						},
						"5.7333": {
							"post": [1.49, -1.29, -0.045],
							"lerp_mode": "catmullrom"
						},
						"6.5167": {
							"post": [-0.315, -0.05, 0.3],
							"lerp_mode": "catmullrom"
						},
						"6.6167": {
							"post": [-0.19, -0.05, 0.4],
							"lerp_mode": "catmullrom"
						},
						"6.6833": {
							"post": [0.135, 0.225, 0.225],
							"lerp_mode": "catmullrom"
						},
						"6.8167": {
							"post": [0.01, -0.175, 0.085],
							"lerp_mode": "catmullrom"
						},
						"6.9833": {
							"post": [0, 0, 0],
							"lerp_mode": "catmullrom"
						}
					}
				}
			}
		},
		"inspect": {
			"loop": "hold_on_last_frame",
			"animation_length": 7.05,
			"bones": {
				"lefthand": {
					"rotation": {
						"0.0": [90.05248, -37.25063, -135.49653],
						"0.1667": [90.05, -37.25, -135.5],
						"3.0333": [90.05, -37.25, -135.5],
						"3.3333": [60.05, -49.75, -168],
						"6.15": [60.05, -49.75, -168],
						"6.5833": [90.05, -37.25, -135.5]
					},
					"position": {
						"0.0": [8.4187, -16.12, -11.44187],
						"0.1667": [8.42, -16.12, -11.44],
						"0.5": [8.42, -16.12, -8.94],
						"3.0333": [8.42, -16.12, -8.94],
						"3.3333": [9.42, -12.12, -6.44],
						"6.15": [9.42, -12.12, -6.44],
						"6.5833": [8.42, -16.12, -11.44]
					},
					"scale": [1, 1.5, 1]
				},
				"righthand": {
					"rotation": [99.05188, 7.5716, -167.92777],
					"position": [-7.03125, -17.01875, 4.69844],
					"scale": [1, 1.5, 1]
				},
				"root": {
					"rotation": {
						"0.0": {
							"post": [0, 0, 0],
							"lerp_mode": "catmullrom"
						},
						"0.1667": {
							"post": [-4.09882, -4.5091, 15.43498],
							"lerp_mode": "catmullrom"
						},
						"0.5": {
							"post": [-5.41629, -41.63247, -14.00811],
							"lerp_mode": "catmullrom"
						},
						"0.7333": {
							"post": [-6.46, -41.85, -10.81],
							"lerp_mode": "catmullrom"
						},
						"0.7667": {
							"post": [-6.39, -41.9, -10.99],
							"lerp_mode": "catmullrom"
						},
						"0.8": {
							"post": [-6.3, -41.97, -11.19],
							"lerp_mode": "catmullrom"
						},
						"0.8333": {
							"post": [-6.21, -42.04, -11.42],
							"lerp_mode": "catmullrom"
						},
						"0.8667": {
							"post": [-6.12, -42.12, -11.66],
							"lerp_mode": "catmullrom"
						},
						"0.9": {
							"post": [-6.03, -42.19, -11.89],
							"lerp_mode": "catmullrom"
						},
						"1.7": {
							"post": [-5.06, -41.97, -11.78],
							"lerp_mode": "catmullrom"
						},
						"2.7667": [-6.13, -41.61, -11.53],
						"2.8": [-6.23, -41.26, -11.19],
						"2.8333": [-6.31, -40.87, -10.86],
						"2.8667": [-6.47, -40.4, -10.34],
						"2.9": [-6.76, -39.81, -9.46],
						"2.9333": [-7.27, -39.07, -8.04],
						"2.9667": [-8.07, -38.14, -5.89],
						"3.0": [-9.24, -36.99, -2.84],
						"3.0333": [-10.84, -35.57, 1.3],
						"3.3333": [-33.39, 6.04, 68.95],
						"3.3667": [-35.46447, 9.98175, 72.48389],
						"3.4333": [-37.03832, 4.45511, 72.32435],
						"3.6": {
							"pre": [-39.11597, 4.50829, 74.48083],
							"post": [-39.11597, 4.50829, 74.48083],
							"lerp_mode": "catmullrom"
						},
						"3.7333": {
							"post": [-39.19802, 3.56109, 73.31483],
							"lerp_mode": "catmullrom"
						},
						"3.9333": {
							"post": [-39.12119, 3.25823, 74.52516],
							"lerp_mode": "catmullrom"
						},
						"4.1": {
							"post": [-39.12185, 3.23874, 74.18842],
							"lerp_mode": "catmullrom"
						},
						"4.3167": {
							"post": [-39.18533, 2.15323, 73.16661],
							"lerp_mode": "catmullrom"
						},
						"4.5": {
							"post": [-39.90167, 1.88756, 74.02848],
							"lerp_mode": "catmullrom"
						},
						"4.7": {
							"post": [-39.9, 1.89, 74.03],
							"lerp_mode": "catmullrom"
						},
						"4.7667": {
							"post": [-40.28893, 2.40247, 73.69991],
							"lerp_mode": "catmullrom"
						},
						"4.9": {
							"post": [-41.15319, 5.53992, 74.88983],
							"lerp_mode": "catmullrom"
						},
						"5.0667": {
							"post": [-41.38793, 7.81647, 75.21797],
							"lerp_mode": "catmullrom"
						},
						"5.4667": {
							"post": [-41.59894, 7.09056, 75.53113],
							"lerp_mode": "catmullrom"
						},
						"5.7833": [-41.80456, 7.06945, 75.88676],
						"6.15": [-42.11945, 6.21748, 75.30858],
						"6.2167": [-38.26232, -2.97207, 62.61152],
						"6.4167": {
							"pre": [-13.14, 0.83, 33.75],
							"post": [-13.14, 0.83, 33.75],
							"lerp_mode": "catmullrom"
						},
						"6.4667": [-7.42, -2.84, 26.12],
						"6.5": [-3.06, -3.62, 18.13],
						"6.55": [-0.62, -2.05, 11.52],
						"6.5833": [0.81, -0.65, 6.5],
						"6.6333": [1.18, -0.29, 3.45],
						"6.6667": [0.55, -0.11, 2],
						"6.7167": [0, 0, 1.25],
						"6.75": [-0.05, 0.04, 2.33],
						"6.8": [-0.03, 0.02, 1.51],
						"6.8333": [0, 0, 0.5],
						"6.8833": [0, 0, 0.22],
						"6.9167": [0, 0, 0.08],
						"6.9667": [0, 0, 0],
						"7.0": [0, 0, -0.03],
						"7.05": [0, 0, -0.03]
					},
					"position": {
						"0.0": {
							"post": [0, 0, 0],
							"lerp_mode": "catmullrom"
						},
						"0.1667": {
							"post": [-0.57, -0.94, -0.22],
							"lerp_mode": "catmullrom"
						},
						"0.3667": {
							"post": [0.225, 1.425, -2.875],
							"lerp_mode": "catmullrom"
						},
						"0.7333": {
							"post": [1.2, 1.61, -2.77],
							"lerp_mode": "catmullrom"
						},
						"0.7667": {
							"post": [1.19, 1.61, -2.77],
							"lerp_mode": "catmullrom"
						},
						"0.8": {
							"post": [1.19, 1.62, -2.76],
							"lerp_mode": "catmullrom"
						},
						"0.8333": {
							"post": [1.18, 1.63, -2.76],
							"lerp_mode": "catmullrom"
						},
						"0.8667": {
							"post": [1.17, 1.64, -2.76],
							"lerp_mode": "catmullrom"
						},
						"0.9": {
							"post": [1.17, 1.64, -2.76],
							"lerp_mode": "catmullrom"
						},
						"1.7": {
							"post": [1.18, 1.64, -2.76],
							"lerp_mode": "catmullrom"
						},
						"2.7667": [1.2, 1.63, -2.77],
						"2.8": [1.24, 1.58, -2.77],
						"2.8333": [1.27, 1.51, -2.77],
						"2.8667": [1.31, 1.44, -2.78],
						"2.9": [1.37, 1.37, -2.78],
						"2.9333": [1.43, 1.31, -2.78],
						"2.9667": [1.51, 1.27, -2.78],
						"3.0": [1.61, 1.25, -2.77],
						"3.0333": [1.72, 1.26, -2.77],
						"3.3667": {
							"pre": [-0.145, 2.16, -4.77],
							"post": [-0.145, 2.16, -4.77],
							"lerp_mode": "catmullrom"
						},
						"3.6": {
							"post": [-0.065, 2.16, -4.77],
							"lerp_mode": "catmullrom"
						},
						"3.7333": {
							"post": [-0.07, 2.21, -4.67],
							"lerp_mode": "catmullrom"
						},
						"3.9333": {
							"post": [-0.07, 2.285, -4.67],
							"lerp_mode": "catmullrom"
						},
						"4.3167": {
							"post": [-0.07, 2.315, -4.67],
							"lerp_mode": "catmullrom"
						},
						"4.7": {
							"post": [-0.07, 2.32, -4.67],
							"lerp_mode": "catmullrom"
						},
						"4.9": {
							"post": [-0.07, 2.47, -4.37],
							"lerp_mode": "catmullrom"
						},
						"5.0667": {
							"post": [-0.07, 2.545, -4.32],
							"lerp_mode": "catmullrom"
						},
						"5.4667": {
							"post": [-0.07, 2.575, -4.445],
							"lerp_mode": "catmullrom"
						},
						"5.7833": [-0.07, 2.555, -4.4],
						"6.15": [-0.095, 2.5, -4.4],
						"6.2167": [0.02, 1.22, -4.29],
						"6.55": [0, 0, 0]
					}
				},
				"handle": {
					"rotation": {
						"0.1333": {
							"pre": [0, 0, 0],
							"post": [0, 0, 0],
							"lerp_mode": "catmullrom"
						},
						"0.3": {
							"post": [0, 0, 10],
							"lerp_mode": "catmullrom"
						},
						"0.5": {
							"post": [0, 0, -20],
							"lerp_mode": "catmullrom"
						},
						"0.7": {
							"post": [0, 0, 0],
							"lerp_mode": "catmullrom"
						},
						"3.1833": {
							"post": [0, 0, 0],
							"lerp_mode": "catmullrom"
						},
						"3.35": {
							"post": [0, 0, -20],
							"lerp_mode": "catmullrom"
						},
						"3.45": {
							"post": [0, 0, 20],
							"lerp_mode": "catmullrom"
						},
						"3.5667": {
							"post": [0, 0, 0],
							"lerp_mode": "catmullrom"
						},
						"6.15": {
							"post": [0, 0, 0],
							"lerp_mode": "catmullrom"
						},
						"6.4": {
							"post": [0, 0, 25],
							"lerp_mode": "catmullrom"
						},
						"6.6167": {
							"post": [0, 0, -25],
							"lerp_mode": "catmullrom"
						},
						"6.8": {
							"post": [0, 0, 0],
							"lerp_mode": "catmullrom"
						},
						"6.8667": {
							"post": [0, 0, 0],
							"lerp_mode": "catmullrom"
						}
					}
				},
				"camera": {
					"rotation": {
						"0.0": {
							"post": [0, 0, 0],
							"lerp_mode": "catmullrom"
						},
						"0.0667": {
							"post": [0.25, 0.075, -0.15],
							"lerp_mode": "catmullrom"
						},
						"0.3333": {
							"post": [-0.275, -0.17, 0.025],
							"lerp_mode": "catmullrom"
						},
						"2.8": {
							"post": [10.03, 8.71, 0.175],
							"lerp_mode": "catmullrom"
						},
						"3.7": {
							"post": [12.21, 3.585, -0.195],
							"lerp_mode": "catmullrom"
						},
						"4.4333": {
							"post": [8.515, 1.21, -0.045],
							"lerp_mode": "catmullrom"
						},
						"5.0333": {
							"post": [8.99, 1.21, -0.945],
							"lerp_mode": "catmullrom"
						},
						"5.7333": {
							"post": [1.49, -1.29, -0.045],
							"lerp_mode": "catmullrom"
						},
						"6.5167": {
							"post": [-0.315, -0.05, 0.3],
							"lerp_mode": "catmullrom"
						},
						"6.6167": {
							"post": [-0.19, -0.05, 0.4],
							"lerp_mode": "catmullrom"
						},
						"6.6833": {
							"post": [0.135, 0.225, 0.225],
							"lerp_mode": "catmullrom"
						},
						"6.8167": {
							"post": [0.01, -0.175, 0.085],
							"lerp_mode": "catmullrom"
						},
						"6.9833": {
							"post": [0, 0, 0],
							"lerp_mode": "catmullrom"
						}
					}
				}
			}
		},
		"run_start": {
			"animation_length": 0.1667,
			"bones": {
				"root": {
					"rotation": {
						"0.0": {
							"post": [0, 0, 0],
							"lerp_mode": "catmullrom"
						},
						"0.1667": {
							"post": [5.48, -31.62, 7.6],
							"lerp_mode": "catmullrom"
						}
					},
					"position": {
						"0.0": {
							"post": [0, 0, 0],
							"lerp_mode": "catmullrom"
						},
						"0.1667": {
							"post": [0.99, -1.91, 0],
							"lerp_mode": "catmullrom"
						}
					}
				}
			}
		},
		"run_hold": {
			"loop": true,
			"animation_length": 0.5833,
			"bones": {
				"root": {
					"rotation": {
						"0.0": {
							"post": [6.46, -37.29, 8.96],
							"lerp_mode": "catmullrom"
						}
					},
					"position": {
						"0.0": {
							"post": [1.17, -3.25, 0],
							"lerp_mode": "catmullrom"
						}
					}
				}
			}
		},
		"run": {
			"loop": true,
			"animation_length": 0.7917,
			"bones": {
				"root": {
					"rotation": {
						"0.0": {
							"post": [2.5, -40, 15],
							"lerp_mode": "catmullrom"
						},
						"0.125": {
							"post": [6.46, -37.29, 8.96],
							"lerp_mode": "catmullrom"
						},
						"0.25": {
							"post": [0, -20, 12.5],
							"lerp_mode": "catmullrom"
						},
						"0.375": {
							"post": [3.5, -18.5, 4.5],
							"lerp_mode": "catmullrom"
						},
						"0.5": {
							"post": [1.46, -22.29, 13.96],
							"lerp_mode": "catmullrom"
						},
						"0.6667": {
							"post": [1.5, -41, 15],
							"lerp_mode": "catmullrom"
						},
						"0.7917": {
							"post": [2.5, -40, 15],
							"lerp_mode": "catmullrom"
						}
					},
					"position": {
						"0.0": {
							"post": [3, -1.25, 0],
							"lerp_mode": "catmullrom"
						},
						"0.125": {
							"post": [1.17, -2.25, 0],
							"lerp_mode": "catmullrom"
						},
						"0.25": {
							"post": [1, -1.25, 0],
							"lerp_mode": "catmullrom"
						},
						"0.375": {
							"post": [2, -1.25, 0],
							"lerp_mode": "catmullrom"
						},
						"0.5": {
							"post": [1.7, -2.25, 0],
							"lerp_mode": "catmullrom"
						},
						"0.6667": {
							"post": [3, -1, 0],
							"lerp_mode": "catmullrom"
						},
						"0.7917": {
							"post": [3, -1.25, 0],
							"lerp_mode": "catmullrom"
						}
					}
				},
				"handle": {
					"rotation": {
						"0.0": {
							"post": [0, 0, 0],
							"lerp_mode": "catmullrom"
						},
						"0.125": {
							"post": [0, 0, 15],
							"lerp_mode": "catmullrom"
						},
						"0.2917": {
							"post": [0, 0, 7.5],
							"lerp_mode": "catmullrom"
						},
						"0.4167": {
							"post": [0, 0, -17.5],
							"lerp_mode": "catmullrom"
						},
						"0.5833": {
							"post": [0, 0, 15],
							"lerp_mode": "catmullrom"
						},
						"0.7917": {
							"post": [0, 0, 0],
							"lerp_mode": "catmullrom"
						}
					}
				}
			}
		},
		"run_end": {
			"animation_length": 0.625,
			"bones": {
				"root": {
					"rotation": {
						"0.0": {
							"post": [6.46, -37.29, 8.96],
							"lerp_mode": "catmullrom"
						},
						"0.0833": {
							"post": [8.14, -33.67, 9.81],
							"lerp_mode": "catmullrom"
						},
						"0.25": {
							"post": [-1, -2, -1],
							"lerp_mode": "catmullrom"
						},
						"0.4583": {
							"post": [1, -2.5, 5],
							"lerp_mode": "catmullrom"
						},
						"0.5417": {
							"post": [0, -2.5, 2.5],
							"lerp_mode": "catmullrom"
						},
						"0.625": {
							"post": [0, 0, 0],
							"lerp_mode": "catmullrom"
						}
					},
					"position": {
						"0.0": {
							"post": [1.17, -2.25, 0],
							"lerp_mode": "catmullrom"
						},
						"0.0833": {
							"post": [1, -2.62, 0],
							"lerp_mode": "catmullrom"
						},
						"0.25": {
							"post": [-0.25, -1.25, 0],
							"lerp_mode": "catmullrom"
						},
						"0.3333": {
							"post": [-0.75, -0.75, 0],
							"lerp_mode": "catmullrom"
						},
						"0.4583": {
							"post": [-0.75, -0.5, -0.5],
							"lerp_mode": "catmullrom"
						},
						"0.625": {
							"post": [0, 0, 0],
							"lerp_mode": "catmullrom"
						}
					}
				},
				"handle": {
					"rotation": {
						"0.0": {
							"post": [0, 0, 0],
							"lerp_mode": "catmullrom"
						},
						"0.25": {
							"post": [0, 0, 27.5],
							"lerp_mode": "catmullrom"
						},
						"0.4167": {
							"post": [0, 0, -10],
							"lerp_mode": "catmullrom"
						},
						"0.5417": {
							"post": [0, 0, 0],
							"lerp_mode": "catmullrom"
						}
					}
				}
			}
		},
		"put_away": {
			"animation_length": 0.4167,
			"bones": {
				"root": {
					"rotation": {
						"0.0": {
							"post": [0, 0, 0],
							"lerp_mode": "catmullrom"
						},
						"0.125": {
							"post": [-1.5, -7, 10],
							"lerp_mode": "catmullrom"
						},
						"0.2083": {
							"post": [3.57, 11.59, 13.58],
							"lerp_mode": "catmullrom"
						},
						"0.375": {
							"post": [41.5, 9, 17],
							"lerp_mode": "catmullrom"
						}
					},
					"position": {
						"0.0": {
							"post": [0, 0, 0],
							"lerp_mode": "catmullrom"
						},
						"0.125": {
							"post": [-1, -1, 0],
							"lerp_mode": "catmullrom"
						},
						"0.375": {
							"post": [-9, -10, 0],
							"lerp_mode": "catmullrom"
						}
					}
				},
				"lefthand": {
					"rotation": [90.05248, -37.25063, -135.49653],
					"position": [8.4187, -16.12, -11.44187],
					"scale": [1, 1.5, 1]
				},
				"righthand": {
					"rotation": [99.05188, 7.5716, -167.92777],
					"position": [-7.03125, -17.01875, 4.69844],
					"scale": [1, 1.5, 1]
				},
				"camera": {
					"rotation": {
						"0.0": [0, 0, 0],
						"0.0417": [0.05, 0, -0.04],
						"0.0833": [0.22, 0, -0.13],
						"0.125": [0.3, 0, -0.12],
						"0.1667": [0.43, 0, 0],
						"0.2083": [0.56, 0, 0.18],
						"0.25": [0.64, 0, 0.29],
						"0.2917": [0.59, 0, 0.22],
						"0.3333": [0.5, 0, 0.15],
						"0.4167": [0, 0, 0]
					}
				},
				"handle": {
					"rotation": {
						"0.0417": {
							"pre": [0, 0, 0],
							"post": [0, 0, 0],
							"lerp_mode": "catmullrom"
						},
						"0.125": {
							"post": [0, 0, 20],
							"lerp_mode": "catmullrom"
						}
					}
				}
			}
		},
		"shoot": {
			"animation_length": 0.75,
			"bones": {
				"root": {
					"rotation": {
						"0.0": {
							"post": [0, 0, 0],
							"lerp_mode": "catmullrom"
						},
						"0.0167": {
							"post": [2.16077, 4.2903, 2.29524],
							"lerp_mode": "catmullrom"
						},
						"0.0333": {
							"post": [-1.35744, 5.48823, 7.73963],
							"lerp_mode": "catmullrom"
						},
						"0.05": {
							"post": [-3.751, 4.8655, -1.44036],
							"lerp_mode": "catmullrom"
						},
						"0.0667": {
							"post": [-4.95597, 4.73357, -4.55445],
							"lerp_mode": "catmullrom"
						},
						"0.0833": {
							"post": [-5.1225, 4.66, -3.99],
							"lerp_mode": "catmullrom"
						},
						"0.1": {
							"post": [-5.16688, 4.10196, 2.33202],
							"lerp_mode": "catmullrom"
						},
						"0.3": {
							"post": [-2.68502, -0.04686, 0.64501],
							"lerp_mode": "catmullrom"
						},
						"0.35": {
							"post": [-0.775, 0.1, -0.925],
							"lerp_mode": "catmullrom"
						},
						"0.4333": {
							"post": [0.43044, 0.05061, 0.11],
							"lerp_mode": "catmullrom"
						},
						"0.5": {
							"post": [0.5, 0, 0],
							"lerp_mode": "catmullrom"
						},
						"0.5833": [-0.23, -0.18, 0.25],
						"0.6333": [0.03, -0.24, -0.07],
						"0.6667": [0.11, -0.17, -0.16],
						"0.7": [0.05, -0.07, -0.07],
						"0.75": [0, 0, 0]
					},
					"position": {
						"0.0": {
							"post": [0, 0, 0],
							"lerp_mode": "catmullrom"
						},
						"0.0167": {
							"post": [-0.1, -0.45, 2.95],
							"lerp_mode": "catmullrom"
						},
						"0.0333": [0.1, -1.375, 3.2375],
						"0.05": [0.12, -1.45, 3.2275],
						"0.0833": [0.09, -1.02, 3.205],
						"0.1333": [0.05, -0.59, 2.98],
						"0.1833": {
							"pre": [0, -0.05, 2.49],
							"post": [0, -0.05, 2.49],
							"lerp_mode": "catmullrom"
						},
						"0.2833": {
							"post": [0, -0.1, 0.675],
							"lerp_mode": "catmullrom"
						},
						"0.35": {
							"post": [0, -0.025, 0.05],
							"lerp_mode": "catmullrom"
						},
						"0.5": {
							"post": [0, 0.1, 0.1],
							"lerp_mode": "catmullrom"
						},
						"0.5833": [0, 0.01, 0.02],
						"0.6333": [0, 0.01, 0.03],
						"0.6667": [0, 0, -0.01],
						"0.7": [0, 0, -0.01],
						"0.75": [0, 0, 0]
					}
				},
				"handle": {
					"rotation": {
						"0.0": {
							"post": [0, 0, 0],
							"lerp_mode": "catmullrom"
						},
						"0.0333": {
							"post": [0, 0, 30],
							"lerp_mode": "catmullrom"
						},
						"0.1": {
							"post": [0, 0, -25],
							"lerp_mode": "catmullrom"
						},
						"0.2": {
							"post": [0, 0, 20],
							"lerp_mode": "catmullrom"
						},
						"0.3167": {
							"post": [0, 0, -7.5],
							"lerp_mode": "catmullrom"
						},
						"0.4": {
							"post": [0, 0, 0],
							"lerp_mode": "catmullrom"
						},
						"0.45": {
							"post": [0, 0, 0],
							"lerp_mode": "catmullrom"
						}
					}
				},
				"constraint": {
					"rotation": {
						"0.2167": [0.5, 0.5, 0.5],
						"0.3333": [0, 0, 0]
					},
					"position": {
						"0.2167": [0.5, 0.5, 0.5],
						"0.3333": [0, 0, 0]
					}
				},
				"camera": {
					"rotation": {
						"0.0": {
							"post": [0, 0, 0],
							"lerp_mode": "catmullrom"
						},
						"0.0167": {
							"post": [-0.39, 0, -2.25],
							"lerp_mode": "catmullrom"
						},
						"0.05": {
							"post": [-0.625, 0, 1.75],
							"lerp_mode": "catmullrom"
						},
						"0.0833": {
							"post": [0.26, 0, -0.88],
							"lerp_mode": "catmullrom"
						},
						"0.1333": {
							"post": [0.575, 0, 0.95],
							"lerp_mode": "catmullrom"
						},
						"0.2": {
							"post": [-0.125, 0, -0.4],
							"lerp_mode": "catmullrom"
						},
						"0.3167": {
							"post": [0.05, 0, 0.125],
							"lerp_mode": "catmullrom"
						},
						"0.4167": {
							"post": [0, 0, 0],
							"lerp_mode": "catmullrom"
						}
					}
				}
			}
		},
		"melee_stock": {
			"animation_length": 1.125,
			"bones": {
				"root": {
					"rotation": {
						"0.0": {
							"post": [0, 0, 0],
							"lerp_mode": "catmullrom"
						},
						"0.0833": {
							"post": [-10, -7.5, 27.5],
							"lerp_mode": "catmullrom"
						},
						"0.125": {
							"post": [-102.92, 6.32, 96.3],
							"lerp_mode": "catmullrom"
						},
						"0.1667": {
							"post": [-102.92, 6.32, 96.3],
							"lerp_mode": "catmullrom"
						},
						"0.2083": {
							"post": [-105.17, 6.32, 96.3],
							"lerp_mode": "catmullrom"
						},
						"0.625": {
							"post": [-105.17, 6.32, 96.3],
							"lerp_mode": "catmullrom"
						},
						"0.75": {
							"post": [-71.01, -11.66, 61.31],
							"lerp_mode": "catmullrom"
						},
						"0.9583": {
							"post": [2.5, -2.5, 17.5],
							"lerp_mode": "catmullrom"
						},
						"1.0417": {
							"post": [5, -2.5, 2.5],
							"lerp_mode": "catmullrom"
						},
						"1.125": {
							"post": [0, 0, 0],
							"lerp_mode": "catmullrom"
						}
					},
					"position": {
						"0.0": {
							"post": [0, 0, 0],
							"lerp_mode": "catmullrom"
						},
						"0.0833": {
							"post": [-8, -4, 4],
							"lerp_mode": "catmullrom"
						},
						"0.125": {
							"post": [4.2479, 9.14632, -14.72319],
							"lerp_mode": "catmullrom"
						},
						"0.1667": {
							"post": [4.2479, 9.14632, -14.72319],
							"lerp_mode": "catmullrom"
						},
						"0.2083": {
							"post": [3.66776, 8.51921, -14.48837],
							"lerp_mode": "catmullrom"
						},
						"0.25": {
							"post": [4.12, 8.81, -14.96],
							"lerp_mode": "catmullrom"
						},
						"0.5833": {
							"post": [4.66776, 8.51921, -14.48837],
							"lerp_mode": "catmullrom"
						},
						"0.75": {
							"post": [0.6792, 3.08328, -9.40935],
							"lerp_mode": "catmullrom"
						},
						"0.9583": {
							"post": [-0.75, -2, -0.5],
							"lerp_mode": "catmullrom"
						},
						"1.125": {
							"post": [0, 0, 0],
							"lerp_mode": "catmullrom"
						}
					}
				},
				"lefthand": {
					"rotation": {
						"0.0": [90.05248, -37.25063, -135.49653],
						"0.125": [-2.45, -7.25, -105.5],
						"0.6667": [-2.45, -7.25, -105.5],
						"0.9167": [90.05248, -37.25063, -135.49653]
					},
					"position": {
						"0.0": [8.4187, -16.12, -11.44187],
						"0.125": [6.42, -16.12, -11.44],
						"0.6667": [6.42, -16.12, -11.44],
						"0.9167": [8.4187, -16.12, -11.44187]
					},
					"scale": [1, 1.5, 1]
				},
				"righthand": {
					"rotation": {
						"0.0": [99.05188, 7.5716, -167.92777],
						"0.0833": [29.92783, -5.90429, -178.13359],
						"0.6667": [29.92783, -5.90429, -178.13359],
						"0.75": [69.40223, 9.70429, -174.52807],
						"0.9167": [99.05188, 7.5716, -167.92777]
					},
					"position": {
						"0.0": [-7.03125, -17.01875, 4.69844],
						"0.0833": [-6.43, -11.62, 6.47],
						"0.6667": [-6.43, -11.62, 6.47],
						"0.75": [-8.43, -11.18, 6.98],
						"0.9167": [-7.03125, -17.01875, 4.69844]
					},
					"scale": [1, 1.5, 1]
				},
				"camera": {
					"rotation": {
						"0.0": {
							"post": [0, 0, 0],
							"lerp_mode": "catmullrom"
						},
						"0.125": {
							"post": [1, 2, 2.5],
							"lerp_mode": "catmullrom"
						},
						"0.1667": {
							"post": [-1.5, -1.1, -2.5],
							"lerp_mode": "catmullrom"
						},
						"0.2917": {
							"post": [1, 0.5, 1],
							"lerp_mode": "catmullrom"
						},
						"0.625": {
							"post": [0, 0, 0],
							"lerp_mode": "catmullrom"
						},
						"0.75": {
							"post": [1, 1.5, 0],
							"lerp_mode": "catmullrom"
						},
						"0.9167": {
							"post": [0, 0, 0],
							"lerp_mode": "catmullrom"
						},
						"1.0833": {
							"post": [0, 0, 0],
							"lerp_mode": "catmullrom"
						}
					}
				},
				"handle": {
					"rotation": {
						"0.0": {
							"post": [0, 0, 0],
							"lerp_mode": "catmullrom"
						},
						"0.0833": {
							"post": [0, 0, 8.5],
							"lerp_mode": "catmullrom"
						},
						"0.125": {
							"post": [0, 0, -59],
							"lerp_mode": "catmullrom"
						},
						"0.2083": {
							"post": [0, 0, 38.5],
							"lerp_mode": "catmullrom"
						},
						"0.2917": {
							"post": [0, 0, -19],
							"lerp_mode": "catmullrom"
						},
						"0.375": {
							"post": [0, 0, 8.5],
							"lerp_mode": "catmullrom"
						},
						"0.4583": {
							"post": [0, 0, 0],
							"lerp_mode": "catmullrom"
						},
						"0.75": {
							"post": [0, 0, 25],
							"lerp_mode": "catmullrom"
						},
						"0.9583": {
							"post": [0, 0, 25],
							"lerp_mode": "catmullrom"
						},
						"1.0": {
							"post": [0, 0, -17.5],
							"lerp_mode": "catmullrom"
						},
						"1.0417": {
							"post": [0, 0, 22.5],
							"lerp_mode": "catmullrom"
						},
						"1.125": {
							"post": [0, 0, 0],
							"lerp_mode": "catmullrom"
						}
					}
				}
			}
		},
		"draw": {
			"loop": "hold_on_last_frame",
			"animation_length": 0.5833,
			"bones": {
				"root": {
					"rotation": {
						"0.0833": [23.94, -15.56, 9.09],
						"0.125": [19.95, -13.2, 6.86],
						"0.1667": [14.05, -9.72, 3.54],
						"0.2083": [7.55, -5.86, -0.08],
						"0.25": [1.77, -2.38, -3.19],
						"0.2917": [-2, 0, -5],
						"0.3333": [-3.25, 1.14, -4.92],
						"0.375": [-2.19, 1.08, -3.24],
						"0.4167": [-0.36, 0.52, -1.13],
						"0.4583": [0.76, 0.18, 0.25],
						"0.5": [0.74, 0.14, 0.56],
						"0.5417": [0.33, 0.06, 0.27],
						"0.5833": [0, 0, 0]
					},
					"position": {
						"0.0": [0, -5, 8],
						"0.0833": [0, -4.22, 6.7],
						"0.125": [0, -3.06, 4.79],
						"0.1667": [0, -1.79, 2.68],
						"0.2083": [0, -0.64, 0.78],
						"0.25": [0, 0.12, -0.46],
						"0.2917": [0, 0.41, -0.94],
						"0.3333": [0, 0.28, -0.69],
						"0.375": [0, 0, -0.18],
						"0.4167": [0, -0.17, 0.13],
						"0.4583": [0, -0.14, 0.14],
						"0.5": [0, -0.06, 0.06],
						"0.5417": [0, 0, 0]
					}
				},
				"lefthand": {
					"rotation": [90.05248, -37.25063, -135.49653],
					"position": [8.4187, -16.12, -11.44187],
					"scale": [1, 1.5, 1]
				},
				"handle": {
					"rotation": {
						"0.1667": {
							"pre": [0, 0, -25],
							"post": [0, 0, -25],
							"lerp_mode": "catmullrom"
						},
						"0.2917": {
							"post": [0, 0, 15],
							"lerp_mode": "catmullrom"
						},
						"0.4583": {
							"post": [0, 0, -12.5],
							"lerp_mode": "catmullrom"
						},
						"0.5417": {
							"post": [0, 0, 0],
							"lerp_mode": "catmullrom"
						}
					}
				},
				"righthand": {
					"rotation": [99.05188, 7.5716, -167.92777],
					"position": [-7.03125, -17.01875, 4.69844],
					"scale": [1, 1.5, 1]
				},
				"camera": {
					"rotation": {
						"0.0": [0, 0, 0],
						"0.0833": [0.4, -0.07, -0.45],
						"0.125": [0.66, -0.12, -0.75],
						"0.1667": [0.37, -0.07, -0.45],
						"0.2083": [-0.11, 0.01, 0.05],
						"0.25": [-0.41, 0.07, 0.38],
						"0.2917": [-0.39, 0.08, 0.35],
						"0.3333": [-0.23, 0.08, 0.19],
						"0.375": [-0.05, 0.08, 0],
						"0.4167": [0.07, 0.07, -0.12],
						"0.4583": [0.09, 0.06, -0.13],
						"0.5": [0.07, 0.04, -0.09],
						"0.5417": [0.03, 0.01, -0.04],
						"0.5833": [0, 0, 0]
					}
				}
			}
		}
	}
}