{
	"format_version": "1.8.0",
	"animations": {
		"static_idle": {
			"loop": true,
			"bones": {
				"lefthand": {
					"rotation": [97.57308, -36.58254, -147.98537],
					"position": [8.05932, -13.62, -18.66062],
					"scale": [1, 1.5, 1]
				},
				"righthand": {
					"rotation": [99.05188, 15.0716, -167.92777],
					"position": [-6.88281, -13.925, -8.98125],
					"scale": [1, 1.5, 1]
				}
			}
		},
		"put_away": {
			"animation_length": 0.375,
			"bones": {
				"lefthand": {
					"rotation": [97.57308, -36.58254, -147.98537],
					"position": [8.05932, -13.62, -18.66062],
					"scale": [1, 1.5, 1]
				},
				"righthand": {
					"rotation": [99.05188, 15.0716, -167.92777],
					"position": [-6.88281, -13.925, -8.98125],
					"scale": [1, 1.5, 1]
				},
				"root": {
					"rotation": {
						"0.0": {
							"post": [0, 0, 0],
							"lerp_mode": "catmullrom"
						},
						"0.125": {
							"post": [-1.5, -7, 10],
							"lerp_mode": "catmullrom"
						},
						"0.2083": {
							"post": [3.57, 11.59, 13.58],
							"lerp_mode": "catmullrom"
						},
						"0.375": {
							"post": [41.5, 9, 17],
							"lerp_mode": "catmullrom"
						}
					},
					"position": {
						"0.0": {
							"post": [0, 0, 0],
							"lerp_mode": "catmullrom"
						},
						"0.125": {
							"post": [-1, -1, 0],
							"lerp_mode": "catmullrom"
						},
						"0.375": {
							"post": [-9, -10, 0],
							"lerp_mode": "catmullrom"
						}
					}
				},
				"camera": {
					"rotation": {
						"0.0": [0, 0, 0],
						"0.0417": [0.05, 0, -0.04],
						"0.0833": [0.22, 0, -0.13],
						"0.125": [0.3, 0, -0.12],
						"0.1667": [0.43, 0, 0],
						"0.2083": [0.56, 0, 0.18],
						"0.25": [0.64, 0, 0.29],
						"0.2917": [0.59, 0, 0.22],
						"0.375": [0, 0, 0]
					}
				}
			}
		},
		"inspect": {
			"loop": true,
			"animation_length": 8.3333,
			"bones": {
				"lefthand": {
					"rotation": {
						"0.0": [97.57308, -36.58254, -147.98537],
						"0.2083": [62.57, -54.08, -115.49],
						"0.6667": [-8.71364, -17.76513, -64.22477],
						"3.7917": {
							"pre": [-8.71364, -17.76513, -64.22477],
							"post": [-8.71364, -17.76513, -64.22477],
							"lerp_mode": "catmullrom"
						},
						"3.9167": {
							"post": [-8.71364, -17.76513, -64.22477],
							"lerp_mode": "catmullrom"
						},
						"4.125": {
							"post": [-0.14091, -73.30995, -37.81534],
							"lerp_mode": "catmullrom"
						},
						"4.25": {
							"post": [-17.64, -73.31, -37.82],
							"lerp_mode": "catmullrom"
						},
						"4.375": {
							"post": [-0.14091, -73.30995, -37.81534],
							"lerp_mode": "catmullrom"
						},
						"4.5": [-17.64, -73.31, -37.82],
						"4.7917": {
							"pre": [-17.64, -73.31, -37.82],
							"post": [-17.64, -73.31, -37.82],
							"lerp_mode": "catmullrom"
						},
						"5.125": [72.57, -54.08, -115.49],
						"5.5417": [65.71, -19.51, -186.47],
						"7.625": [65.71, -19.51, -186.47],
						"7.8333": [97.57308, -36.58254, -147.98537]
					},
					"position": {
						"0.0": [8.05932, -13.62, -18.66062],
						"0.2083": [8.06, -14.12, -18.66],
						"0.6667": [5.31, -14.62, -21.41],
						"3.7917": {
							"pre": [5.31, -14.62, -21.41],
							"post": [5.31, -14.62, -21.41],
							"lerp_mode": "catmullrom"
						},
						"3.9167": {
							"post": [6.56, -16.37, -21.41],
							"lerp_mode": "catmullrom"
						},
						"4.125": {
							"post": [10.31, -8.62, -23.91],
							"lerp_mode": "catmullrom"
						},
						"4.25": {
							"post": [8.06, -10.87, -23.91],
							"lerp_mode": "catmullrom"
						},
						"4.375": {
							"post": [10.31, -8.62, -23.91],
							"lerp_mode": "catmullrom"
						},
						"4.5": [8.06, -10.87, -23.91],
						"4.7917": {
							"pre": [8.06, -10.87, -23.91],
							"post": [8.06, -10.87, -23.91],
							"lerp_mode": "catmullrom"
						},
						"5.125": [8.06, -14.12, -18.66],
						"5.5417": [9.4187, -9.62, -12.44187],
						"7.625": [9.4187, -9.62, -12.44187],
						"7.8333": [8.05932, -13.62, -18.66062]
					},
					"scale": [1, 1.5, 1]
				},
				"righthand": {
					"rotation": {
						"0.0": [99.05188, 15.0716, -167.92777],
						"0.2083": [95.93367, 6.98564, -202.22871],
						"0.5833": [154.94022, -11.36106, -262.20464],
						"4.7917": [154.94022, -11.36106, -262.20464],
						"5.125": [95.93367, 6.98564, -202.22871],
						"5.375": [99.05188, 15.0716, -167.92777]
					},
					"position": {
						"0.0": [-6.88281, -13.925, -8.98125],
						"0.2083": [-9.38, -15.92, -6.23],
						"0.5833": [-5.88, -15.67, -6.73],
						"4.7917": [-5.88, -15.67, -6.73],
						"5.125": [-9.38, -15.92, -6.23],
						"5.375": [-6.88281, -13.925, -8.98125]
					},
					"scale": [1, 1.5, 1]
				},
				"root": {
					"rotation": {
						"0.0": {
							"post": [0, 0, 0],
							"lerp_mode": "catmullrom"
						},
						"0.2083": {
							"post": [5, -20, 12.5],
							"lerp_mode": "catmullrom"
						},
						"0.6667": {
							"post": [5, -80, -7.5],
							"lerp_mode": "catmullrom"
						},
						"1.7083": {
							"post": [7.5, -82.5, -5],
							"lerp_mode": "catmullrom"
						},
						"2.25": {
							"post": [7.5, -82.5, -5],
							"lerp_mode": "catmullrom"
						},
						"3.4583": {
							"post": [2.5, -80, -7.5],
							"lerp_mode": "catmullrom"
						},
						"3.8333": {
							"post": [2.5, -80, -7.5],
							"lerp_mode": "catmullrom"
						},
						"4.2083": {
							"post": [1.5, -79, -8.5],
							"lerp_mode": "catmullrom"
						},
						"4.2917": {
							"post": [5.3067, -77.00076, -12.37819],
							"lerp_mode": "catmullrom"
						},
						"4.4167": {
							"post": [1.5, -79, -8.5],
							"lerp_mode": "catmullrom"
						},
						"4.5417": [5.3067, -77.00076, -12.37819],
						"4.5833": [6.06, -76.75, -13.13],
						"4.7917": [5.3067, -77.00076, -12.37819],
						"5.125": {
							"pre": [5, -20, 12.5],
							"post": [5, -20, 12.5],
							"lerp_mode": "catmullrom"
						},
						"5.375": [-32.91, 0.97, 38.17],
						"5.4583": [-34.65, 5.41, 45.94],
						"5.5417": [-35.29, 9.45, 52.05],
						"5.625": [-35.41, 12.79, 56.66],
						"5.7083": [-36.57, 15.83, 59.93],
						"5.75": [-36.72, 15.58, 59.25],
						"5.7917": [-36.8, 15.6, 58.91],
						"5.8333": [-36.73, 15.56, 58.77],
						"5.875": [-36.74, 15.54, 58.83],
						"5.9167": [-36.75, 15.52, 58.96],
						"5.9583": [-36.76, 15.49, 59.13],
						"6.0": [-36.77, 15.47, 59.3],
						"6.0417": [-36.77, 15.45, 59.45],
						"6.0833": [-36.77, 15.45, 59.55],
						"6.125": [-36.78, 15.44, 59.51],
						"6.1667": [-36.78, 15.42, 59.36],
						"6.2083": [-36.79, 15.4, 59.16],
						"6.25": [-36.79, 15.39, 58.97],
						"6.2917": [-36.79, 15.39, 58.84],
						"6.3333": [-36.78, 15.42, 58.84],
						"6.375": [-36.76, 15.49, 59.01],
						"6.4167": [-36.72, 15.6, 59.43],
						"6.4583": [-36.61, 15.92, 60.8],
						"6.5": [-36.45, 16.38, 62.81],
						"6.5417": [-36.28, 16.88, 65.05],
						"6.5833": [-36.12, 17.34, 67.1],
						"6.625": [-36, 17.68, 68.54],
						"6.6667": [-35.97, 17.79, 68.97],
						"6.7083": [-35.95, 17.88, 69.27],
						"6.75": [-35.94, 17.94, 69.48],
						"6.7917": [-35.94, 17.98, 69.59],
						"6.8333": [-35.94, 18.01, 69.63],
						"6.875": [-35.95, 18.03, 69.62],
						"6.9167": [-35.95, 18.04, 69.57],
						"6.9583": [-35.95, 18.05, 69.51],
						"7.0": [-35.95, 18.05, 69.44],
						"7.0417": [-35.93, 18.05, 69.4],
						"7.0833": [-35.92, 18.05, 69.38],
						"7.125": [-35.93, 18.05, 69.37],
						"7.1667": [-35.94, 18.05, 69.37],
						"7.2083": [-35.95, 18.04, 69.33],
						"7.25": [-35.94, 18.01, 69.25],
						"7.2917": [-35.92, 17.98, 69.08],
						"7.3333": [-35.86, 17.92, 68.81],
						"7.375": [-35.77, 17.85, 68.41],
						"7.4167": [-35.63, 17.76, 67.86],
						"7.4583": [-35.68, 17.86, 66.51],
						"7.5": [-35.9, 18.14, 64.85],
						"7.5417": [-35.33, 17.83, 62.24],
						"7.5833": [-33, 16.18, 58.04],
						"7.625": [-27.82, 12.16, 51.32],
						"7.6667": [-20.56, 6.43, 42.69],
						"7.7083": [-13.14, 0.83, 33.75],
						"7.75": [-7.42, -2.84, 26.12],
						"7.7917": [-3.06, -3.62, 18.13],
						"7.8333": [-0.62, -2.05, 11.52],
						"7.875": [0.81, -0.65, 6.5],
						"7.9167": [1.18, -0.29, 3.45],
						"7.9583": [0.55, -0.11, 2],
						"8.0": [0, 0, 1.25],
						"8.0417": [-0.05, 0.04, 2.33],
						"8.0833": [-0.03, 0.02, 1.51],
						"8.125": [0, 0, 0.5],
						"8.1667": [0, 0, 0.22],
						"8.2083": [0, 0, 0.08],
						"8.25": [0, 0, 0],
						"8.2917": [0, 0, -0.03],
						"8.3333": [0, 0, -0.03]
					},
					"position": {
						"0.0": {
							"post": [0, 0, 0],
							"lerp_mode": "catmullrom"
						},
						"0.2083": {
							"post": [0, -1, 0],
							"lerp_mode": "catmullrom"
						},
						"0.6667": {
							"post": [0, 2, -8],
							"lerp_mode": "catmullrom"
						},
						"1.7083": {
							"post": [0.75, 2.25, -8],
							"lerp_mode": "catmullrom"
						},
						"2.25": {
							"post": [0.75, 2.25, -8],
							"lerp_mode": "catmullrom"
						},
						"3.4583": {
							"post": [-1.25, 1.25, -8],
							"lerp_mode": "catmullrom"
						},
						"3.8333": {
							"post": [-1.25, 1.25, -8],
							"lerp_mode": "catmullrom"
						},
						"4.2083": {
							"post": [-1.25, 0, -8],
							"lerp_mode": "catmullrom"
						},
						"4.2917": {
							"post": [-1.375, -0.1775, -8],
							"lerp_mode": "catmullrom"
						},
						"4.4167": {
							"post": [-1.25, 0, -8],
							"lerp_mode": "catmullrom"
						},
						"4.5417": [-1.375, -0.1775, -8],
						"4.7917": [-1.375, -0.1775, -8],
						"5.125": {
							"pre": [0, -1, 0],
							"post": [0, -1, 0],
							"lerp_mode": "catmullrom"
						},
						"5.625": {
							"post": [1, 2.38, -5],
							"lerp_mode": "catmullrom"
						},
						"7.5833": [1, 2.38, -5],
						"7.8333": [0, 0, 0]
					}
				},
				"lefthand_pos": {
					"scale": 1
				},
				"camera": {
					"rotation": {
						"0.0": [0, 0, 0],
						"0.2083": {
							"pre": [2.5, 0, 0],
							"post": [2.5, 0, 0],
							"lerp_mode": "catmullrom"
						},
						"0.7917": {
							"post": [0, 0, 0],
							"lerp_mode": "catmullrom"
						},
						"1.7083": {
							"post": [0, 5, -2.5],
							"lerp_mode": "catmullrom"
						},
						"2.25": {
							"post": [0, 5, 0],
							"lerp_mode": "catmullrom"
						},
						"3.4583": {
							"post": [0, -2.5, 2.5],
							"lerp_mode": "catmullrom"
						},
						"4.0833": [1, -2.5, 0.5],
						"4.25": [1.5, -2.5, 1.5],
						"4.375": [1, -2.5, 0.5],
						"4.5": [1.5, -2.5, 1.5],
						"4.625": {
							"pre": [1, -2.5, 0.5],
							"post": [1, -2.5, 0.5],
							"lerp_mode": "catmullrom"
						},
						"4.8333": {
							"post": [1, -2.5, 0.5],
							"lerp_mode": "catmullrom"
						},
						"5.125": {
							"post": [12.5, -2.5, 0],
							"lerp_mode": "catmullrom"
						},
						"6.0": {
							"post": [35, 2.5, 0],
							"lerp_mode": "catmullrom"
						},
						"6.8333": {
							"post": [15, 0, 0],
							"lerp_mode": "catmullrom"
						},
						"7.5833": {
							"post": [-1, -2.5, 0],
							"lerp_mode": "catmullrom"
						},
						"7.9167": {
							"post": [0, 0, 0],
							"lerp_mode": "catmullrom"
						}
					}
				}
			},
			"sound_effects": {
				"4.1667": {
					"effect": "tacz:aug/aug_inspect_maghitwell"
				},
				"4.4167": {
					"effect": "tacz:aug/aug_inspect_maghitwell"
				}
			}
		},
		"inspect_empty": {
			"loop": true,
			"animation_length": 8.3333,
			"bones": {
				"lefthand": {
					"rotation": {
						"0.0": [97.57308, -36.58254, -147.98537],
						"0.2083": [62.57, -54.08, -115.49],
						"0.6667": [-8.71364, -17.76513, -64.22477],
						"3.7917": {
							"pre": [-8.71364, -17.76513, -64.22477],
							"post": [-8.71364, -17.76513, -64.22477],
							"lerp_mode": "catmullrom"
						},
						"3.9167": {
							"post": [-8.71364, -17.76513, -64.22477],
							"lerp_mode": "catmullrom"
						},
						"4.125": {
							"post": [-0.14091, -73.30995, -37.81534],
							"lerp_mode": "catmullrom"
						},
						"4.25": {
							"post": [-17.64, -73.31, -37.82],
							"lerp_mode": "catmullrom"
						},
						"4.375": {
							"post": [-0.14091, -73.30995, -37.81534],
							"lerp_mode": "catmullrom"
						},
						"4.5": [-17.64, -73.31, -37.82],
						"4.7917": {
							"pre": [-17.64, -73.31, -37.82],
							"post": [-17.64, -73.31, -37.82],
							"lerp_mode": "catmullrom"
						},
						"5.125": [62.57, -54.08, -115.49],
						"5.5417": [65.71, -19.51, -186.47],
						"7.625": [65.71, -19.51, -186.47],
						"7.8333": [97.57308, -36.58254, -147.98537]
					},
					"position": {
						"0.0": [8.05932, -13.62, -18.66062],
						"0.2083": [8.06, -14.12, -18.66],
						"0.6667": [5.31, -14.62, -21.41],
						"3.7917": {
							"pre": [5.31, -14.62, -21.41],
							"post": [5.31, -14.62, -21.41],
							"lerp_mode": "catmullrom"
						},
						"3.9167": {
							"post": [6.56, -16.37, -21.41],
							"lerp_mode": "catmullrom"
						},
						"4.125": {
							"post": [10.31, -8.62, -23.91],
							"lerp_mode": "catmullrom"
						},
						"4.25": {
							"post": [8.06, -10.87, -23.91],
							"lerp_mode": "catmullrom"
						},
						"4.375": {
							"post": [10.31, -8.62, -23.91],
							"lerp_mode": "catmullrom"
						},
						"4.5": [8.06, -10.87, -23.91],
						"4.7917": {
							"pre": [8.06, -10.87, -23.91],
							"post": [8.06, -10.87, -23.91],
							"lerp_mode": "catmullrom"
						},
						"5.125": [8.06, -14.12, -18.66],
						"5.5417": [9.4187, -9.62, -12.44187],
						"7.625": [9.4187, -9.62, -12.44187],
						"7.8333": [8.05932, -13.62, -18.66062]
					},
					"scale": [1, 1.5, 1]
				},
				"righthand": {
					"rotation": {
						"0.0": [99.05188, 15.0716, -167.92777],
						"0.2083": [95.93367, 6.98564, -202.22871],
						"0.5833": [154.94022, -11.36106, -262.20464],
						"4.7917": [154.94022, -11.36106, -262.20464],
						"5.125": [95.93367, 6.98564, -202.22871],
						"5.375": [99.05188, 15.0716, -167.92777]
					},
					"position": {
						"0.0": [-6.88281, -13.925, -8.98125],
						"0.2083": [-9.38, -15.92, -6.23],
						"0.5833": [-5.88, -15.67, -6.73],
						"4.7917": [-5.88, -15.67, -6.73],
						"5.125": [-9.38, -15.92, -6.23],
						"5.375": [-6.88281, -13.925, -8.98125]
					},
					"scale": [1, 1.5, 1]
				},
				"root": {
					"rotation": {
						"0.0": {
							"post": [0, 0, 0],
							"lerp_mode": "catmullrom"
						},
						"0.2083": {
							"post": [5, -20, 12.5],
							"lerp_mode": "catmullrom"
						},
						"0.6667": {
							"post": [5, -80, -7.5],
							"lerp_mode": "catmullrom"
						},
						"1.7083": {
							"post": [7.5, -82.5, -5],
							"lerp_mode": "catmullrom"
						},
						"2.25": {
							"post": [7.5, -82.5, -5],
							"lerp_mode": "catmullrom"
						},
						"3.4583": {
							"post": [2.5, -80, -7.5],
							"lerp_mode": "catmullrom"
						},
						"3.8333": {
							"post": [2.5, -80, -7.5],
							"lerp_mode": "catmullrom"
						},
						"4.2083": {
							"post": [1.5, -79, -8.5],
							"lerp_mode": "catmullrom"
						},
						"4.2917": {
							"post": [5.3067, -77.00076, -12.37819],
							"lerp_mode": "catmullrom"
						},
						"4.4167": {
							"post": [1.5, -79, -8.5],
							"lerp_mode": "catmullrom"
						},
						"4.5417": [5.3067, -77.00076, -12.37819],
						"4.5833": [6.06, -76.75, -13.13],
						"4.7917": [5.3067, -77.00076, -12.37819],
						"5.125": {
							"pre": [5, -20, 12.5],
							"post": [5, -20, 12.5],
							"lerp_mode": "catmullrom"
						},
						"5.375": [-32.91, 0.97, 38.17],
						"5.4583": [-34.65, 5.41, 45.94],
						"5.5417": [-35.29, 9.45, 52.05],
						"5.625": [-35.41, 12.79, 56.66],
						"5.7083": [-36.57, 15.83, 59.93],
						"5.75": [-36.72, 15.58, 59.25],
						"5.7917": [-36.8, 15.6, 58.91],
						"5.8333": [-36.73, 15.56, 58.77],
						"5.875": [-36.74, 15.54, 58.83],
						"5.9167": [-36.75, 15.52, 58.96],
						"5.9583": [-36.76, 15.49, 59.13],
						"6.0": [-36.77, 15.47, 59.3],
						"6.0417": [-36.77, 15.45, 59.45],
						"6.0833": [-36.77, 15.45, 59.55],
						"6.125": [-36.78, 15.44, 59.51],
						"6.1667": [-36.78, 15.42, 59.36],
						"6.2083": [-36.79, 15.4, 59.16],
						"6.25": [-36.79, 15.39, 58.97],
						"6.2917": [-36.79, 15.39, 58.84],
						"6.3333": [-36.78, 15.42, 58.84],
						"6.375": [-36.76, 15.49, 59.01],
						"6.4167": [-36.72, 15.6, 59.43],
						"6.4583": [-36.61, 15.92, 60.8],
						"6.5": [-36.45, 16.38, 62.81],
						"6.5417": [-36.28, 16.88, 65.05],
						"6.5833": [-36.12, 17.34, 67.1],
						"6.625": [-36, 17.68, 68.54],
						"6.6667": [-35.97, 17.79, 68.97],
						"6.7083": [-35.95, 17.88, 69.27],
						"6.75": [-35.94, 17.94, 69.48],
						"6.7917": [-35.94, 17.98, 69.59],
						"6.8333": [-35.94, 18.01, 69.63],
						"6.875": [-35.95, 18.03, 69.62],
						"6.9167": [-35.95, 18.04, 69.57],
						"6.9583": [-35.95, 18.05, 69.51],
						"7.0": [-35.95, 18.05, 69.44],
						"7.0417": [-35.93, 18.05, 69.4],
						"7.0833": [-35.92, 18.05, 69.38],
						"7.125": [-35.93, 18.05, 69.37],
						"7.1667": [-35.94, 18.05, 69.37],
						"7.2083": [-35.95, 18.04, 69.33],
						"7.25": [-35.94, 18.01, 69.25],
						"7.2917": [-35.92, 17.98, 69.08],
						"7.3333": [-35.86, 17.92, 68.81],
						"7.375": [-35.77, 17.85, 68.41],
						"7.4167": [-35.63, 17.76, 67.86],
						"7.4583": [-35.68, 17.86, 66.51],
						"7.5": [-35.9, 18.14, 64.85],
						"7.5417": [-35.33, 17.83, 62.24],
						"7.5833": [-33, 16.18, 58.04],
						"7.625": [-27.82, 12.16, 51.32],
						"7.6667": [-20.56, 6.43, 42.69],
						"7.7083": [-13.14, 0.83, 33.75],
						"7.75": [-7.42, -2.84, 26.12],
						"7.7917": [-3.06, -3.62, 18.13],
						"7.8333": [-0.62, -2.05, 11.52],
						"7.875": [0.81, -0.65, 6.5],
						"7.9167": [1.18, -0.29, 3.45],
						"7.9583": [0.55, -0.11, 2],
						"8.0": [0, 0, 1.25],
						"8.0417": [-0.05, 0.04, 2.33],
						"8.0833": [-0.03, 0.02, 1.51],
						"8.125": [0, 0, 0.5],
						"8.1667": [0, 0, 0.22],
						"8.2083": [0, 0, 0.08],
						"8.25": [0, 0, 0],
						"8.2917": [0, 0, -0.03],
						"8.3333": [0, 0, -0.03]
					},
					"position": {
						"0.0": {
							"post": [0, 0, 0],
							"lerp_mode": "catmullrom"
						},
						"0.2083": {
							"post": [0, -1, 0],
							"lerp_mode": "catmullrom"
						},
						"0.6667": {
							"post": [0, 2, -8],
							"lerp_mode": "catmullrom"
						},
						"1.7083": {
							"post": [0.75, 2.25, -8],
							"lerp_mode": "catmullrom"
						},
						"2.25": {
							"post": [0.75, 2.25, -8],
							"lerp_mode": "catmullrom"
						},
						"3.4583": {
							"post": [-1.25, 1.25, -8],
							"lerp_mode": "catmullrom"
						},
						"3.8333": {
							"post": [-1.25, 1.25, -8],
							"lerp_mode": "catmullrom"
						},
						"4.2083": {
							"post": [-1.25, 0, -8],
							"lerp_mode": "catmullrom"
						},
						"4.2917": {
							"post": [-1.375, -0.1775, -8],
							"lerp_mode": "catmullrom"
						},
						"4.4167": {
							"post": [-1.25, 0, -8],
							"lerp_mode": "catmullrom"
						},
						"4.5417": [-1.375, -0.1775, -8],
						"4.7917": [-1.375, -0.1775, -8],
						"5.125": {
							"pre": [0, -1, 0],
							"post": [0, -1, 0],
							"lerp_mode": "catmullrom"
						},
						"5.625": {
							"post": [1, 2.38, -5],
							"lerp_mode": "catmullrom"
						},
						"7.5833": [1, 2.38, -5],
						"7.8333": [0, 0, 0]
					}
				},
				"lefthand_pos": {
					"scale": 1
				},
				"bolt": {
					"position": [0, 0, 2.125]
				},
				"camera": {
					"rotation": {
						"0.0": [0, 0, 0],
						"0.2083": {
							"pre": [2.5, 0, 0],
							"post": [2.5, 0, 0],
							"lerp_mode": "catmullrom"
						},
						"0.7917": {
							"post": [0, 0, 0],
							"lerp_mode": "catmullrom"
						},
						"1.7083": {
							"post": [0, 5, -2.5],
							"lerp_mode": "catmullrom"
						},
						"2.25": {
							"post": [0, 5, 0],
							"lerp_mode": "catmullrom"
						},
						"3.4583": {
							"post": [0, -2.5, 2.5],
							"lerp_mode": "catmullrom"
						},
						"4.0833": [1, -2.5, 0.5],
						"4.25": [1.5, -2.5, 1.5],
						"4.375": [1, -2.5, 0.5],
						"4.5": [1.5, -2.5, 1.5],
						"4.625": {
							"pre": [1, -2.5, 0.5],
							"post": [1, -2.5, 0.5],
							"lerp_mode": "catmullrom"
						},
						"4.8333": {
							"post": [1, -2.5, 0.5],
							"lerp_mode": "catmullrom"
						},
						"5.125": {
							"post": [12.5, -2.5, 0],
							"lerp_mode": "catmullrom"
						},
						"6.0": {
							"post": [35, 2.5, 0],
							"lerp_mode": "catmullrom"
						},
						"6.8333": {
							"post": [15, 0, 0],
							"lerp_mode": "catmullrom"
						},
						"7.5833": {
							"post": [-1, -2.5, 0],
							"lerp_mode": "catmullrom"
						},
						"7.9167": {
							"post": [0, 0, 0],
							"lerp_mode": "catmullrom"
						}
					}
				}
			},
			"sound_effects": {
				"4.1667": {
					"effect": "tacz:aug/aug_inspect_maghitwell"
				},
				"4.4167": {
					"effect": "tacz:aug/aug_inspect_maghitwell"
				}
			}
		},
		"reload_tactical": {
			"animation_length": 2.4167,
			"bones": {
				"lefthand": {
					"rotation": {
						"0.0": [97.57308, -36.58254, -147.98537],
						"0.25": [19.41202, -21.8905, -51.90062],
						"0.6667": [19.41202, -21.8905, -51.90062],
						"1.375": [19.41202, -21.8905, -51.90062],
						"1.5": [19.41202, -21.8905, -51.90062],
						"1.625": [19.41202, -21.8905, -51.90062],
						"1.875": [19.41202, -21.8905, -51.90062],
						"2.0417": [97.57308, -36.58254, -147.98537]
					},
					"position": {
						"0.0": [8.05932, -13.62, -18.66062],
						"0.125": [9.12, -17.84, -9.16],
						"0.25": [5.67, -17.63562, -1.85406],
						"0.6667": [5.67, -17.63562, -1.85406],
						"1.375": [5.67, -17.63562, -1.85406],
						"1.5": [4.42, -26.39, -1.6],
						"1.625": [6.42, -17.89, -1.6],
						"1.875": [6.42, -17.89, -1.6],
						"1.9583": [10.24, -17.75, -10.13],
						"2.0417": [8.05932, -13.62, -18.66062]
					},
					"scale": [1, 1.5, 1]
				},
				"righthand": {
					"rotation": [99.05188, 15.0716, -167.92777],
					"position": [-6.88281, -13.925, -8.98125],
					"scale": [1, 1.5, 1]
				},
				"root": {
					"rotation": {
						"0.0": {
							"post": [0, 0, 0],
							"lerp_mode": "catmullrom"
						},
						"0.125": {
							"post": [-17.70673, -19.58722, -3.36613],
							"lerp_mode": "catmullrom"
						},
						"0.25": {
							"post": [-38.38532, -46.32792, -26.7997],
							"lerp_mode": "catmullrom"
						},
						"0.375": [-38.39, -48.83, -26.8],
						"0.4167": [-43.35, -41.33, -24.8],
						"0.4583": [-44.14, -55.5, -28.63],
						"0.5417": [-43.22, -46.33, -33.8],
						"0.6667": [-43.22, -46.33, -33.8],
						"0.8333": {
							"pre": [-40.72, -46.33, -28.8],
							"post": [-40.72, -46.33, -28.8],
							"lerp_mode": "catmullrom"
						},
						"1.125": {
							"post": [-45.72, -46.33, -28.8],
							"lerp_mode": "catmullrom"
						},
						"1.1667": [-38.72, -47.83, -38.8],
						"1.2083": [-39.22, -41.33, -23.8],
						"1.5833": {
							"pre": [-40.72, -46.33, -28.8],
							"post": [-40.72, -46.33, -28.8],
							"lerp_mode": "catmullrom"
						},
						"1.625": [-18.72, -65.33, -28.8],
						"1.6667": [-19.22, -41.33, -23.8],
						"1.8333": {
							"pre": [-18.22, -46.33, -28.8],
							"post": [-18.22, -46.33, -28.8],
							"lerp_mode": "catmullrom"
						},
						"2.0": [-5.72, -21.33, -16.3],
						"2.2083": {
							"pre": [2.5, -5, -2.5],
							"post": [2.5, -5, -2.5],
							"lerp_mode": "catmullrom"
						},
						"2.2917": {
							"post": [5, -2.5, 2.5],
							"lerp_mode": "catmullrom"
						},
						"2.4167": {
							"post": [0, 0, 0],
							"lerp_mode": "catmullrom"
						}
					},
					"position": {
						"0.0": {
							"post": [0, 0, 0],
							"lerp_mode": "catmullrom"
						},
						"0.25": {
							"post": [0.5, 6, -4.5],
							"lerp_mode": "catmullrom"
						},
						"0.375": [0.5, 6, -4.5],
						"0.5417": {
							"pre": [-1.5, 7, -4.5],
							"post": [-1.5, 7, -4.5],
							"lerp_mode": "catmullrom"
						},
						"0.8333": {
							"post": [-0.5, 6.5, -4.5],
							"lerp_mode": "catmullrom"
						},
						"1.125": {
							"post": [-0.5, 7, -4.5],
							"lerp_mode": "catmullrom"
						},
						"1.5833": {
							"post": [-0.5, 6, -4.5],
							"lerp_mode": "catmullrom"
						},
						"1.6667": {
							"post": [-0.55, 4.85, -4.5],
							"lerp_mode": "catmullrom"
						},
						"1.8333": {
							"post": [-1, 5, -4.5],
							"lerp_mode": "catmullrom"
						},
						"2.0": [-2, 2.5, -4.5],
						"2.2083": {
							"pre": [-0.75, -1, -1],
							"post": [-0.75, -1, -1],
							"lerp_mode": "catmullrom"
						},
						"2.4167": {
							"post": [0, 0, 0],
							"lerp_mode": "catmullrom"
						}
					}
				},
				"mag_and_lefthand": {
					"rotation": {
						"0.1667": [0, 0, 0],
						"0.25": [0, 0, 0],
						"0.375": [0, 0, 0],
						"0.4583": [15, 0, 0],
						"0.625": [17.5, 0, -42.5],
						"1.0417": [30, 0, -42.5],
						"1.0833": [20, 0, -7.5],
						"1.125": [5, 0, 0],
						"1.1667": [0, 0, 0],
						"1.5833": [0, 0, 0],
						"1.625": [0, 0, 0]
					},
					"position": {
						"0.1667": [0, 0, 0],
						"0.25": [0, -2, 0],
						"0.375": [0, -2, 0],
						"0.4583": [0, -6.67, 1.5],
						"0.625": [5, -18.33, 8],
						"0.6667": [5, -18.33, 29],
						"1.0417": [5, -18.33, 10],
						"1.0833": [2, -10.67, 3],
						"1.125": [0, -5.5, 0.5],
						"1.1667": [0, -2, 0],
						"1.5833": [0, -2, 0],
						"1.625": [0, 0, 0]
					}
				},
				"constraint": {
					"rotation": {
						"2.2083": [0.15, 0.15, 0.15],
						"2.2917": [0, 0, 0]
					},
					"position": {
						"2.2083": [0.1, 0.1, 0.1],
						"2.2917": [0, 0, 0]
					}
				},
				"camera": {
					"rotation": {
						"0.2917": [0, 0, 0],
						"0.375": [-0.2, -0.2, -0.2],
						"0.4167": [-0.5, 0.5, 0.5],
						"0.4583": [0, 0.2, 0.2],
						"0.5417": [0, 0, 0],
						"1.125": [0, 0, 0],
						"1.1667": [-0.3, 0.3, -0.3],
						"1.25": [0, 0, 0],
						"1.5833": [0, 0, 0],
						"1.625": [-0.5, 0.5, -0.5],
						"1.6667": [0.3, -0.3, 1.3],
						"1.75": [0, 0, 0]
					}
				}
			},
			"sound_effects": {
				"0.25": {
					"effect": "halor6:m395b_dmr/dmr_magout"
				},
				"1.0417": {
					"effect": "halor6:m395b_dmr/dmr_magin"
				},
				"1.5417": {
					"effect": "halor6:m395b_dmr/dmr_maglock"
				}
			}
		},
		"reload_empty": {
			"animation_length": 2.4167,
			"bones": {
				"lefthand": {
					"rotation": {
						"0.0": [97.57308, -36.58254, -147.98537],
						"0.25": [19.41202, -21.8905, -51.90062],
						"0.6667": [19.41202, -21.8905, -51.90062],
						"1.3333": [19.41202, -21.8905, -51.90062],
						"1.5417": [130.085, -52.70363, -179.87094],
						"1.6667": [130.085, -52.70363, -179.87094],
						"2.0833": [97.57308, -36.58254, -147.98537]
					},
					"position": {
						"0.0": [8.05932, -13.62, -18.66062],
						"0.125": [9.12, -17.84, -9.16],
						"0.25": [5.67, -17.63562, -1.85406],
						"0.6667": [5.67, -17.63562, -1.85406],
						"1.3333": [5.67, -17.63562, -1.85406],
						"1.5417": [8.42, -8.39, -6.85],
						"1.6667": [8.42, -8.39, -6.85],
						"1.75": [7.42, -8.39, -5.85],
						"1.7917": [7.42, -8.39, -5.85],
						"1.9583": [11.42, -11.39, -8.85],
						"2.0833": [8.05932, -13.62, -18.66062]
					},
					"scale": [1, 1.5, 1]
				},
				"righthand": {
					"rotation": [99.05188, 15.0716, -167.92777],
					"position": [-6.88281, -13.925, -8.98125],
					"scale": [1, 1.5, 1]
				},
				"root": {
					"rotation": {
						"0.0": {
							"post": [0, 0, 0],
							"lerp_mode": "catmullrom"
						},
						"0.125": {
							"post": [-17.70673, -19.58722, -3.36613],
							"lerp_mode": "catmullrom"
						},
						"0.25": {
							"post": [-38.38532, -46.32792, -26.7997],
							"lerp_mode": "catmullrom"
						},
						"0.375": [-38.39, -48.83, -26.8],
						"0.4167": [-43.35, -41.33, -19.8],
						"0.4583": [-44.14, -55.5, -28.63],
						"0.5417": [-43.22, -46.33, -33.8],
						"0.6667": [-43.22, -46.33, -33.8],
						"0.8333": {
							"pre": [-40.72, -46.33, -28.8],
							"post": [-40.72, -46.33, -28.8],
							"lerp_mode": "catmullrom"
						},
						"1.1667": {
							"post": [-45.72, -46.33, -28.8],
							"lerp_mode": "catmullrom"
						},
						"1.2083": [-28.72, -65.33, -33.8],
						"1.25": [-39.22, -41.33, -23.8],
						"1.4167": {
							"pre": [-33.22, -46.33, -28.8],
							"post": [-33.22, -46.33, -28.8],
							"lerp_mode": "catmullrom"
						},
						"1.6667": {
							"post": [-63.56, -9.06, -8.6],
							"lerp_mode": "catmullrom"
						},
						"1.7083": {
							"post": [-63.94, -3.24, -6.97],
							"lerp_mode": "catmullrom"
						},
						"1.75": {
							"post": [-65.56, -6.06, -2.6],
							"lerp_mode": "catmullrom"
						},
						"1.8333": {
							"post": [-65.74068, 2.0544, -0.47737],
							"lerp_mode": "catmullrom"
						},
						"1.9583": [-57.38477, -8.67842, -6.40085],
						"2.0833": [-34.88717, 0.25464, 0.97515],
						"2.2083": {
							"pre": [-2.5, -5, -2.5],
							"post": [-2.5, -5, -2.5],
							"lerp_mode": "catmullrom"
						},
						"2.2917": {
							"post": [7.5, -2.5, 2.5],
							"lerp_mode": "catmullrom"
						},
						"2.4167": {
							"post": [0, 0, 0],
							"lerp_mode": "catmullrom"
						}
					},
					"position": {
						"0.0": {
							"post": [0, 0, 0],
							"lerp_mode": "catmullrom"
						},
						"0.25": {
							"post": [0.5, 6, -4.5],
							"lerp_mode": "catmullrom"
						},
						"0.375": [0.5, 6, -4.5],
						"0.5417": {
							"pre": [-1.5, 7, -4.5],
							"post": [-1.5, 7, -4.5],
							"lerp_mode": "catmullrom"
						},
						"0.8333": {
							"post": [-0.5, 6.5, -4.5],
							"lerp_mode": "catmullrom"
						},
						"1.1667": {
							"post": [-0.5, 7, -4.5],
							"lerp_mode": "catmullrom"
						},
						"1.4167": {
							"post": [-1, 6, -4.5],
							"lerp_mode": "catmullrom"
						},
						"1.6667": {
							"post": [-2.5, 3.5, -5],
							"lerp_mode": "catmullrom"
						},
						"1.75": {
							"post": [-2.5, 3.25, -4],
							"lerp_mode": "catmullrom"
						},
						"1.8333": {
							"post": [-2.5, 2, -4],
							"lerp_mode": "catmullrom"
						},
						"2.0833": [-2.5, -1, -4],
						"2.2083": {
							"pre": [-0.75, -1.5, -1],
							"post": [-0.75, -1.5, -1],
							"lerp_mode": "catmullrom"
						},
						"2.4167": {
							"post": [0, 0, 0],
							"lerp_mode": "catmullrom"
						}
					}
				},
				"mag_and_lefthand": {
					"rotation": {
						"0.1667": [0, 0, 0],
						"0.25": [0, 0, 0],
						"0.375": [0, 0, 0],
						"0.4167": [15, 0, 0],
						"0.5417": [17.5, 0, -42.5],
						"1.0417": [30, 0, -42.5],
						"1.0833": [20, 0, -7.5],
						"1.125": [5, 0, 0],
						"1.2083": [0, 0, 0]
					},
					"position": {
						"0.1667": [0, 0, 0],
						"0.25": [0, -2, 0],
						"0.375": [0, -2, 0],
						"0.4167": [0, -6.67, 1.5],
						"0.5417": [5, -18.33, 8],
						"0.5833": [5, -18.33, 29],
						"1.0417": [5, -18.33, 10],
						"1.0833": [2, -10.67, 3],
						"1.125": [0, -5.5, 0.5],
						"1.2083": [0, 0, 0]
					}
				},
				"camera": {
					"rotation": {
						"0.2917": [0, 0, 0],
						"0.375": [-0.2, -0.2, -0.2],
						"0.4167": [-0.5, 0.5, 0.5],
						"0.4583": [0, 0.2, 0.2],
						"0.5417": [0, 0, 0],
						"1.1667": [0, 0, 0],
						"1.2083": [-0.5, 0.5, -0.5],
						"1.25": [0.3, -0.3, 1.3],
						"1.3333": [0, 0, 0],
						"1.625": [0, 0, 0],
						"1.7083": [0.5, 0, 0],
						"1.75": [0, 0.7, -0.7],
						"1.7917": [1, 0.5, 0.5],
						"1.9167": [0, 0, 0]
					}
				},
				"bullet": {
					"position": {
						"0.6667": [0, -1, 0],
						"0.9167": [0, 0, 0]
					}
				},
				"bolt": {
					"position": {
						"1.6667": [0, 0, 2.125],
						"1.75": [0, 0, 2.4],
						"1.7917": [0, 0, 2.4],
						"1.875": [0, 0, 0]
					}
				},
				"constraint": {
					"rotation": {
						"2.25": [0.15, 0.15, 0.15],
						"2.3333": [0, 0, 0]
					},
					"position": {
						"2.25": [0.1, 0.1, 0.1],
						"2.3333": [0, 0, 0]
					}
				}
			},
			"sound_effects": {
				"0.25": {
					"effect": "halor6:m395b_dmr/dmr_magout"
				},
				"1.0417": {
					"effect": "halor6:m395b_dmr/dmr_maglock"
				},
				"1.5417": {
					"effect": "halor6:m395b_dmr/dmr_boltback"
				},
				"1.75": {
					"effect": "halor6:m395b_dmr/dmr_boltforward"
				}
			}
		},
		"shoot": {
			"animation_length": 0.4583,
			"bones": {
				"root": {
					"rotation": {
						"0.0": {
							"post": [0, 0, 0],
							"lerp_mode": "catmullrom"
						},
						"0.0417": [-3.5, 0, -3],
						"0.0833": [-3, 0, 2],
						"0.125": [-2.5, 0, -1],
						"0.25": {
							"pre": [-2, -0.4, 0.5],
							"post": [-2, -0.4, 0.5],
							"lerp_mode": "catmullrom"
						},
						"0.375": {
							"post": [0.63844, 0.2275, -0.02844],
							"lerp_mode": "catmullrom"
						},
						"0.4583": {
							"post": [0, 0, 0],
							"lerp_mode": "catmullrom"
						}
					},
					"position": {
						"0.0": {
							"post": [0, 0, 0],
							"lerp_mode": "catmullrom"
						},
						"0.0417": [-0.1, 0.5, 1.7],
						"0.25": {
							"pre": [0, 0.4, 2.2],
							"post": [0, 0.4, 2.2],
							"lerp_mode": "catmullrom"
						},
						"0.4583": {
							"post": [0, 0, 0],
							"lerp_mode": "catmullrom"
						}
					}
				},
				"bolt": {
					"position": {
						"0.0": [0, 0, 0],
						"0.0833": [0, 0, 2.125],
						"0.1667": [0, 0, 0]
					}
				},
				"camera": {
					"rotation": {
						"0.0": {
							"post": [0, 0, 0],
							"lerp_mode": "catmullrom"
						},
						"0.0417": {
							"post": [0, 0, -0.75],
							"lerp_mode": "catmullrom"
						},
						"0.0833": {
							"post": [0, 0, 0.5],
							"lerp_mode": "catmullrom"
						},
						"0.1667": {
							"post": [0, 0, -0.3],
							"lerp_mode": "catmullrom"
						},
						"0.25": {
							"post": [0, 0, 0.15],
							"lerp_mode": "catmullrom"
						},
						"0.3333": {
							"post": [0, 0, 0],
							"lerp_mode": "catmullrom"
						}
					}
				},
				"constraint": {
					"rotation": {
						"0.125": [0.15, 0.15, 0.15],
						"0.2083": [0, 0, 0]
					},
					"position": {
						"0.125": [0.1, 0.1, 0.1],
						"0.2083": [0, 0, 0]
					}
				}
			}
		},
		"draw": {
			"animation_length": 0.7083,
			"bones": {
				"root": {
					"rotation": {
						"0.0": [19.64807, -30.83866, 63.3425],
						"0.0833": [21.19122, -14.40747, 12.59763],
						"0.2083": [5.09, -6.61, 5.06],
						"0.2917": [1.82144, 0.01118, 0.03752],
						"0.3333": [-0.042, -0.4187, 4.03899],
						"0.4583": {
							"pre": [0.14086, -0.97706, 1.04153],
							"post": [0.14086, -0.97706, 1.04153],
							"lerp_mode": "catmullrom"
						},
						"0.5417": {
							"post": [-0.13, 0.1, 0],
							"lerp_mode": "catmullrom"
						},
						"0.7083": [0, 0, 0]
					},
					"position": {
						"0.0": [3, -14, 0],
						"0.0417": [2.1, -6, 0],
						"0.1667": [1.5, -1.85, -0.2],
						"0.2083": [1.05, -1.47, -0.7],
						"0.2917": {
							"pre": [0.45, -0.86, -1.1],
							"post": [0.45, -0.86, -1.1],
							"lerp_mode": "catmullrom"
						},
						"0.3333": {
							"post": [0.13, -0.35, -0.27],
							"lerp_mode": "catmullrom"
						},
						"0.4167": {
							"post": [0, 0.17, 0.17],
							"lerp_mode": "catmullrom"
						},
						"0.4583": {
							"post": [0, 0.08, -0.13],
							"lerp_mode": "catmullrom"
						},
						"0.5417": [0, -0.01, -0.28],
						"0.6667": [0, 0, 0]
					}
				},
				"lefthand": {
					"rotation": {
						"0.0417": [84.55606, -1.91886, -130.46016],
						"0.1667": [84.28, -15.19, -129.13],
						"0.25": [92.28735, -29.81773, -128.79991],
						"0.3333": [97.57308, -36.58254, -147.98537]
					},
					"position": {
						"0.0417": [7.6, -28.9, -8],
						"0.3333": [8.05932, -13.62, -18.66062]
					},
					"scale": [1, 1.5, 1]
				},
				"righthand": {
					"rotation": [99.05188, 15.0716, -167.92777],
					"position": [-6.88281, -13.925, -8.98125],
					"scale": [1, 1.5, 1]
				},
				"camera": {
					"rotation": {
						"0.0": {
							"post": [0, 0, 0],
							"lerp_mode": "catmullrom"
						},
						"0.0833": {
							"post": [1, 1, 0],
							"lerp_mode": "catmullrom"
						},
						"0.25": {
							"post": [1, 0, 1],
							"lerp_mode": "catmullrom"
						},
						"0.4167": {
							"post": [-1, 0, 0],
							"lerp_mode": "catmullrom"
						},
						"0.5": {
							"post": [-0.49992, 0.00873, 0.99996],
							"lerp_mode": "catmullrom"
						},
						"0.6667": {
							"post": [0, 0, 0],
							"lerp_mode": "catmullrom"
						}
					}
				}
			}
		},
		"static_bolt_caught": {
			"loop": true,
			"bones": {
				"lefthand": {
					"rotation": [97.57308, -36.58254, -147.98537],
					"position": [8.05932, -13.62, -18.66062],
					"scale": [1, 1.5, 1]
				},
				"righthand": {
					"rotation": [99.05188, 15.0716, -167.92777],
					"position": [-6.88281, -13.925, -8.98125],
					"scale": [1, 1.5, 1]
				},
				"bolt": {
					"position": [0, 0, 2.125]
				}
			}
		},
		"run_hold": {
			"loop": true,
			"animation_length": 0.5833,
			"bones": {
				"root": {
					"rotation": {
						"0.0": {
							"post": [6.46, -37.29, 8.96],
							"lerp_mode": "catmullrom"
						}
					},
					"position": {
						"0.0": {
							"post": [1.17, -2.25, 0],
							"lerp_mode": "catmullrom"
						}
					}
				}
			}
		},
		"run_start": {
			"animation_length": 0.1667,
			"bones": {
				"root": {
					"rotation": {
						"0.0": {
							"post": [0, 0, 0],
							"lerp_mode": "catmullrom"
						},
						"0.1667": {
							"post": [5.48, -31.62, 7.6],
							"lerp_mode": "catmullrom"
						}
					},
					"position": {
						"0.0": {
							"post": [0, 0, 0],
							"lerp_mode": "catmullrom"
						},
						"0.1667": {
							"post": [0.99, -1.91, 0],
							"lerp_mode": "catmullrom"
						}
					}
				}
			}
		},
		"run": {
			"loop": true,
			"animation_length": 0.7917,
			"bones": {
				"root": {
					"rotation": {
						"0.0": {
							"post": [2.5, -40, 15],
							"lerp_mode": "catmullrom"
						},
						"0.125": {
							"post": [6.46, -37.29, 8.96],
							"lerp_mode": "catmullrom"
						},
						"0.25": {
							"post": [0, -20, 12.5],
							"lerp_mode": "catmullrom"
						},
						"0.375": {
							"post": [3.5, -18.5, 4.5],
							"lerp_mode": "catmullrom"
						},
						"0.5": {
							"post": [1.46, -22.29, 13.96],
							"lerp_mode": "catmullrom"
						},
						"0.6667": {
							"post": [1.5, -41, 15],
							"lerp_mode": "catmullrom"
						},
						"0.7917": {
							"post": [2.5, -40, 15],
							"lerp_mode": "catmullrom"
						}
					},
					"position": {
						"0.0": {
							"post": [3, -1.25, 0],
							"lerp_mode": "catmullrom"
						},
						"0.125": {
							"post": [1.17, -2.25, 0],
							"lerp_mode": "catmullrom"
						},
						"0.25": {
							"post": [1, -1.25, 0],
							"lerp_mode": "catmullrom"
						},
						"0.375": {
							"post": [2, -1.25, 0],
							"lerp_mode": "catmullrom"
						},
						"0.5": {
							"post": [1.7, -2.25, 0],
							"lerp_mode": "catmullrom"
						},
						"0.6667": {
							"post": [3, -1, 0],
							"lerp_mode": "catmullrom"
						},
						"0.7917": {
							"post": [3, -1.25, 0],
							"lerp_mode": "catmullrom"
						}
					}
				}
			}
		},
		"melee_stock": {
			"animation_length": 1.125,
			"bones": {
				"root": {
					"rotation": {
						"0.0": {
							"post": [0, 0, 0],
							"lerp_mode": "catmullrom"
						},
						"0.0833": {
							"post": [-10, -7.5, 27.5],
							"lerp_mode": "catmullrom"
						},
						"0.125": {
							"post": [-112.92, 16.32, 92.3],
							"lerp_mode": "catmullrom"
						},
						"0.1667": {
							"post": [-112.92, 16.32, 92.3],
							"lerp_mode": "catmullrom"
						},
						"0.2083": {
							"post": [-115.17, 16.32, 92.3],
							"lerp_mode": "catmullrom"
						},
						"0.625": {
							"post": [-115.17, 16.32, 92.3],
							"lerp_mode": "catmullrom"
						},
						"0.75": {
							"post": [-75.01, -6.66, 61.31],
							"lerp_mode": "catmullrom"
						},
						"0.9583": {
							"post": [2.5, -2.5, 17.5],
							"lerp_mode": "catmullrom"
						},
						"1.0417": {
							"post": [5, -2.5, 2.5],
							"lerp_mode": "catmullrom"
						},
						"1.125": {
							"post": [0, 0, 0],
							"lerp_mode": "catmullrom"
						}
					},
					"position": {
						"0.0": {
							"post": [0, 0, 0],
							"lerp_mode": "catmullrom"
						},
						"0.0833": {
							"post": [-8, -4, 4],
							"lerp_mode": "catmullrom"
						},
						"0.125": {
							"post": [9.2479, 7.14632, -8.72319],
							"lerp_mode": "catmullrom"
						},
						"0.1667": {
							"post": [9.2479, 7.14632, -8.72319],
							"lerp_mode": "catmullrom"
						},
						"0.2083": {
							"post": [8.66776, 6.51921, -8.48837],
							"lerp_mode": "catmullrom"
						},
						"0.25": {
							"post": [9.12, 6.81, -8.96],
							"lerp_mode": "catmullrom"
						},
						"0.5833": {
							"post": [9.66776, 6.51921, -8.48837],
							"lerp_mode": "catmullrom"
						},
						"0.75": {
							"post": [5.6792, 1.08328, -7.40935],
							"lerp_mode": "catmullrom"
						},
						"0.9583": {
							"post": [-0.75, -2, -0.5],
							"lerp_mode": "catmullrom"
						},
						"1.125": {
							"post": [0, 0, 0],
							"lerp_mode": "catmullrom"
						}
					}
				},
				"lefthand": {
					"rotation": {
						"0.0": [97.57308, -36.58254, -147.98537],
						"0.125": [-3.45526, -21.98018, -107.00671],
						"0.6667": [-3.45526, -21.98018, -107.00671],
						"0.9167": [97.57308, -36.58254, -147.98537]
					},
					"position": {
						"0.0": [8.05932, -13.62, -18.66062],
						"0.125": [5.80932, -13.62, -18.66062],
						"0.6667": [5.80932, -13.62, -18.66062],
						"0.9167": [8.05932, -13.62, -18.66062]
					},
					"scale": [1, 1.5, 1]
				},
				"righthand": {
					"rotation": {
						"0.0": [99.05188, 15.0716, -167.92777],
						"0.0833": [3.92783, 5.09571, -191.13359],
						"0.6667": [3.92783, 5.09571, -191.13359],
						"0.75": [69.40223, 9.70429, -174.52807],
						"0.875": [99.05188, 15.0716, -167.92777]
					},
					"position": {
						"0.0": [-6.88281, -13.925, -8.98125],
						"0.0833": [-6.68, -8.62, -2.03],
						"0.6667": [-6.68, -8.62, -2.03],
						"0.75": [-9.43, -11.18, -3.02],
						"0.875": [-6.88281, -13.925, -8.98125]
					},
					"scale": [1, 1.5, 1]
				},
				"camera": {
					"rotation": {
						"0.0": {
							"post": [0, 0, 0],
							"lerp_mode": "catmullrom"
						},
						"0.0833": {
							"post": [1, 2, 2.5],
							"lerp_mode": "catmullrom"
						},
						"0.125": {
							"post": [-1.5, -1.1, -2.5],
							"lerp_mode": "catmullrom"
						},
						"0.2083": {
							"post": [1, 0.5, 1],
							"lerp_mode": "catmullrom"
						},
						"0.2917": {
							"post": [-0.6, -0.7, -1],
							"lerp_mode": "catmullrom"
						},
						"0.4167": {
							"post": [0.4, 0.6, 0],
							"lerp_mode": "catmullrom"
						},
						"0.625": {
							"post": [0, 0, 0],
							"lerp_mode": "catmullrom"
						},
						"0.75": {
							"post": [1, 1.5, 0],
							"lerp_mode": "catmullrom"
						},
						"0.9167": {
							"post": [0, 0, 0],
							"lerp_mode": "catmullrom"
						},
						"1.0833": {
							"post": [0, 0, 0],
							"lerp_mode": "catmullrom"
						}
					}
				}
			}
		},
		"run_end": {
			"animation_length": 0.625,
			"bones": {
				"root": {
					"rotation": {
						"0.0": {
							"post": [6.46, -37.29, 8.96],
							"lerp_mode": "catmullrom"
						},
						"0.0833": {
							"post": [8.14, -33.67, 9.81],
							"lerp_mode": "catmullrom"
						},
						"0.25": {
							"post": [-1, -2, -1],
							"lerp_mode": "catmullrom"
						},
						"0.4583": {
							"post": [1, -2.5, 5],
							"lerp_mode": "catmullrom"
						},
						"0.5417": {
							"post": [0, -2.5, 2.5],
							"lerp_mode": "catmullrom"
						},
						"0.625": {
							"post": [0, 0, 0],
							"lerp_mode": "catmullrom"
						}
					},
					"position": {
						"0.0": {
							"post": [1.17, -2.25, 0],
							"lerp_mode": "catmullrom"
						},
						"0.0833": {
							"post": [1, -2.62, 0],
							"lerp_mode": "catmullrom"
						},
						"0.25": {
							"post": [-0.25, -1.25, 0],
							"lerp_mode": "catmullrom"
						},
						"0.3333": {
							"post": [-0.75, -0.75, 0],
							"lerp_mode": "catmullrom"
						},
						"0.4583": {
							"post": [-0.75, -0.5, -0.5],
							"lerp_mode": "catmullrom"
						},
						"0.625": {
							"post": [0, 0, 0],
							"lerp_mode": "catmullrom"
						}
					}
				}
			}
		}
	}
}