{
	"format_version": "1.8.0",
	"animations": {
		"static_idle": {
			"loop": true,
			"animation_length": 13.0833,
			"bones": {
				"lefthand": {
					"rotation": [132.35373, -3.9364, -228.496],
					"position": [8.98902, -13.87781, -18.26218],
					"scale": [1, 1.5, 1]
				},
				"righthand": {
					"rotation": [99.05188, 15.0716, -167.92777],
					"position": [-6.86719, -14.26875, -8.55156],
					"scale": [1, 1.5, 1]
				}
			}
		},
		"inspect": {
			"loop": "hold_on_last_frame",
			"animation_length": 6.875,
			"bones": {
				"lefthand": {
					"rotation": {
						"0.0": [132.35373, -3.9364, -228.496],
						"0.5417": [139.85, 3.56, -236],
						"3.375": [139.85, 3.56, -236],
						"3.7083": {
							"pre": [162.35, -1.44, -208.5],
							"post": [162.35, -1.44, -208.5],
							"lerp_mode": "catmullrom"
						},
						"3.875": {
							"post": [162.35, -1.44, -208.5],
							"lerp_mode": "catmullrom"
						},
						"4.0": {
							"post": [162.35, 3.56, -208.5],
							"lerp_mode": "catmullrom"
						},
						"4.0833": {
							"post": [162.35, 3.56, -208.5],
							"lerp_mode": "catmullrom"
						},
						"4.2083": {
							"post": [162.35, 3.56, -208.5],
							"lerp_mode": "catmullrom"
						},
						"5.6667": {
							"post": [162.35, 3.56, -208.5],
							"lerp_mode": "catmullrom"
						},
						"6.2083": {
							"post": [132.35373, -3.9364, -228.496],
							"lerp_mode": "catmullrom"
						}
					},
					"position": {
						"0.0": [8.98902, -13.87781, -18.26218],
						"0.5417": [8.99, -13.88, -18.26],
						"3.375": [8.99, -13.88, -18.26],
						"3.7083": {
							"pre": [13.99, -11.88, -7.26],
							"post": [13.99, -11.88, -7.26],
							"lerp_mode": "catmullrom"
						},
						"3.875": {
							"post": [13.99, -11.88, -7.26],
							"lerp_mode": "catmullrom"
						},
						"4.0": {
							"post": [10.99, -11.13, -7.26],
							"lerp_mode": "catmullrom"
						},
						"4.0833": {
							"post": [10.99, -11.13, -7.26],
							"lerp_mode": "catmullrom"
						},
						"4.2083": {
							"post": [11.99, -11.13, -7.26],
							"lerp_mode": "catmullrom"
						},
						"5.6667": {
							"post": [11.99, -11.13, -7.26],
							"lerp_mode": "catmullrom"
						},
						"6.0": {
							"post": [11.06, -12.9, -14.33],
							"lerp_mode": "catmullrom"
						},
						"6.2083": {
							"post": [8.98902, -13.87781, -18.26218],
							"lerp_mode": "catmullrom"
						}
					},
					"scale": [1, 1.5, 1]
				},
				"righthand": {
					"rotation": [99.05188, 15.0716, -167.92777],
					"position": [-6.86719, -14.26875, -8.55156],
					"scale": [1, 1.5, 1]
				},
				"root": {
					"rotation": {
						"0.0": {
							"post": [0, 0, 0],
							"lerp_mode": "catmullrom"
						},
						"0.5": {
							"post": [2.5, -7.5, -7.5],
							"lerp_mode": "catmullrom"
						},
						"3.3333": {
							"post": [2.5, -7.5, -7.5],
							"lerp_mode": "catmullrom"
						},
						"3.9167": {
							"post": [2.5, -2.5, -2.5],
							"lerp_mode": "catmullrom"
						},
						"4.0833": {
							"post": [2.5, -2.5, -2.5],
							"lerp_mode": "catmullrom"
						},
						"4.1667": {
							"post": [2.5, -3.5, -3.5],
							"lerp_mode": "catmullrom"
						},
						"4.6667": {
							"post": [1.84, -2.68, -3.43],
							"lerp_mode": "catmullrom"
						},
						"6.25": {
							"post": [1.5, -2.5, -2.5],
							"lerp_mode": "catmullrom"
						},
						"6.7083": {
							"post": [0, 0, 0],
							"lerp_mode": "catmullrom"
						}
					},
					"position": {
						"0.0": {
							"post": [0, 0, 0],
							"lerp_mode": "catmullrom"
						},
						"0.5": {
							"post": [-2, -0.25, -1.5],
							"lerp_mode": "catmullrom"
						},
						"3.3333": {
							"post": [-2, -0.25, -1.5],
							"lerp_mode": "catmullrom"
						},
						"3.9167": {
							"post": [-1, 0.75, -1.5],
							"lerp_mode": "catmullrom"
						},
						"4.0833": {
							"post": [-1, 0.75, -1.5],
							"lerp_mode": "catmullrom"
						},
						"6.25": {
							"post": [-1.25, 0.75, -1.5],
							"lerp_mode": "catmullrom"
						},
						"6.7083": {
							"post": [0, 0, 0],
							"lerp_mode": "catmullrom"
						}
					}
				},
				"tubes": {
					"rotation": {
						"4.125": {
							"pre": [0, 0, 0],
							"post": [0, 0, 0],
							"lerp_mode": "catmullrom"
						},
						"4.2917": {
							"post": [0, 0, -50],
							"lerp_mode": "catmullrom"
						},
						"4.6667": [0, 0, 190],
						"4.75": [0, 0, 205],
						"4.8333": [0, 0, 180],
						"4.875": {
							"pre": [0, 0, 180],
							"post": [0, 0, -180]
						},
						"5.1667": {
							"pre": [0, 0, -180],
							"post": [0, 0, -180]
						},
						"5.25": {
							"pre": [0, 0, -180],
							"post": [0, 0, -180],
							"lerp_mode": "catmullrom"
						},
						"5.4167": {
							"post": [0, 0, -230],
							"lerp_mode": "catmullrom"
						},
						"5.7917": {
							"post": [0, 0, 10],
							"lerp_mode": "catmullrom"
						},
						"5.9167": {
							"post": [0, 0, 0],
							"lerp_mode": "catmullrom"
						}
					}
				},
				"camera": {
					"rotation": {
						"0.0": {
							"post": [0, 0, 0],
							"lerp_mode": "catmullrom"
						},
						"0.625": {
							"post": [5, 17.5, -2.5],
							"lerp_mode": "catmullrom"
						},
						"1.375": {
							"post": [11, 23.5, -5.5],
							"lerp_mode": "catmullrom"
						},
						"2.0833": {
							"post": [13.5, 23.5, -5.5],
							"lerp_mode": "catmullrom"
						},
						"3.125": {
							"post": [0, 15.5, -2.5],
							"lerp_mode": "catmullrom"
						},
						"3.75": {
							"post": [2.5, 5, 0],
							"lerp_mode": "catmullrom"
						},
						"6.25": {
							"post": [2.5, 5, 0],
							"lerp_mode": "catmullrom"
						},
						"6.7083": {
							"post": [0, 0, 0],
							"lerp_mode": "catmullrom"
						}
					}
				}
			},
			"sound_effects": {
				"4.0833": {
					"effect": "halor6:m41_spnkr/m41_spnkr_shoot_anim"
				},
				"5.2083": {
					"effect": "halor6:m41_spnkr/m41_spnkr_shoot_anim"
				}
			}
		},
		"inspect_empty": {
			"loop": "hold_on_last_frame",
			"animation_length": 6.875,
			"bones": {
				"lefthand": {
					"rotation": {
						"0.0": [132.35373, -3.9364, -228.496],
						"0.5417": [139.85, 3.56, -236],
						"3.375": [139.85, 3.56, -236],
						"3.7083": {
							"pre": [162.35, -1.44, -208.5],
							"post": [162.35, -1.44, -208.5],
							"lerp_mode": "catmullrom"
						},
						"3.875": {
							"post": [162.35, -1.44, -208.5],
							"lerp_mode": "catmullrom"
						},
						"4.0": {
							"post": [162.35, 3.56, -208.5],
							"lerp_mode": "catmullrom"
						},
						"4.0833": {
							"post": [162.35, 3.56, -208.5],
							"lerp_mode": "catmullrom"
						},
						"4.2083": {
							"post": [162.35, 3.56, -208.5],
							"lerp_mode": "catmullrom"
						},
						"5.6667": {
							"post": [162.35, 3.56, -208.5],
							"lerp_mode": "catmullrom"
						},
						"6.2083": {
							"post": [132.35373, -3.9364, -228.496],
							"lerp_mode": "catmullrom"
						}
					},
					"position": {
						"0.0": [8.98902, -13.87781, -18.26218],
						"0.5417": [8.99, -13.88, -18.26],
						"3.375": [8.99, -13.88, -18.26],
						"3.7083": {
							"pre": [13.99, -11.88, -7.26],
							"post": [13.99, -11.88, -7.26],
							"lerp_mode": "catmullrom"
						},
						"3.875": {
							"post": [13.99, -11.88, -7.26],
							"lerp_mode": "catmullrom"
						},
						"4.0": {
							"post": [10.99, -11.13, -7.26],
							"lerp_mode": "catmullrom"
						},
						"4.0833": {
							"post": [10.99, -11.13, -7.26],
							"lerp_mode": "catmullrom"
						},
						"4.2083": {
							"post": [11.99, -11.13, -7.26],
							"lerp_mode": "catmullrom"
						},
						"5.6667": {
							"post": [11.99, -11.13, -7.26],
							"lerp_mode": "catmullrom"
						},
						"6.0": {
							"post": [11.06, -12.9, -14.33],
							"lerp_mode": "catmullrom"
						},
						"6.2083": {
							"post": [8.98902, -13.87781, -18.26218],
							"lerp_mode": "catmullrom"
						}
					},
					"scale": [1, 1.5, 1]
				},
				"righthand": {
					"rotation": [99.05188, 15.0716, -167.92777],
					"position": [-6.86719, -14.26875, -8.55156],
					"scale": [1, 1.5, 1]
				},
				"root": {
					"rotation": {
						"0.0": {
							"post": [0, 0, 0],
							"lerp_mode": "catmullrom"
						},
						"0.5": {
							"post": [2.5, -7.5, -7.5],
							"lerp_mode": "catmullrom"
						},
						"3.3333": {
							"post": [2.5, -7.5, -7.5],
							"lerp_mode": "catmullrom"
						},
						"3.9167": {
							"post": [2.5, -2.5, -2.5],
							"lerp_mode": "catmullrom"
						},
						"4.0833": {
							"post": [2.5, -2.5, -2.5],
							"lerp_mode": "catmullrom"
						},
						"4.1667": {
							"post": [2.5, -3.5, -3.5],
							"lerp_mode": "catmullrom"
						},
						"4.6667": {
							"post": [1.84, -2.68, -3.43],
							"lerp_mode": "catmullrom"
						},
						"6.25": {
							"post": [1.5, -2.5, -2.5],
							"lerp_mode": "catmullrom"
						},
						"6.7083": {
							"post": [0, 0, 0],
							"lerp_mode": "catmullrom"
						}
					},
					"position": {
						"0.0": {
							"post": [0, 0, 0],
							"lerp_mode": "catmullrom"
						},
						"0.5": {
							"post": [-2, -0.25, -1.5],
							"lerp_mode": "catmullrom"
						},
						"3.3333": {
							"post": [-2, -0.25, -1.5],
							"lerp_mode": "catmullrom"
						},
						"3.9167": {
							"post": [-1, 0.75, -1.5],
							"lerp_mode": "catmullrom"
						},
						"4.0833": {
							"post": [-1, 0.75, -1.5],
							"lerp_mode": "catmullrom"
						},
						"6.25": {
							"post": [-1.25, 0.75, -1.5],
							"lerp_mode": "catmullrom"
						},
						"6.7083": {
							"post": [0, 0, 0],
							"lerp_mode": "catmullrom"
						}
					}
				},
				"tubes": {
					"rotation": {
						"4.125": {
							"pre": [0, 0, 0],
							"post": [0, 0, 0],
							"lerp_mode": "catmullrom"
						},
						"4.2917": {
							"post": [0, 0, -50],
							"lerp_mode": "catmullrom"
						},
						"4.6667": [0, 0, 190],
						"4.75": [0, 0, 205],
						"4.8333": [0, 0, 180],
						"4.875": {
							"pre": [0, 0, 180],
							"post": [0, 0, -180]
						},
						"5.1667": {
							"pre": [0, 0, -180],
							"post": [0, 0, -180]
						},
						"5.25": {
							"pre": [0, 0, -180],
							"post": [0, 0, -180],
							"lerp_mode": "catmullrom"
						},
						"5.4167": {
							"post": [0, 0, -230],
							"lerp_mode": "catmullrom"
						},
						"5.7917": {
							"post": [0, 0, 10],
							"lerp_mode": "catmullrom"
						},
						"5.9167": {
							"post": [0, 0, 0],
							"lerp_mode": "catmullrom"
						}
					}
				},
				"camera": {
					"rotation": {
						"0.0": {
							"post": [0, 0, 0],
							"lerp_mode": "catmullrom"
						},
						"0.625": {
							"post": [5, 17.5, -2.5],
							"lerp_mode": "catmullrom"
						},
						"1.375": {
							"post": [11, 23.5, -5.5],
							"lerp_mode": "catmullrom"
						},
						"2.0833": {
							"post": [13.5, 23.5, -5.5],
							"lerp_mode": "catmullrom"
						},
						"3.125": {
							"post": [0, 15.5, -2.5],
							"lerp_mode": "catmullrom"
						},
						"3.75": {
							"post": [2.5, 5, 0],
							"lerp_mode": "catmullrom"
						},
						"6.25": {
							"post": [2.5, 5, 0],
							"lerp_mode": "catmullrom"
						},
						"6.7083": {
							"post": [0, 0, 0],
							"lerp_mode": "catmullrom"
						}
					}
				}
			},
			"sound_effects": {
				"4.0833": {
					"effect": "halor6:m41_spnkr/m41_spnkr_shoot_anim"
				},
				"5.2083": {
					"effect": "halor6:m41_spnkr/m41_spnkr_shoot_anim"
				}
			}
		},
		"reload_tactical": {
			"loop": "hold_on_last_frame",
			"animation_length": 3.9333,
			"bones": {
				"lefthand": {
					"rotation": {
						"0.0": [132.35373, -3.9364, -228.496],
						"0.2": {
							"pre": [179.85, -3.94, -201],
							"post": [179.85, -3.94, -201],
							"lerp_mode": "catmullrom"
						},
						"0.3667": {
							"post": [179.85, -3.94, -206],
							"lerp_mode": "catmullrom"
						},
						"0.5333": {
							"post": [179.85, -3.94, -208.5],
							"lerp_mode": "catmullrom"
						},
						"0.7": {
							"post": [179.85, -3.94, -226],
							"lerp_mode": "catmullrom"
						},
						"0.8": {
							"post": [179.85, -3.94, -231],
							"lerp_mode": "catmullrom"
						},
						"0.9667": {
							"post": [179.85, -3.94, -226],
							"lerp_mode": "catmullrom"
						},
						"1.0333": {
							"post": [179.85, -3.94, -226],
							"lerp_mode": "catmullrom"
						},
						"1.1333": {
							"post": [179.85, -3.94, -216],
							"lerp_mode": "catmullrom"
						},
						"1.2667": {
							"post": [162.35, -3.94, -246],
							"lerp_mode": "catmullrom"
						},
						"1.4": {
							"post": [162.35, -3.94, -246],
							"lerp_mode": "catmullrom"
						},
						"1.5333": {
							"post": [162.35, -3.94, -246],
							"lerp_mode": "catmullrom"
						},
						"1.7333": [184.4494, 9.1324, -223.97413],
						"2.4": [184.4494, 9.1324, -223.97413],
						"2.6": [183.88561, -2.33843, -219.01553],
						"2.7": [183.88561, -2.33843, -219.01553],
						"2.7667": [183.89, -2.34, -219.02],
						"2.9667": [183.89, -2.34, -219.02],
						"3.3667": [132.35373, -3.9364, -228.496]
					},
					"position": {
						"0.0": [8.98902, -13.87781, -18.26218],
						"0.2": {
							"pre": [13.99, -10.88, -6.26],
							"post": [13.99, -10.88, -6.26],
							"lerp_mode": "catmullrom"
						},
						"0.3667": {
							"post": [8.99, -0.38, -2.26],
							"lerp_mode": "catmullrom"
						},
						"0.5333": {
							"post": [8.49, 1.12, -2.26],
							"lerp_mode": "catmullrom"
						},
						"0.7": {
							"post": [13.99, -8.88, -3.26],
							"lerp_mode": "catmullrom"
						},
						"0.8": {
							"post": [14.99, -8.88, -3.26],
							"lerp_mode": "catmullrom"
						},
						"0.9667": {
							"post": [4.99, -3.88, -3.26],
							"lerp_mode": "catmullrom"
						},
						"1.0333": {
							"post": [4.99, -3.88, -3.26],
							"lerp_mode": "catmullrom"
						},
						"1.1333": {
							"post": [9.99, -7.88, -3.26],
							"lerp_mode": "catmullrom"
						},
						"1.2667": {
							"post": [14.99, -15.88, -3.26],
							"lerp_mode": "catmullrom"
						},
						"1.4": {
							"post": [14.99, -25.88, -3.26],
							"lerp_mode": "catmullrom"
						},
						"1.5333": {
							"post": [6.99, -2.88, -3.26],
							"lerp_mode": "catmullrom"
						},
						"1.7333": [7.99, -3.88, -2.26],
						"2.4": [7.99, -3.88, -2.26],
						"2.5": [7.99, -1.38, -1.71],
						"2.6": [5.99, 1.12, -1.15062],
						"2.7": [5.99, 1.12, -1.15062],
						"2.7667": [9.99, -2.63, -1.15],
						"2.9667": [9.99, -2.63, -1.15],
						"3.1667": [11.45, -8.69, -10.36],
						"3.3667": [8.98902, -13.87781, -18.26218]
					},
					"scale": [1, 1.5, 1]
				},
				"righthand": {
					"rotation": [99.05188, 15.0716, -167.92777],
					"position": [-6.86719, -14.26875, -8.55156],
					"scale": [1, 1.5, 1]
				},
				"root": {
					"rotation": {
						"0.0": {
							"post": [0, 0, 0],
							"lerp_mode": "catmullrom"
						},
						"0.3": {
							"post": [22.5, 0, 0],
							"lerp_mode": "catmullrom"
						},
						"0.4": {
							"post": [22.32648, 2.86313, -9.43488],
							"lerp_mode": "catmullrom"
						},
						"0.7333": {
							"post": [22.5, 0, 0],
							"lerp_mode": "catmullrom"
						},
						"0.9": {
							"post": [22.5, 0, -5],
							"lerp_mode": "catmullrom"
						},
						"1.0667": {
							"post": [19.25656, 11.86554, -30.48005],
							"lerp_mode": "catmullrom"
						},
						"1.4": {
							"post": [22.48579, 0.95879, -2.31048],
							"lerp_mode": "catmullrom"
						},
						"2.1333": {
							"post": [24.07, 0.32, -0.65],
							"lerp_mode": "catmullrom"
						},
						"2.1667": {
							"post": [24.08, 0.32, -0.66],
							"lerp_mode": "catmullrom"
						},
						"2.4": {
							"post": [22.48579, -4.04121, 2.68952],
							"lerp_mode": "catmullrom"
						},
						"2.7333": {
							"post": [22.48579, -4.04121, 2.68952],
							"lerp_mode": "catmullrom"
						},
						"2.8": {
							"post": [27.48579, -7.04121, 7.18952],
							"lerp_mode": "catmullrom"
						},
						"3.0667": {
							"post": [24.98579, -2.04121, 4.68952],
							"lerp_mode": "catmullrom"
						},
						"3.3667": {
							"post": [2.06017, -1.1144, 5.20444],
							"lerp_mode": "catmullrom"
						},
						"3.6333": {
							"post": [0.7, -0.76, 1.725],
							"lerp_mode": "catmullrom"
						},
						"3.7333": {
							"post": [-0.06693, 0.15151, -0.28733],
							"lerp_mode": "catmullrom"
						},
						"3.9333": {
							"post": [0, 0, 0],
							"lerp_mode": "catmullrom"
						}
					},
					"position": {
						"0.0": {
							"post": [0, 0, 0],
							"lerp_mode": "catmullrom"
						},
						"0.1667": {
							"post": [0.5, -3, -3],
							"lerp_mode": "catmullrom"
						},
						"0.3333": {
							"post": [0.5, -3, -3],
							"lerp_mode": "catmullrom"
						},
						"0.4": {
							"post": [-0.5, -3, -3],
							"lerp_mode": "catmullrom"
						},
						"0.6333": {
							"post": [0.5, -3, -3],
							"lerp_mode": "catmullrom"
						},
						"0.8667": {
							"post": [0.25, -3, -3],
							"lerp_mode": "catmullrom"
						},
						"0.9333": {
							"post": [-1, -3, -3],
							"lerp_mode": "catmullrom"
						},
						"1.0667": {
							"post": [-1.78, -3, -2.99],
							"lerp_mode": "catmullrom"
						},
						"1.4": {
							"post": [0.25, -3, -3],
							"lerp_mode": "catmullrom"
						},
						"2.1333": {
							"post": [-0.06, -3.12, -3.18],
							"lerp_mode": "catmullrom"
						},
						"2.1667": {
							"post": [-1.06, -4.12, -3.18],
							"lerp_mode": "catmullrom"
						},
						"2.4": {
							"post": [0.25, -2.75, -3],
							"lerp_mode": "catmullrom"
						},
						"2.7333": {
							"post": [-0.25, -2.25, -3],
							"lerp_mode": "catmullrom"
						},
						"2.8": {
							"post": [0, -4.5, -3],
							"lerp_mode": "catmullrom"
						},
						"3.0667": {
							"post": [-1, -3.5, -3],
							"lerp_mode": "catmullrom"
						},
						"3.3667": {
							"post": [-0.33, 0.62, 0.64],
							"lerp_mode": "catmullrom"
						},
						"3.5667": {
							"post": [-0.31, -0.665, 0.51],
							"lerp_mode": "catmullrom"
						},
						"3.6333": {
							"post": [-0.27, -0.655, 0.35],
							"lerp_mode": "catmullrom"
						},
						"3.8333": {
							"post": [-0.06, -0.04, 0.025],
							"lerp_mode": "catmullrom"
						},
						"3.9333": {
							"post": [0, 0, 0],
							"lerp_mode": "catmullrom"
						}
					}
				},
				"mag_and_lefthand": {
					"rotation": {
						"1.5333": [0, 0, 0],
						"1.8": {
							"pre": [-17.49524, -9.84655, 82.51876],
							"post": [-17.49524, -9.84655, 82.51876],
							"lerp_mode": "catmullrom"
						},
						"1.9333": {
							"post": [0, -20, 21],
							"lerp_mode": "catmullrom"
						},
						"2.0": {
							"post": [10, -2.5, 35],
							"lerp_mode": "catmullrom"
						},
						"2.1333": {
							"post": [0, 0, 0],
							"lerp_mode": "catmullrom"
						}
					},
					"position": {
						"1.3": [0, 0, 0],
						"1.5333": [21, -31, 0],
						"1.9333": {
							"pre": [34.1, -11.2, 0],
							"post": [34.1, -11.2, 0],
							"lerp_mode": "catmullrom"
						},
						"2.0": {
							"post": [22, 0, 0],
							"lerp_mode": "catmullrom"
						},
						"2.0667": {
							"post": [7, 6, 0],
							"lerp_mode": "catmullrom"
						},
						"2.1333": {
							"post": [0, 0, 0],
							"lerp_mode": "catmullrom"
						}
					}
				},
				"tubes": {
					"rotation": {
						"0.8667": [0, 0, 0],
						"0.9667": [0, 0, -27.5],
						"1.2667": [0, 0, -120],
						"1.5333": [0, 0, 0]
					},
					"position": {
						"0.8667": [0, 0, 0],
						"0.9667": [-3, 4, 0],
						"1.1667": [-19, 4, 0],
						"1.3": [-17, -50, 0],
						"1.5333": [0, 0, 0]
					}
				},
				"clamp_upper": {
					"rotation": {
						"0.3": [0, 0, 0],
						"0.4667": [0, 0, -112.5],
						"0.9667": [0, 0, -112.5],
						"1.0667": [0, 0, -135],
						"1.3": [0, 0, -120],
						"2.1667": [0, 0, -120],
						"2.2667": {
							"pre": [0, 0, -37.5],
							"post": [0, 0, -37.5],
							"lerp_mode": "catmullrom"
						},
						"2.3333": {
							"post": [0, 0, -45],
							"lerp_mode": "catmullrom"
						},
						"2.4667": {
							"post": [0, 0, -40],
							"lerp_mode": "catmullrom"
						},
						"2.6": [0, 0, -40],
						"2.7": [0, 0, -40],
						"2.7667": [0, 0, 0]
					}
				},
				"camera": {
					"rotation": {
						"0.3": {
							"pre": [0, 0, 0],
							"post": [0, 0, 0],
							"lerp_mode": "catmullrom"
						},
						"0.3667": {
							"post": [-0.5, 0.5, -0.5],
							"lerp_mode": "catmullrom"
						},
						"0.5333": {
							"post": [0.5, -0.5, 0.25],
							"lerp_mode": "catmullrom"
						},
						"0.8667": {
							"post": [0, 0, 0],
							"lerp_mode": "catmullrom"
						},
						"0.9333": {
							"post": [-1, 2, -1],
							"lerp_mode": "catmullrom"
						},
						"1.0333": {
							"post": [-1.5, 2.5, -2],
							"lerp_mode": "catmullrom"
						},
						"1.2": {
							"post": [0.25, 0.25, 0.25],
							"lerp_mode": "catmullrom"
						},
						"1.4333": {
							"post": [0, 0, 0],
							"lerp_mode": "catmullrom"
						},
						"1.7333": {
							"post": [0, 0, 0],
							"lerp_mode": "catmullrom"
						},
						"2.1": {
							"post": [-0.5, -0.25, -0.5],
							"lerp_mode": "catmullrom"
						},
						"2.1667": {
							"post": [1, -1, 1],
							"lerp_mode": "catmullrom"
						},
						"2.3333": {
							"post": [-0.25, -0.25, -0.25],
							"lerp_mode": "catmullrom"
						},
						"2.7333": {
							"post": [-0.5, 0.25, 0.5],
							"lerp_mode": "catmullrom"
						},
						"2.7667": {
							"post": [1.5, -0.5, -1],
							"lerp_mode": "catmullrom"
						},
						"2.9": {
							"post": [1.5, -0.5, 0.5],
							"lerp_mode": "catmullrom"
						},
						"3.3667": {
							"post": [-0.5, 0, 0],
							"lerp_mode": "catmullrom"
						},
						"3.5667": {
							"post": [0, 0, 0],
							"lerp_mode": "catmullrom"
						}
					}
				}
			},
			"sound_effects": {
				"0.0": {
					"effect": "halor6:m41_spnkr/m41_spnkr_reload"
				},
				"3.1333": {
					"effect": "halor6:m41_spnkr/m41_spnkr_reload_end"
				}
			}
		},
		"reload_empty": {
			"loop": "hold_on_last_frame",
			"animation_length": 3.9333,
			"bones": {
				"lefthand": {
					"rotation": {
						"0.0": [132.35373, -3.9364, -228.496],
						"0.2": {
							"pre": [179.85, -3.94, -201],
							"post": [179.85, -3.94, -201],
							"lerp_mode": "catmullrom"
						},
						"0.3667": {
							"post": [179.85, -3.94, -206],
							"lerp_mode": "catmullrom"
						},
						"0.5333": {
							"post": [179.85, -3.94, -208.5],
							"lerp_mode": "catmullrom"
						},
						"0.7": {
							"post": [179.85, -3.94, -226],
							"lerp_mode": "catmullrom"
						},
						"0.8": {
							"post": [179.85, -3.94, -231],
							"lerp_mode": "catmullrom"
						},
						"0.9667": {
							"post": [179.85, -3.94, -226],
							"lerp_mode": "catmullrom"
						},
						"1.0333": {
							"post": [179.85, -3.94, -226],
							"lerp_mode": "catmullrom"
						},
						"1.1333": {
							"post": [179.85, -3.94, -216],
							"lerp_mode": "catmullrom"
						},
						"1.2667": {
							"post": [162.35, -3.94, -246],
							"lerp_mode": "catmullrom"
						},
						"1.4": {
							"post": [162.35, -3.94, -246],
							"lerp_mode": "catmullrom"
						},
						"1.5333": {
							"post": [162.35, -3.94, -246],
							"lerp_mode": "catmullrom"
						},
						"1.7333": [184.4494, 9.1324, -223.97413],
						"2.4": [184.4494, 9.1324, -223.97413],
						"2.6": [183.88561, -2.33843, -219.01553],
						"2.7": [183.88561, -2.33843, -219.01553],
						"2.7667": [183.89, -2.34, -219.02],
						"2.9667": [183.89, -2.34, -219.02],
						"3.3667": [132.35373, -3.9364, -228.496]
					},
					"position": {
						"0.0": [8.98902, -13.87781, -18.26218],
						"0.2": {
							"pre": [13.99, -10.88, -6.26],
							"post": [13.99, -10.88, -6.26],
							"lerp_mode": "catmullrom"
						},
						"0.3667": {
							"post": [8.99, -0.38, -2.26],
							"lerp_mode": "catmullrom"
						},
						"0.5333": {
							"post": [8.49, 1.12, -2.26],
							"lerp_mode": "catmullrom"
						},
						"0.7": {
							"post": [13.99, -8.88, -3.26],
							"lerp_mode": "catmullrom"
						},
						"0.8": {
							"post": [14.99, -8.88, -3.26],
							"lerp_mode": "catmullrom"
						},
						"0.9667": {
							"post": [4.99, -3.88, -3.26],
							"lerp_mode": "catmullrom"
						},
						"1.0333": {
							"post": [4.99, -3.88, -3.26],
							"lerp_mode": "catmullrom"
						},
						"1.1333": {
							"post": [9.99, -7.88, -3.26],
							"lerp_mode": "catmullrom"
						},
						"1.2667": {
							"post": [14.99, -15.88, -3.26],
							"lerp_mode": "catmullrom"
						},
						"1.4": {
							"post": [14.99, -25.88, -3.26],
							"lerp_mode": "catmullrom"
						},
						"1.5333": {
							"post": [6.99, -2.88, -3.26],
							"lerp_mode": "catmullrom"
						},
						"1.7333": [7.99, -3.88, -2.26],
						"2.4": [7.99, -3.88, -2.26],
						"2.5": [7.99, -1.38, -1.71],
						"2.6": [5.99, 1.12, -1.15062],
						"2.7": [5.99, 1.12, -1.15062],
						"2.7667": [9.99, -2.63, -1.15],
						"2.9667": [9.99, -2.63, -1.15],
						"3.1667": [11.45, -8.69, -10.36],
						"3.3667": [8.98902, -13.87781, -18.26218]
					},
					"scale": [1, 1.5, 1]
				},
				"righthand": {
					"rotation": [99.05188, 15.0716, -167.92777],
					"position": [-6.86719, -14.26875, -8.55156],
					"scale": [1, 1.5, 1]
				},
				"root": {
					"rotation": {
						"0.0": {
							"post": [0, 0, 0],
							"lerp_mode": "catmullrom"
						},
						"0.3": {
							"post": [22.5, 0, 0],
							"lerp_mode": "catmullrom"
						},
						"0.4": {
							"post": [22.32648, 2.86313, -9.43488],
							"lerp_mode": "catmullrom"
						},
						"0.7333": {
							"post": [22.5, 0, 0],
							"lerp_mode": "catmullrom"
						},
						"0.9": {
							"post": [22.5, 0, -5],
							"lerp_mode": "catmullrom"
						},
						"1.0667": {
							"post": [19.25656, 11.86554, -30.48005],
							"lerp_mode": "catmullrom"
						},
						"1.4": {
							"post": [22.48579, 0.95879, -2.31048],
							"lerp_mode": "catmullrom"
						},
						"2.1333": {
							"post": [24.07, 0.32, -0.65],
							"lerp_mode": "catmullrom"
						},
						"2.1667": {
							"post": [24.08, 0.32, -0.66],
							"lerp_mode": "catmullrom"
						},
						"2.4": {
							"post": [22.48579, -4.04121, 2.68952],
							"lerp_mode": "catmullrom"
						},
						"2.7333": {
							"post": [22.48579, -4.04121, 2.68952],
							"lerp_mode": "catmullrom"
						},
						"2.8": {
							"post": [27.48579, -7.04121, 7.18952],
							"lerp_mode": "catmullrom"
						},
						"3.0667": {
							"post": [24.98579, -2.04121, 4.68952],
							"lerp_mode": "catmullrom"
						},
						"3.3667": {
							"post": [2.06017, -1.1144, 5.20444],
							"lerp_mode": "catmullrom"
						},
						"3.6333": {
							"post": [0.7, -0.76, 1.725],
							"lerp_mode": "catmullrom"
						},
						"3.7333": {
							"post": [-0.06693, 0.15151, -0.28733],
							"lerp_mode": "catmullrom"
						},
						"3.9333": {
							"post": [0, 0, 0],
							"lerp_mode": "catmullrom"
						}
					},
					"position": {
						"0.0": {
							"post": [0, 0, 0],
							"lerp_mode": "catmullrom"
						},
						"0.1667": {
							"post": [0.5, -3, -3],
							"lerp_mode": "catmullrom"
						},
						"0.3333": {
							"post": [0.5, -3, -3],
							"lerp_mode": "catmullrom"
						},
						"0.4": {
							"post": [-0.5, -3, -3],
							"lerp_mode": "catmullrom"
						},
						"0.6333": {
							"post": [0.5, -3, -3],
							"lerp_mode": "catmullrom"
						},
						"0.8667": {
							"post": [0.25, -3, -3],
							"lerp_mode": "catmullrom"
						},
						"0.9333": {
							"post": [-1, -3, -3],
							"lerp_mode": "catmullrom"
						},
						"1.0667": {
							"post": [-1.78, -3, -2.99],
							"lerp_mode": "catmullrom"
						},
						"1.4": {
							"post": [0.25, -3, -3],
							"lerp_mode": "catmullrom"
						},
						"2.1333": {
							"post": [-0.06, -3.12, -3.18],
							"lerp_mode": "catmullrom"
						},
						"2.1667": {
							"post": [-1.06, -4.12, -3.18],
							"lerp_mode": "catmullrom"
						},
						"2.4": {
							"post": [0.25, -2.75, -3],
							"lerp_mode": "catmullrom"
						},
						"2.7333": {
							"post": [-0.25, -2.25, -3],
							"lerp_mode": "catmullrom"
						},
						"2.8": {
							"post": [0, -4.5, -3],
							"lerp_mode": "catmullrom"
						},
						"3.0667": {
							"post": [-1, -3.5, -3],
							"lerp_mode": "catmullrom"
						},
						"3.3667": {
							"post": [-0.33, 0.62, 0.64],
							"lerp_mode": "catmullrom"
						},
						"3.5667": {
							"post": [-0.31, -0.665, 0.51],
							"lerp_mode": "catmullrom"
						},
						"3.6333": {
							"post": [-0.27, -0.655, 0.35],
							"lerp_mode": "catmullrom"
						},
						"3.8333": {
							"post": [-0.06, -0.04, 0.025],
							"lerp_mode": "catmullrom"
						},
						"3.9333": {
							"post": [0, 0, 0],
							"lerp_mode": "catmullrom"
						}
					}
				},
				"mag_and_lefthand": {
					"rotation": {
						"1.5333": [0, 0, 0],
						"1.8": {
							"pre": [-17.49524, -9.84655, 82.51876],
							"post": [-17.49524, -9.84655, 82.51876],
							"lerp_mode": "catmullrom"
						},
						"1.9333": {
							"post": [0, -20, 21],
							"lerp_mode": "catmullrom"
						},
						"2.0": {
							"post": [10, -2.5, 35],
							"lerp_mode": "catmullrom"
						},
						"2.1333": {
							"post": [0, 0, 0],
							"lerp_mode": "catmullrom"
						}
					},
					"position": {
						"1.3": [0, 0, 0],
						"1.5333": [21, -31, 0],
						"1.9333": {
							"pre": [34.1, -11.2, 0],
							"post": [34.1, -11.2, 0],
							"lerp_mode": "catmullrom"
						},
						"2.0": {
							"post": [22, 0, 0],
							"lerp_mode": "catmullrom"
						},
						"2.0667": {
							"post": [7, 6, 0],
							"lerp_mode": "catmullrom"
						},
						"2.1333": {
							"post": [0, 0, 0],
							"lerp_mode": "catmullrom"
						}
					}
				},
				"tubes": {
					"rotation": {
						"0.8667": [0, 0, 0],
						"0.9667": [0, 0, -27.5],
						"1.2667": [0, 0, -120],
						"1.5333": [0, 0, 0]
					},
					"position": {
						"0.8667": [0, 0, 0],
						"0.9667": [-3, 4, 0],
						"1.1667": [-19, 4, 0],
						"1.3": [-17, -50, 0],
						"1.5333": [0, 0, 0]
					}
				},
				"clamp_upper": {
					"rotation": {
						"0.3": [0, 0, 0],
						"0.4667": [0, 0, -112.5],
						"0.9667": [0, 0, -112.5],
						"1.0667": [0, 0, -135],
						"1.3": [0, 0, -120],
						"2.1667": [0, 0, -120],
						"2.2667": {
							"pre": [0, 0, -37.5],
							"post": [0, 0, -37.5],
							"lerp_mode": "catmullrom"
						},
						"2.3333": {
							"post": [0, 0, -45],
							"lerp_mode": "catmullrom"
						},
						"2.4667": {
							"post": [0, 0, -40],
							"lerp_mode": "catmullrom"
						},
						"2.6": [0, 0, -40],
						"2.7": [0, 0, -40],
						"2.7667": [0, 0, 0]
					}
				},
				"camera": {
					"rotation": {
						"0.3": {
							"pre": [0, 0, 0],
							"post": [0, 0, 0],
							"lerp_mode": "catmullrom"
						},
						"0.3667": {
							"post": [-0.5, 0.5, -0.5],
							"lerp_mode": "catmullrom"
						},
						"0.5333": {
							"post": [0.5, -0.5, 0.25],
							"lerp_mode": "catmullrom"
						},
						"0.8667": {
							"post": [0, 0, 0],
							"lerp_mode": "catmullrom"
						},
						"0.9333": {
							"post": [-1, 2, -1],
							"lerp_mode": "catmullrom"
						},
						"1.0333": {
							"post": [-1.5, 2.5, -2],
							"lerp_mode": "catmullrom"
						},
						"1.2": {
							"post": [0.25, 0.25, 0.25],
							"lerp_mode": "catmullrom"
						},
						"1.4333": {
							"post": [0, 0, 0],
							"lerp_mode": "catmullrom"
						},
						"1.7333": {
							"post": [0, 0, 0],
							"lerp_mode": "catmullrom"
						},
						"2.1": {
							"post": [-0.5, -0.25, -0.5],
							"lerp_mode": "catmullrom"
						},
						"2.1667": {
							"post": [1, -1, 1],
							"lerp_mode": "catmullrom"
						},
						"2.3333": {
							"post": [-0.25, -0.25, -0.25],
							"lerp_mode": "catmullrom"
						},
						"2.7333": {
							"post": [-0.5, 0.25, 0.5],
							"lerp_mode": "catmullrom"
						},
						"2.7667": {
							"post": [1.5, -0.5, -1],
							"lerp_mode": "catmullrom"
						},
						"2.9": {
							"post": [1.5, -0.5, 0.5],
							"lerp_mode": "catmullrom"
						},
						"3.3667": {
							"post": [-0.5, 0, 0],
							"lerp_mode": "catmullrom"
						},
						"3.5667": {
							"post": [0, 0, 0],
							"lerp_mode": "catmullrom"
						}
					}
				}
			},
			"sound_effects": {
				"0.0": {
					"effect": "halor6:m41_spnkr/m41_spnkr_reload"
				},
				"3.1333": {
					"effect": "halor6:m41_spnkr/m41_spnkr_reload_end"
				}
			}
		},
		"melee_stock": {
			"animation_length": 1.525,
			"bones": {
				"lefthand": {
					"rotation": {
						"0.0": [132.35373, -3.9364, -228.496],
						"0.1": [154.85373, 11.0636, -228.496],
						"0.975": [154.85373, 11.0636, -228.496],
						"1.1": [132.35373, -3.9364, -228.496]
					},
					"position": {
						"0.0": [8.98902, -13.87781, -18.26218],
						"0.1": [8.49, -13.38, -18.26],
						"0.975": [8.49, -13.38, -18.26],
						"1.1": [8.98902, -13.87781, -18.26218]
					},
					"scale": [1, 1.5, 1]
				},
				"righthand": {
					"rotation": {
						"0.0": [99.05188, 15.0716, -167.92777],
						"0.125": [151.55, 2.57, -167.93],
						"0.2": [171.55, 2.57, -167.93],
						"0.95": [171.55, 2.57, -167.93],
						"1.075": [99.05188, 15.0716, -167.92777]
					},
					"position": {
						"0.0": [-6.86719, -14.26875, -8.55156],
						"0.05": [-8.8, -15.13, -7.69],
						"0.125": [-6.62, -17.27, -5.55],
						"0.2": [-6.62, -17.27, -5.55],
						"0.95": [-6.62, -17.27, -5.55],
						"1.025": [-8.8, -15.13, -7.69],
						"1.075": [-6.86719, -14.26875, -8.55156]
					},
					"scale": [1, 1.5, 1]
				},
				"root": {
					"rotation": {
						"0.0": {
							"post": [0, 0, 0],
							"lerp_mode": "catmullrom"
						},
						"0.175": {
							"post": [-5, -2.5, -5],
							"lerp_mode": "catmullrom"
						},
						"0.225": {
							"post": [97.5, -12.5, 5],
							"lerp_mode": "catmullrom"
						},
						"0.25": {
							"post": [105.91, -8.12, 15.63],
							"lerp_mode": "catmullrom"
						},
						"0.3": {
							"post": [101.5, -12.5, 10],
							"lerp_mode": "catmullrom"
						},
						"0.375": {
							"post": [106.41, -10.9, 7.36],
							"lerp_mode": "catmullrom"
						},
						"0.675": {
							"post": [96.5, -10, 12.5],
							"lerp_mode": "catmullrom"
						},
						"0.975": {
							"post": [2.06017, -1.1144, 5.20444],
							"lerp_mode": "catmullrom"
						},
						"1.25": {
							"post": [0.7, -0.76, 1.725],
							"lerp_mode": "catmullrom"
						},
						"1.35": {
							"post": [-0.06693, 0.15151, -0.28733],
							"lerp_mode": "catmullrom"
						},
						"1.525": {
							"post": [0, 0, 0],
							"lerp_mode": "catmullrom"
						}
					},
					"position": {
						"0.0": {
							"post": [0, 0, 0],
							"lerp_mode": "catmullrom"
						},
						"0.175": {
							"post": [-1, 1, 3.5],
							"lerp_mode": "catmullrom"
						},
						"0.2": {
							"post": [2.94, -4.19, -12.34],
							"lerp_mode": "catmullrom"
						},
						"0.225": {
							"post": [4.5, -8.5, -16.5],
							"lerp_mode": "catmullrom"
						},
						"0.275": {
							"post": [4.5, -9.5, -16.5],
							"lerp_mode": "catmullrom"
						},
						"0.675": {
							"post": [4.5, -9.5, -16.5],
							"lerp_mode": "catmullrom"
						},
						"0.975": {
							"post": [-0.33, 0.62, 0.64],
							"lerp_mode": "catmullrom"
						},
						"1.175": {
							"post": [-0.31, -0.665, 0.51],
							"lerp_mode": "catmullrom"
						},
						"1.25": {
							"post": [-0.27, -0.655, 0.35],
							"lerp_mode": "catmullrom"
						},
						"1.425": {
							"post": [-0.06, -0.04, 0.025],
							"lerp_mode": "catmullrom"
						},
						"1.525": {
							"post": [0, 0, 0],
							"lerp_mode": "catmullrom"
						}
					}
				},
				"camera": {
					"rotation": {
						"0.0": {
							"post": [0, 0, 0],
							"lerp_mode": "catmullrom"
						},
						"0.15": {
							"post": [-1, 1, -0.5],
							"lerp_mode": "catmullrom"
						},
						"0.225": {
							"post": [2, -1, 0.5],
							"lerp_mode": "catmullrom"
						},
						"0.25": {
							"post": [-0.5, 1.5, -2],
							"lerp_mode": "catmullrom"
						},
						"0.325": {
							"post": [2, -1, 0.5],
							"lerp_mode": "catmullrom"
						},
						"0.575": {
							"post": [1, 0, -0.5],
							"lerp_mode": "catmullrom"
						},
						"1.025": {
							"post": [-1, -0.2, 0],
							"lerp_mode": "catmullrom"
						},
						"1.225": {
							"post": [0.325, 0, -0.375],
							"lerp_mode": "catmullrom"
						},
						"1.35": {
							"post": [-0.075, 0, 0.075],
							"lerp_mode": "catmullrom"
						},
						"1.5": {
							"post": [0, 0, 0],
							"lerp_mode": "catmullrom"
						}
					}
				}
			}
		},
		"draw": {
			"loop": "hold_on_last_frame",
			"animation_length": 1,
			"bones": {
				"lefthand": {
					"rotation": {
						"0.35": {
							"pre": [97.35, -43.94, -198.5],
							"post": [97.35, -43.94, -198.5],
							"lerp_mode": "catmullrom"
						},
						"0.65": {
							"post": [132.35373, -3.9364, -228.496],
							"lerp_mode": "catmullrom"
						}
					},
					"position": {
						"0.35": {
							"pre": [8.99, -28.88, -18.26],
							"post": [8.99, -28.88, -18.26],
							"lerp_mode": "catmullrom"
						},
						"0.55": [11.98902, -14.87781, -18.26218],
						"0.65": {
							"pre": [8.98902, -13.87781, -18.26218],
							"post": [8.98902, -13.87781, -18.26218],
							"lerp_mode": "catmullrom"
						}
					},
					"scale": [1, 1.5, 1]
				},
				"righthand": {
					"rotation": [99.05188, 15.0716, -167.92777],
					"position": [-6.86719, -14.26875, -8.55156],
					"scale": [1, 1.5, 1]
				},
				"root": {
					"rotation": {
						"0.0": {
							"post": [50.13626, 17.60268, -3.03333],
							"lerp_mode": "catmullrom"
						},
						"0.1667": {
							"post": [40.60484, 13.291, -3.35885],
							"lerp_mode": "catmullrom"
						},
						"0.3333": {
							"post": [13.21554, -0.5823, 5.70013],
							"lerp_mode": "catmullrom"
						},
						"0.5333": {
							"post": [-2.93983, -1.1144, 5.20444],
							"lerp_mode": "catmullrom"
						},
						"0.7333": {
							"post": [0.7, -0.76, 1.725],
							"lerp_mode": "catmullrom"
						},
						"0.8333": {
							"post": [-0.06693, 0.15151, -0.28733],
							"lerp_mode": "catmullrom"
						},
						"1.0": {
							"post": [0, 0, 0],
							"lerp_mode": "catmullrom"
						}
					},
					"position": {
						"0.0": {
							"post": [-6.8, -11.2, 6.7],
							"lerp_mode": "catmullrom"
						},
						"0.3333": {
							"post": [-0.45, 0.175, 0.675],
							"lerp_mode": "catmullrom"
						},
						"0.5333": {
							"post": [-0.33, 1.62, 0.64],
							"lerp_mode": "catmullrom"
						},
						"0.6667": {
							"post": [-0.31, -0.665, 0.51],
							"lerp_mode": "catmullrom"
						},
						"0.7333": {
							"post": [-0.27, -0.655, 0.35],
							"lerp_mode": "catmullrom"
						},
						"0.9": {
							"post": [-0.06, -0.04, 0.025],
							"lerp_mode": "catmullrom"
						},
						"1.0": {
							"post": [0, 0, 0],
							"lerp_mode": "catmullrom"
						}
					}
				},
				"hand_grip": {
					"rotation": {
						"0.4333": [0, 0, 40],
						"0.5167": [0, 0, 0]
					},
					"position": {
						"0.4": [0, 0, 2],
						"0.4667": [0, 0, 0]
					}
				},
				"tubes": {
					"rotation": {
						"0.0": [0, 0, -230],
						"0.5833": [0, 0, 10],
						"0.75": {
							"pre": [0, 0, 0],
							"post": [0, 0, 0],
							"lerp_mode": "catmullrom"
						}
					}
				},
				"camera": {
					"rotation": {
						"0.0": {
							"post": [0, 0, 0],
							"lerp_mode": "catmullrom"
						},
						"0.1667": {
							"post": [0.2, -0.05, 0.125],
							"lerp_mode": "catmullrom"
						},
						"0.3333": {
							"post": [-1.5, -0.425, 0.5],
							"lerp_mode": "catmullrom"
						},
						"0.5333": {
							"post": [-1, -0.2, 0],
							"lerp_mode": "catmullrom"
						},
						"0.6667": {
							"post": [0, 0.05, 0.325],
							"lerp_mode": "catmullrom"
						},
						"0.7333": {
							"post": [0.325, 0, -0.375],
							"lerp_mode": "catmullrom"
						},
						"0.8667": {
							"post": [-0.075, 0, 0.075],
							"lerp_mode": "catmullrom"
						},
						"1.0": {
							"post": [0, 0, 0],
							"lerp_mode": "catmullrom"
						}
					}
				}
			},
			"sound_effects": {
				"0.0": {
					"effect": "halor6:m41_spnkr/m41_spnkr_shoot_anim"
				}
			}
		},
		"run_start": {
			"animation_length": 0.25,
			"bones": {
				"root": {
					"rotation": {
						"0.0": {
							"post": [0, 0, 0],
							"lerp_mode": "catmullrom"
						},
						"0.25": {
							"post": [45, 5, 2.5],
							"lerp_mode": "catmullrom"
						}
					},
					"position": {
						"0.0": {
							"post": [0, 0, 0],
							"lerp_mode": "catmullrom"
						},
						"0.25": {
							"post": [-1, -1.75, 0],
							"lerp_mode": "catmullrom"
						}
					}
				}
			}
		},
		"run_hold": {
			"loop": true,
			"animation_length": 0.5833,
			"bones": {
				"root": {
					"rotation": {
						"0.0": {
							"post": [58.96, 7.71, -3.54],
							"lerp_mode": "catmullrom"
						}
					},
					"position": {
						"0.0": {
							"post": [-2.33, -2.75, 0],
							"lerp_mode": "catmullrom"
						}
					}
				}
			}
		},
		"run": {
			"loop": true,
			"animation_length": 0.7917,
			"bones": {
				"root": {
					"rotation": {
						"0.0": {
							"post": [55, 5, 2.5],
							"lerp_mode": "catmullrom"
						},
						"0.125": {
							"post": [58.96, 5.21, -1.04],
							"lerp_mode": "catmullrom"
						},
						"0.25": {
							"post": [52.5, 10, 5],
							"lerp_mode": "catmullrom"
						},
						"0.375": {
							"post": [56, 11.5, -0.5],
							"lerp_mode": "catmullrom"
						},
						"0.5": {
							"post": [53.96, 10.21, 6.46],
							"lerp_mode": "catmullrom"
						},
						"0.6667": {
							"post": [54, 4, 2.5],
							"lerp_mode": "catmullrom"
						},
						"0.7917": {
							"post": [55, 5, 2.5],
							"lerp_mode": "catmullrom"
						}
					},
					"position": {
						"0.0": {
							"post": [-0.5, -1.75, 0],
							"lerp_mode": "catmullrom"
						},
						"0.125": {
							"post": [-1.83, -2.75, 0],
							"lerp_mode": "catmullrom"
						},
						"0.25": {
							"post": [-2.5, -1.75, 0],
							"lerp_mode": "catmullrom"
						},
						"0.375": {
							"post": [-1.5, -1.75, 0],
							"lerp_mode": "catmullrom"
						},
						"0.5": {
							"post": [-1.8, -2.75, 0],
							"lerp_mode": "catmullrom"
						},
						"0.6667": {
							"post": [-0.5, -1.5, 0],
							"lerp_mode": "catmullrom"
						},
						"0.7917": {
							"post": [-0.5, -1.75, 0],
							"lerp_mode": "catmullrom"
						}
					}
				}
			}
		},
		"run_end": {
			"animation_length": 1.2083,
			"bones": {
				"root": {
					"rotation": {
						"0.0": {
							"post": [55, 5, 2.5],
							"lerp_mode": "catmullrom"
						},
						"0.125": {
							"post": [55.64, 6.33, 2.31],
							"lerp_mode": "catmullrom"
						},
						"0.2917": {
							"post": [24, 3, -1],
							"lerp_mode": "catmullrom"
						},
						"0.5417": {
							"post": [3.5, -2.5, 5],
							"lerp_mode": "catmullrom"
						},
						"0.7083": {
							"post": [2.5, -2.5, 2.5],
							"lerp_mode": "catmullrom"
						},
						"0.8333": [0.9, 0.13, -0.86],
						"0.875": [1.04, 0.51, 0.11],
						"0.9167": [0.71, 0.57, 0.78],
						"0.9583": [0.03, 0.41, -0.59],
						"1.0": [-0.21, 0.14, -0.22],
						"1.0417": [-0.23, -0.18, 0.25],
						"1.0833": [0.03, -0.24, -0.07],
						"1.125": [0.11, -0.17, -0.16],
						"1.1667": [0.05, -0.07, -0.07],
						"1.2083": [0, 0, 0]
					},
					"position": {
						"0.0": {
							"post": [-0.5, -1.75, 0],
							"lerp_mode": "catmullrom"
						},
						"0.125": {
							"post": [-1, -2.62, 0],
							"lerp_mode": "catmullrom"
						},
						"0.2917": {
							"post": [-0.25, -1.25, 0],
							"lerp_mode": "catmullrom"
						},
						"0.375": {
							"post": [-0.75, 0.75, 0],
							"lerp_mode": "catmullrom"
						},
						"0.5417": {
							"post": [-0.75, 2, -0.5],
							"lerp_mode": "catmullrom"
						},
						"0.7083": {
							"post": [0, -0.75, 0],
							"lerp_mode": "catmullrom"
						},
						"0.8333": [0, -0.34, 0.69],
						"0.875": [0, -0.2, 0.41],
						"0.9167": [0, -0.16, 0.15],
						"0.9583": [0, -0.05, 0.2],
						"1.0": [0, 0.01, -0.01],
						"1.0417": [0, 0.01, 0.02],
						"1.0833": [0, 0.01, 0.03],
						"1.125": [0, 0, -0.01],
						"1.1667": [0, 0, -0.01],
						"1.2083": [0, 0, 0]
					}
				}
			}
		},
		"put_away": {
			"animation_length": 0.5,
			"bones": {
				"root": {
					"rotation": {
						"0.0": {
							"post": [0, 0, 0],
							"lerp_mode": "catmullrom"
						},
						"0.125": {
							"post": [-1.5, -2, 7.5],
							"lerp_mode": "catmullrom"
						},
						"0.2917": {
							"post": [3.57, 11.59, 13.58],
							"lerp_mode": "catmullrom"
						},
						"0.5": {
							"post": [49, 16.5, 22],
							"lerp_mode": "catmullrom"
						}
					},
					"position": {
						"0.0": {
							"post": [0, 0, 0],
							"lerp_mode": "catmullrom"
						},
						"0.125": {
							"post": [-2, -1, 0],
							"lerp_mode": "catmullrom"
						},
						"0.5": {
							"post": [-14, -14, 0],
							"lerp_mode": "catmullrom"
						}
					}
				},
				"lefthand": {
					"rotation": [132.35373, -3.9364, -228.496],
					"position": [8.98902, -13.87781, -18.26218],
					"scale": [1, 1.5, 1]
				},
				"righthand": {
					"rotation": [99.05188, 15.0716, -167.92777],
					"position": [-6.86719, -14.26875, -8.55156],
					"scale": [1, 1.5, 1]
				},
				"camera": {
					"rotation": {
						"0.0": {
							"post": [0, 0, 0],
							"lerp_mode": "catmullrom"
						},
						"0.0417": {
							"post": [0.05, 0, -0.04],
							"lerp_mode": "catmullrom"
						},
						"0.0833": {
							"post": [0.22, 0, -0.13],
							"lerp_mode": "catmullrom"
						},
						"0.125": {
							"post": [0.3, 0, -0.12],
							"lerp_mode": "catmullrom"
						},
						"0.1667": {
							"post": [0.43, 0, 0],
							"lerp_mode": "catmullrom"
						},
						"0.3333": {
							"post": [1, 0.3, 0.29],
							"lerp_mode": "catmullrom"
						},
						"0.4167": {
							"post": [0.5, 0.1, 0.15],
							"lerp_mode": "catmullrom"
						},
						"0.5": {
							"post": [0, 0, 0],
							"lerp_mode": "catmullrom"
						}
					}
				}
			}
		},
		"shoot": {
			"animation_length": 1.0417,
			"bones": {
				"root": {
					"rotation": {
						"0.0": {
							"post": [0, 0, 0],
							"lerp_mode": "catmullrom"
						},
						"0.0417": [2, 0, -4],
						"0.0833": [1.8, 0, 3],
						"0.125": [-0.9, 0, -2],
						"0.2917": [-9, 0, -3.5],
						"0.5": {
							"pre": [-8.105, -0.4, 1.85],
							"post": [-8.105, -0.4, 1.85],
							"lerp_mode": "catmullrom"
						},
						"0.6667": {
							"post": [2.5, 0, 0],
							"lerp_mode": "catmullrom"
						},
						"0.7917": {
							"post": [0.5, 0, 0],
							"lerp_mode": "catmullrom"
						},
						"0.875": [-0.23, -0.18, 0.25],
						"0.9167": [0.03, -0.24, -0.07],
						"0.9583": [0.11, -0.17, -0.16],
						"1.0": [0.05, -0.07, -0.07],
						"1.0417": [0, 0, 0]
					},
					"position": {
						"0.0": {
							"post": [0, 0, 0],
							"lerp_mode": "catmullrom"
						},
						"0.0417": [-1, -1, 6],
						"0.2917": {
							"pre": [-1.2, 1, 5.5],
							"post": [-1.2, 1, 5.5],
							"lerp_mode": "catmullrom"
						},
						"0.5": {
							"post": [-0.5, 0.5, 3],
							"lerp_mode": "catmullrom"
						},
						"0.6667": {
							"post": [0, -0.5, 1],
							"lerp_mode": "catmullrom"
						},
						"0.7917": {
							"post": [0, 0.1, 0.1],
							"lerp_mode": "catmullrom"
						},
						"0.875": [0, 0.01, 0.02],
						"0.9167": [0, 0.01, 0.03],
						"0.9583": [0, 0, -0.01],
						"1.0": [0, 0, -0.01],
						"1.0417": [0, 0, 0]
					}
				},
				"bolt": {
					"position": {
						"0.0": [0, 0, 0],
						"0.0417": [4, 0, 0],
						"0.0833": [4, 0, 0],
						"0.1667": [0, 0, 0],
						"0.25": [1, 0, 0],
						"0.3333": [0, 0, 0]
					}
				},
				"tubes": {
					"rotation": {
						"0.0": {
							"post": [0, 0, 0],
							"lerp_mode": "catmullrom"
						},
						"0.0417": {
							"post": [0, 0, -180],
							"lerp_mode": "catmullrom"
						},
						"0.125": {
							"post": [0, 0, -180],
							"lerp_mode": "catmullrom"
						},
						"0.25": {
							"post": [0, 0, -230],
							"lerp_mode": "catmullrom"
						},
						"0.625": {
							"post": [0, 0, 10],
							"lerp_mode": "catmullrom"
						},
						"0.75": {
							"post": [0, 0, 0],
							"lerp_mode": "catmullrom"
						}
					}
				},
				"camera": {
					"rotation": {
						"0.0": {
							"post": [0, 0, 0],
							"lerp_mode": "catmullrom"
						},
						"0.0417": {
							"post": [0, 0, 3],
							"lerp_mode": "catmullrom"
						},
						"0.0833": {
							"post": [0, 0, -1.5],
							"lerp_mode": "catmullrom"
						},
						"0.1667": {
							"post": [0, 0, 0.7],
							"lerp_mode": "catmullrom"
						},
						"0.2917": {
							"post": [0, 0, -0.3],
							"lerp_mode": "catmullrom"
						},
						"0.5": {
							"post": [0, 0, 0],
							"lerp_mode": "catmullrom"
						}
					}
				}
			},
			"sound_effects": {
				"0.0": {
					"effect": "halor6:m41_spnkr/m41_spnkr_shoot_anim"
				}
			}
		}
	}
}