{
	"format_version": "1.8.0",
	"animations": {
		"static_idle": {
			"loop": true,
			"bones": {
				"lefthand": {
					"rotation": [75.07308, -34.08254, -122.98537],
					"position": [7.80151, -15.29187, -16.34031],
					"scale": [1, 1.5, 1]
				},
				"righthand": {
					"rotation": [99.05188, 15.0716, -167.92777],
					"position": [-6.86719, -15.20625, 2.2375],
					"scale": [1, 1.5, 1]
				}
			}
		},
		"reload_intro_empty": {
			"loop": "hold_on_last_frame",
			"animation_length": 1.1,
			"bones": {
				"lefthand": {
					"rotation": {
						"0.0": [75.07308, -34.08254, -122.98537],
						"0.7667": [75.07308, -34.08254, -122.98537],
						"0.8667": [60.07, -17.08, -156.98],
						"0.9667": [37.57, 8.42, -207.99]
					},
					"position": {
						"0.0": [7.80151, -15.29187, -16.34031],
						"0.0333": [7.8, -15.29, -12.34],
						"0.7667": [7.8, -15.29, -12.34],
						"0.8667": [21.8, -23.29, -9.54],
						"0.9667": [27.8, -35.29, 0.66]
					},
					"scale": [1, 1.5, 1]
				},
				"righthand": {
					"rotation": {
						"0.0": {
							"post": [99.05188, 15.0716, -167.92777],
							"lerp_mode": "catmullrom"
						},
						"0.1333": {
							"post": [121.05, 15.07, -167.93],
							"lerp_mode": "catmullrom"
						},
						"0.2667": {
							"post": [121.05, 15.07, -167.93],
							"lerp_mode": "catmullrom"
						},
						"0.3667": {
							"post": [138.55, 30.07, -130.43],
							"lerp_mode": "catmullrom"
						},
						"0.4333": {
							"post": [118.55, 25.07, -132.93],
							"lerp_mode": "catmullrom"
						},
						"0.5": {
							"post": [116.05, 20.07, -125.43],
							"lerp_mode": "catmullrom"
						},
						"0.5667": {
							"post": [100.19, 9.78, -158.93],
							"lerp_mode": "catmullrom"
						},
						"0.6333": {
							"post": [99.05188, 15.0716, -167.92777],
							"lerp_mode": "catmullrom"
						}
					},
					"position": {
						"0.0": {
							"post": [-6.86719, -15.20625, 2.2375],
							"lerp_mode": "catmullrom"
						},
						"0.1": {
							"post": [-14.87, -26.21, 15.24],
							"lerp_mode": "catmullrom"
						},
						"0.1333": {
							"post": [-14.87, -10.21, 15.24],
							"lerp_mode": "catmullrom"
						},
						"0.2667": {
							"post": [-12.87, -7.21, -0.76],
							"lerp_mode": "catmullrom"
						},
						"0.3667": {
							"post": [-8.69031, -8.2725, -3.8225],
							"lerp_mode": "catmullrom"
						},
						"0.4333": {
							"post": [-7.87, -8.7725, -5.6975],
							"lerp_mode": "catmullrom"
						},
						"0.5": {
							"post": [-7.87, -8.7725, -5.6975],
							"lerp_mode": "catmullrom"
						},
						"0.5667": {
							"post": [-9.44, -11.53, -2.3],
							"lerp_mode": "catmullrom"
						},
						"0.6333": {
							"post": [-6.86719, -15.20625, 2.2375],
							"lerp_mode": "catmullrom"
						}
					},
					"scale": [1, 1.5, 1]
				},
				"root": {
					"rotation": {
						"0.0": {
							"post": [0, 0, 0],
							"lerp_mode": "catmullrom"
						},
						"0.0667": {
							"post": [1.20864, -0.15998, -5.55692],
							"lerp_mode": "catmullrom"
						},
						"0.1333": {
							"post": [0.98181, -0.6625, 1.91405],
							"lerp_mode": "catmullrom"
						},
						"0.1667": {
							"post": [-1.71, -0.37, 1.88],
							"lerp_mode": "catmullrom"
						},
						"0.2333": {
							"post": [-1.55, -0.09, 1.15],
							"lerp_mode": "catmullrom"
						},
						"0.3667": {
							"post": [-2.54, 0.93, 0.1],
							"lerp_mode": "catmullrom"
						},
						"0.5": {
							"post": [-5.04, -2.07, 3.1],
							"lerp_mode": "catmullrom"
						},
						"0.7333": {
							"post": [-7.34, 5.46, 8.62],
							"lerp_mode": "catmullrom"
						},
						"0.8": {
							"post": [-5, 5, 20],
							"lerp_mode": "catmullrom"
						},
						"0.8333": {
							"post": [-7.5, 5, 37.5],
							"lerp_mode": "catmullrom"
						},
						"0.9667": {
							"post": [-22.5, 15, 32.5],
							"lerp_mode": "catmullrom"
						},
						"1.1": {
							"post": [-22.5, 15, 32.5],
							"lerp_mode": "catmullrom"
						}
					},
					"position": {
						"0.0": {
							"post": [0, 0, 0],
							"lerp_mode": "catmullrom"
						},
						"0.0667": [-0.05757, -0.39924, 1.35],
						"0.1": {
							"pre": [-0.15, -0.34, 1.315],
							"post": [-0.15, -0.34, 1.315],
							"lerp_mode": "catmullrom"
						},
						"0.1667": [-0.15, -0.445, 1.39],
						"0.2333": {
							"pre": [-0.15, -0.35, 1.25],
							"post": [-0.15, -0.35, 1.25],
							"lerp_mode": "catmullrom"
						},
						"0.3667": {
							"post": [-0.15, -0.34, 1.24],
							"lerp_mode": "catmullrom"
						},
						"0.5": {
							"post": [-0.4, -0.715, 1.24],
							"lerp_mode": "catmullrom"
						},
						"0.6333": {
							"post": [-0.15, -0.34, 1.24],
							"lerp_mode": "catmullrom"
						},
						"0.7333": {
							"post": [-1.18, 0.01, -1.54],
							"lerp_mode": "catmullrom"
						},
						"0.8": {
							"post": [-1.5, 0, -3],
							"lerp_mode": "catmullrom"
						},
						"0.8333": {
							"post": [-1.5, 0, -2],
							"lerp_mode": "catmullrom"
						},
						"0.9667": {
							"post": [-2, -1, -2],
							"lerp_mode": "catmullrom"
						},
						"1.1": {
							"post": [-2, -1, -2],
							"lerp_mode": "catmullrom"
						}
					}
				},
				"shelll": {
					"position": {
						"0.9": [0, 0, 0],
						"0.9333": {
							"pre": [0, 0, 0],
							"post": [8, -10, 13]
						}
					}
				},
				"pump": {
					"position": {
						"0.0": [0, 0, 0],
						"0.0333": [0, 0, 4],
						"0.7667": [0, 0, 4],
						"0.8333": [0, 0, 0]
					}
				},
				"clip": {
					"rotation": {
						"0.3667": [0, 0, 0],
						"0.4333": [17.5, 0, 0],
						"0.5": [17.5, 0, 0],
						"0.5667": [0, 0, 0]
					}
				},
				"constraint": {
					"rotation": [0.5, 0.5, 0.5],
					"position": [0.5, 0.5, 0.5]
				},
				"camera": {
					"rotation": {
						"0.0": {
							"post": [0, 0, 0],
							"lerp_mode": "catmullrom"
						},
						"0.0333": {
							"post": [0.4375, 0.0275, -0.375],
							"lerp_mode": "catmullrom"
						},
						"0.1333": {
							"post": [0.4375, 0.0675, -0.46],
							"lerp_mode": "catmullrom"
						},
						"0.2667": {
							"post": [0.4375, 0.0875, 0],
							"lerp_mode": "catmullrom"
						},
						"0.3333": {
							"post": [0, 0, 0],
							"lerp_mode": "catmullrom"
						},
						"0.4667": {
							"post": [0.5, 0, 0],
							"lerp_mode": "catmullrom"
						},
						"0.6": {
							"post": [0.75, 0.25, -0.25],
							"lerp_mode": "catmullrom"
						},
						"0.8": {
							"post": [0, 0, 0],
							"lerp_mode": "catmullrom"
						},
						"0.8333": {
							"post": [0.5, 0.5, 0.5],
							"lerp_mode": "catmullrom"
						},
						"0.9": {
							"post": [-0.25, -0.25, 0.25],
							"lerp_mode": "catmullrom"
						},
						"0.9667": {
							"post": [-0.25, 0.25, -0.25],
							"lerp_mode": "catmullrom"
						},
						"1.0667": {
							"post": [0, 0, 0],
							"lerp_mode": "catmullrom"
						}
					}
				},
				"bullett": {
					"rotation": {
						"0.0": [0, 0, 0],
						"0.0333": {
							"pre": [0, 0, 0],
							"post": [0, 0, 0]
						},
						"0.1": [-12.5, 32.5, 15],
						"0.1333": [12.5, -35, 0],
						"0.2667": [12.5, -35, 0],
						"0.3667": [12.5, -25, 0],
						"0.4333": [12.5, 0, 0],
						"0.6333": [12.5, 0, 0]
					},
					"position": {
						"0.0": [0, 0, 0],
						"0.0333": {
							"pre": [0, 0, 0],
							"post": [-1.28125, -1.47656, 4]
						},
						"0.1": [-11.28, -0.48, 4],
						"0.1333": [-7, 1, 18],
						"0.2667": [-5, 4, 2.5],
						"0.3667": [-0.90625, 1.75, 0.125],
						"0.4333": [0, 0.3, -3.06],
						"0.6333": [0, 0.3, -3.06]
					}
				}
			},
			"sound_effects": {
				"0.0333": {
					"effect": "halor6:m90/pump_back"
				},
				"0.2667": {
					"effect": "halor6:m90/load_shell"
				},
				"0.7333": {
					"effect": "halor6:m90/pump_fwd"
				}
			}
		},
		"reload_intro": {
			"loop": "hold_on_last_frame",
			"animation_length": 0.3,
			"bones": {
				"lefthand": {
					"rotation": {
						"0.0": [75.07308, -34.08254, -122.98537],
						"0.0667": [60.07, -17.08, -156.98],
						"0.1667": [37.57, 8.42, -207.99]
					},
					"position": {
						"0.0": [7.80151, -15.29187, -16.34031],
						"0.0667": [15.8, -23.29, -9.54],
						"0.1667": [27.8, -35.29, 0.66]
					},
					"scale": [1, 1.5, 1]
				},
				"righthand": {
					"rotation": [99.05188, 15.0716, -167.92777],
					"position": [-6.86719, -15.20625, 2.2375],
					"scale": [1, 1.5, 1]
				},
				"root": {
					"rotation": {
						"0.0": {
							"post": [0, 0, 0],
							"lerp_mode": "catmullrom"
						},
						"0.1333": {
							"post": [-10, 7.5, 32.5],
							"lerp_mode": "catmullrom"
						},
						"0.2333": {
							"post": [-22.5, 15, 32.5],
							"lerp_mode": "catmullrom"
						},
						"0.3": {
							"post": [-22.5, 15, 32.5],
							"lerp_mode": "catmullrom"
						}
					},
					"position": {
						"0.0": {
							"post": [0, 0, 0],
							"lerp_mode": "catmullrom"
						},
						"0.1333": {
							"post": [-1.5, 0, -2],
							"lerp_mode": "catmullrom"
						},
						"0.2333": {
							"post": [-2, -1, -2],
							"lerp_mode": "catmullrom"
						},
						"0.3": {
							"post": [-2, -1, -2],
							"lerp_mode": "catmullrom"
						}
					}
				},
				"shelll": {
					"position": {
						"0.1": [0, 0, 0],
						"0.1333": {
							"pre": [0, 0, 0],
							"post": [8, -10, 13]
						}
					}
				},
				"constraint": {
					"rotation": [0.5, 0.5, 0.5],
					"position": [0.5, 0.5, 0.5]
				},
				"camera": {
					"rotation": {
						"0.0": {
							"post": [0, 0, 0],
							"lerp_mode": "catmullrom"
						},
						"0.1667": {
							"post": [-0.5, 0.25, -0.25],
							"lerp_mode": "catmullrom"
						},
						"0.3": {
							"post": [0, 0, 0],
							"lerp_mode": "catmullrom"
						}
					}
				}
			}
		},
		"reload_loop": {
			"loop": true,
			"animation_length": 0.5667,
			"bones": {
				"lefthand": {
					"rotation": {
						"0.3333": {
							"pre": [121.67722, 35.9975, -313.29006],
							"post": [121.67722, 35.9975, -313.29006],
							"lerp_mode": "catmullrom"
						},
						"0.4667": {
							"post": [99.18, 23.5, -275.79],
							"lerp_mode": "catmullrom"
						}
					},
					"position": {
						"0.3333": {
							"pre": [7.33469, -9.52344, -3.12281],
							"post": [7.33469, -9.52344, -3.12281],
							"lerp_mode": "catmullrom"
						},
						"0.4667": {
							"post": [19.03, -14, 1.51],
							"lerp_mode": "catmullrom"
						}
					},
					"scale": [1, 1.5, 1]
				},
				"righthand": {
					"rotation": [99.05188, 15.0716, -167.92777],
					"position": [-6.86719, -15.20625, 2.2375],
					"scale": [1, 1.5, 1]
				},
				"root": {
					"rotation": {
						"0.0": {
							"post": [-22.5, 15, 32.5],
							"lerp_mode": "catmullrom"
						},
						"0.1667": {
							"post": [-22.5, 15, 30],
							"lerp_mode": "catmullrom"
						},
						"0.3": {
							"post": [-17.5, 15, 35],
							"lerp_mode": "catmullrom"
						},
						"0.4": {
							"post": [-17.5, 12.5, 35],
							"lerp_mode": "catmullrom"
						},
						"0.5667": {
							"post": [-22.5, 15, 32.5],
							"lerp_mode": "catmullrom"
						}
					},
					"position": {
						"0.0": {
							"post": [-2, -1, -2],
							"lerp_mode": "catmullrom"
						},
						"0.1667": {
							"post": [-2, -0.75, -2],
							"lerp_mode": "catmullrom"
						},
						"0.3": {
							"post": [-2, -1.25, -2],
							"lerp_mode": "catmullrom"
						},
						"0.5667": {
							"post": [-2, -1, -2],
							"lerp_mode": "catmullrom"
						}
					}
				},
				"shelll": {
					"rotation": {
						"0.0": [0, 0, 0],
						"0.0667": [-1, 40, 25],
						"0.1667": [27.5, 10, 0],
						"0.2333": [27.5, 0, 0]
					},
					"position": {
						"0.0": [8, -10, 13],
						"0.0667": [9.2, 1.79, 5.16],
						"0.1667": [0.42188, 2.32031, 1.6875],
						"0.2333": [0, 1.32031, -0.0625],
						"0.3": [0, 0.3, -3.06],
						"0.4667": [0, 0.3, -3.06],
						"0.5": {
							"pre": [0, 0.3, -3.06],
							"post": [8, -10, 13]
						}
					}
				},
				"clip": {
					"rotation": {
						"0.1333": [0, 0, 0],
						"0.2333": [17.5, 0, 0],
						"0.3333": [17.5, 0, 0],
						"0.4": [0, 0, 0]
					}
				},
				"constraint": {
					"rotation": [0.5, 0.5, 0.5],
					"position": [0.5, 0.5, 0.5]
				},
				"camera": {
					"rotation": {
						"0.0667": {
							"pre": [0, 0, 0],
							"post": [0, 0, 0],
							"lerp_mode": "catmullrom"
						},
						"0.2": {
							"post": [0.5, 0, 0],
							"lerp_mode": "catmullrom"
						},
						"0.3333": {
							"post": [0.75, 0.25, -0.25],
							"lerp_mode": "catmullrom"
						},
						"0.5": {
							"post": [0, 0, 0],
							"lerp_mode": "catmullrom"
						}
					}
				}
			},
			"sound_effects": {
				"0.0333": {
					"effect": "halor6:m90/load_shell"
				}
			}
		},
		"reload_end": {
			"loop": "hold_on_last_frame",
			"animation_length": 0.9,
			"bones": {
				"lefthand": {
					"rotation": {
						"0.175": [62.57308, -34.08254, -140.48537],
						"0.3": [75.07308, -34.08254, -122.98537]
					},
					"position": {
						"0.125": [22.47, -28.96, 1.83],
						"0.175": [14.47, -20.96, -8.17],
						"0.3": [7.80151, -15.29187, -16.34031]
					},
					"scale": [1, 1.5, 1]
				},
				"righthand": {
					"rotation": [99.05188, 15.0716, -167.92777],
					"position": [-6.86719, -15.20625, 2.2375],
					"scale": [1, 1.5, 1]
				},
				"root": {
					"rotation": {
						"0.0": {
							"post": [-22.5, 15, 32.5],
							"lerp_mode": "catmullrom"
						},
						"0.2": {
							"post": [-20.2, 6.35, 11.53],
							"lerp_mode": "catmullrom"
						},
						"0.325": {
							"post": [3.5, -2, 4],
							"lerp_mode": "catmullrom"
						},
						"0.475": {
							"post": [-0.35, -0.18, -1.71],
							"lerp_mode": "catmullrom"
						},
						"0.575": {
							"post": [0, 0, 0.775],
							"lerp_mode": "catmullrom"
						},
						"0.7": {
							"post": [0, 0, 0],
							"lerp_mode": "catmullrom"
						},
						"0.825": {
							"post": [0, 0, 0],
							"lerp_mode": "catmullrom"
						}
					},
					"position": {
						"0.0": {
							"post": [-2, -1, -2],
							"lerp_mode": "catmullrom"
						},
						"0.2": {
							"post": [-0.93, 1.5, -0.86],
							"lerp_mode": "catmullrom"
						},
						"0.325": {
							"post": [-0.5, -0.75, 0],
							"lerp_mode": "catmullrom"
						},
						"0.5": {
							"post": [0, -0.0625, 0.15625],
							"lerp_mode": "catmullrom"
						},
						"0.6": {
							"post": [0, -0.02, -0.025],
							"lerp_mode": "catmullrom"
						},
						"0.7": {
							"post": [0, -0.0125, -0.025],
							"lerp_mode": "catmullrom"
						},
						"0.825": {
							"post": [0, 0, 0],
							"lerp_mode": "catmullrom"
						}
					}
				},
				"shelll": {
					"position": {
						"0.0": [8, -10, 13],
						"0.1": {"pre": [8, -10, 13], "post": [0, 0, 0]}
					}
				},
				"camera": {
					"rotation": {
						"0.0": {
							"post": [0, 0, 0],
							"lerp_mode": "catmullrom"
						},
						"0.175": {
							"post": [-0.5, 0.25, -0.25],
							"lerp_mode": "catmullrom"
						},
						"0.3": {
							"post": [0.5, -0.5, 0.25],
							"lerp_mode": "catmullrom"
						},
						"0.425": {
							"post": [0, 0, 0],
							"lerp_mode": "catmullrom"
						}
					}
				},
				"constraint": {
					"rotation": {
						"0.275": [0.5, 0.5, 0.5],
						"0.425": [0, 0, 0]
					},
					"position": {
						"0.275": [0.5, 0.5, 0.5],
						"0.425": [0, 0, 0]
					}
				}
			},
			"sound_effects": {
				"0.075": {
					"effect": "halor6:m90/m90_reload_end"
				}
			}
		},
		"run_start": {
			"animation_length": 0.1667,
			"bones": {
				"root": {
					"rotation": {
						"0.0": {
							"post": [0, 0, 0],
							"lerp_mode": "catmullrom"
						},
						"0.1667": {
							"post": [5.48, -31.62, 7.6],
							"lerp_mode": "catmullrom"
						}
					},
					"position": {
						"0.0": {
							"post": [0, 0, 0],
							"lerp_mode": "catmullrom"
						},
						"0.1667": {
							"post": [0.99, -1.91, 0],
							"lerp_mode": "catmullrom"
						}
					}
				}
			}
		},
		"run_hold": {
			"loop": true,
			"animation_length": 0.5833,
			"bones": {
				"root": {
					"rotation": {
						"0.0": {
							"post": [6.46, -37.29, 8.96],
							"lerp_mode": "catmullrom"
						}
					},
					"position": {
						"0.0": {
							"post": [1.17, -3.25, 0],
							"lerp_mode": "catmullrom"
						}
					}
				}
			}
		},
		"run": {
			"loop": true,
			"animation_length": 0.7917,
			"bones": {
				"root": {
					"rotation": {
						"0.0": {
							"post": [2.5, -40, 15],
							"lerp_mode": "catmullrom"
						},
						"0.125": {
							"post": [6.46, -37.29, 8.96],
							"lerp_mode": "catmullrom"
						},
						"0.25": {
							"post": [0, -20, 12.5],
							"lerp_mode": "catmullrom"
						},
						"0.375": {
							"post": [3.5, -18.5, 4.5],
							"lerp_mode": "catmullrom"
						},
						"0.5": {
							"post": [1.46, -22.29, 13.96],
							"lerp_mode": "catmullrom"
						},
						"0.6667": {
							"post": [1.5, -41, 15],
							"lerp_mode": "catmullrom"
						},
						"0.7917": {
							"post": [2.5, -40, 15],
							"lerp_mode": "catmullrom"
						}
					},
					"position": {
						"0.0": {
							"post": [3, -1.25, 0],
							"lerp_mode": "catmullrom"
						},
						"0.125": {
							"post": [1.17, -2.25, 0],
							"lerp_mode": "catmullrom"
						},
						"0.25": {
							"post": [1, -1.25, 0],
							"lerp_mode": "catmullrom"
						},
						"0.375": {
							"post": [2, -1.25, 0],
							"lerp_mode": "catmullrom"
						},
						"0.5": {
							"post": [1.7, -2.25, 0],
							"lerp_mode": "catmullrom"
						},
						"0.6667": {
							"post": [3, -1, 0],
							"lerp_mode": "catmullrom"
						},
						"0.7917": {
							"post": [3, -1.25, 0],
							"lerp_mode": "catmullrom"
						}
					}
				}
			}
		},
		"run_end": {
			"animation_length": 0.625,
			"bones": {
				"root": {
					"rotation": {
						"0.0": {
							"post": [6.46, -37.29, 8.96],
							"lerp_mode": "catmullrom"
						},
						"0.0833": {
							"post": [8.14, -33.67, 9.81],
							"lerp_mode": "catmullrom"
						},
						"0.25": {
							"post": [-1, -2, -1],
							"lerp_mode": "catmullrom"
						},
						"0.4583": {
							"post": [1, -2.5, 5],
							"lerp_mode": "catmullrom"
						},
						"0.5417": {
							"post": [0, -2.5, 2.5],
							"lerp_mode": "catmullrom"
						},
						"0.625": {
							"post": [0, 0, 0],
							"lerp_mode": "catmullrom"
						}
					},
					"position": {
						"0.0": {
							"post": [1.17, -2.25, 0],
							"lerp_mode": "catmullrom"
						},
						"0.0833": {
							"post": [1, -2.62, 0],
							"lerp_mode": "catmullrom"
						},
						"0.25": {
							"post": [-0.25, -1.25, 0],
							"lerp_mode": "catmullrom"
						},
						"0.3333": {
							"post": [-0.75, -0.75, 0],
							"lerp_mode": "catmullrom"
						},
						"0.4583": {
							"post": [-0.75, -0.5, -0.5],
							"lerp_mode": "catmullrom"
						},
						"0.625": {
							"post": [0, 0, 0],
							"lerp_mode": "catmullrom"
						}
					}
				}
			}
		},
		"put_away": {
			"animation_length": 0.4167,
			"bones": {
				"root": {
					"rotation": {
						"0.0": {
							"post": [0, 0, 0],
							"lerp_mode": "catmullrom"
						},
						"0.125": {
							"post": [-1.5, -7, 10],
							"lerp_mode": "catmullrom"
						},
						"0.2083": {
							"post": [3.57, 11.59, 13.58],
							"lerp_mode": "catmullrom"
						},
						"0.375": {
							"post": [41.5, 9, 17],
							"lerp_mode": "catmullrom"
						}
					},
					"position": {
						"0.0": {
							"post": [0, 0, 0],
							"lerp_mode": "catmullrom"
						},
						"0.125": {
							"post": [-1, -1, 0],
							"lerp_mode": "catmullrom"
						},
						"0.375": {
							"post": [-9, -10, 0],
							"lerp_mode": "catmullrom"
						}
					}
				},
				"lefthand": {
					"rotation": [75.07308, -34.08254, -122.98537],
					"position": [7.80151, -15.29187, -16.34031],
					"scale": [1, 1.5, 1]
				},
				"righthand": {
					"rotation": [99.05188, 15.0716, -167.92777],
					"position": [-6.86719, -15.20625, 2.2375],
					"scale": [1, 1.5, 1]
				},
				"camera": {
					"rotation": {
						"0.0": [0, 0, 0],
						"0.0417": [0.05, 0, -0.04],
						"0.0833": [0.22, 0, -0.13],
						"0.125": [0.3, 0, -0.12],
						"0.1667": [0.43, 0, 0],
						"0.2083": [0.56, 0, 0.18],
						"0.25": [0.64, 0, 0.29],
						"0.2917": [0.59, 0, 0.22],
						"0.3333": [0.5, 0, 0.15],
						"0.4167": [0, 0, 0]
					}
				}
			}
		},
		"shoot0": {
			"animation_length": 1.0333,
			"bones": {
				"root": {
					"rotation": {
						"0.0": {
							"post": [0, 0, 0],
							"lerp_mode": "catmullrom"
						},
						"0.0333": {
							"post": [-2.75931, 3.15232, -6.99835],
							"lerp_mode": "catmullrom"
						},
						"0.0667": {
							"post": [-14.42024, 5.33042, 10.36888],
							"lerp_mode": "catmullrom"
						},
						"0.1333": {
							"post": [-16.03564, 3.13711, -1.91761],
							"lerp_mode": "catmullrom"
						},
						"0.2": {
							"post": [-8.8638, 2.35138, -3.1926],
							"lerp_mode": "catmullrom"
						},
						"0.2667": {
							"post": [-4.87698, 2.04951, 2.54646],
							"lerp_mode": "catmullrom"
						},
						"0.4": {
							"post": [0.92575, -0.17214, -0.01451],
							"lerp_mode": "catmullrom"
						},
						"0.5667": {
							"post": [0.25012, 0.226, 0.49879],
							"lerp_mode": "catmullrom"
						},
						"0.7667": {
							"post": [0.04509, 0.01634, -0.42105],
							"lerp_mode": "catmullrom"
						},
						"0.9333": {
							"post": [0, 0, 0],
							"lerp_mode": "catmullrom"
						}
					},
					"position": {
						"0.0": {
							"post": [0, 0, 0],
							"lerp_mode": "catmullrom"
						},
						"0.0333": {
							"post": [0, -0.75, 4],
							"lerp_mode": "catmullrom"
						},
						"0.0667": {
							"post": [0.01, -0.3, 4.345],
							"lerp_mode": "catmullrom"
						},
						"0.1": {
							"post": [0, 0.3, 1.23],
							"lerp_mode": "catmullrom"
						},
						"0.1667": {
							"post": [-0.125, 0.83, 1.925],
							"lerp_mode": "catmullrom"
						},
						"0.2667": {
							"post": [-0.075, 0.735, 0.92],
							"lerp_mode": "catmullrom"
						},
						"0.3667": {
							"post": [0, 0.03, 0.79],
							"lerp_mode": "catmullrom"
						},
						"0.4667": {
							"post": [0, -0.28, 0.48],
							"lerp_mode": "catmullrom"
						},
						"0.5667": {
							"post": [0, -0.15, 0.025],
							"lerp_mode": "catmullrom"
						},
						"0.7333": {
							"post": [0.03125, -0.01375, 0.095],
							"lerp_mode": "catmullrom"
						},
						"0.9333": {
							"post": [0, 0, 0],
							"lerp_mode": "catmullrom"
						}
					}
				},
				"camera": {
					"rotation": {
						"0.0": {
							"post": [0, 0, 0],
							"lerp_mode": "catmullrom"
						},
						"0.0333": {
							"post": [0, 0, 2.125],
							"lerp_mode": "catmullrom"
						},
						"0.0667": {
							"post": [0, 0, -1.85],
							"lerp_mode": "catmullrom"
						},
						"0.1667": {
							"post": [0, 0, 1.42],
							"lerp_mode": "catmullrom"
						},
						"0.2333": {
							"post": [0, 0, -0.98],
							"lerp_mode": "catmullrom"
						},
						"0.3": {
							"post": [0, 0, 0.545],
							"lerp_mode": "catmullrom"
						},
						"0.3667": {
							"post": [0, 0, -0.35],
							"lerp_mode": "catmullrom"
						},
						"0.4667": {
							"post": [0, 0, 0.175],
							"lerp_mode": "catmullrom"
						},
						"0.6": {
							"post": [0, 0, 0],
							"lerp_mode": "catmullrom"
						}
					}
				},
				"constraint": {
					"rotation": {
						"0.1667": [0.75, 0.85, 0.75],
						"0.7333": [0, 0, 0]
					},
					"position": {
						"0.1667": [0.9, 0.5, 0.65],
						"0.7333": [0, 0, 0]
					}
				}
			}
		},
		"bolt": {
			"animation_length": 0.7667,
			"bones": {
				"root": {
					"rotation": {
						"0.0": {
							"post": [0, 0, 0],
							"lerp_mode": "catmullrom"
						},
						"0.0667": {
							"post": [0, 0, 1.5],
							"lerp_mode": "catmullrom"
						},
						"0.1": {
							"post": [-0.66146, 0.09724, 2.9697],
							"lerp_mode": "catmullrom"
						},
						"0.1667": {
							"post": [1.20864, -0.15998, -5.55692],
							"lerp_mode": "catmullrom"
						},
						"0.2333": {
							"post": [0.98181, -0.6625, 1.91405],
							"lerp_mode": "catmullrom"
						},
						"0.2667": {
							"post": [-1.71, -0.37, 1.88],
							"lerp_mode": "catmullrom"
						},
						"0.3333": {
							"post": [-1.55, -0.09, 1.15],
							"lerp_mode": "catmullrom"
						},
						"0.3667": {
							"post": [0.03185, -0.00802, -0.23047],
							"lerp_mode": "catmullrom"
						},
						"0.4333": {
							"post": [0.40114, 0.01284, 1.88038],
							"lerp_mode": "catmullrom"
						},
						"0.5333": {
							"post": [0.26, 0.01, -0.74],
							"lerp_mode": "catmullrom"
						},
						"0.6667": {
							"post": [0, 0, 0],
							"lerp_mode": "catmullrom"
						}
					},
					"position": {
						"0.0": {
							"post": [0, 0, 0],
							"lerp_mode": "catmullrom"
						},
						"0.1": {
							"post": [0, -0.125, 0],
							"lerp_mode": "catmullrom"
						},
						"0.1667": [-0.05757, -0.39924, 0.35],
						"0.2": {
							"pre": [-0.15, -0.34, 0.315],
							"post": [-0.15, -0.34, 0.315],
							"lerp_mode": "catmullrom"
						},
						"0.2667": [-0.15, -0.445, 0.39],
						"0.3333": {
							"pre": [-0.15, -0.35, 0.25],
							"post": [-0.15, -0.35, 0.25],
							"lerp_mode": "catmullrom"
						},
						"0.3667": {
							"post": [-0.08, -0.25, -0.045],
							"lerp_mode": "catmullrom"
						},
						"0.5": {
							"post": [0, -0.125, 0.075],
							"lerp_mode": "catmullrom"
						},
						"0.6667": {
							"post": [0, 0, 0],
							"lerp_mode": "catmullrom"
						}
					}
				},
				"mag_and_lefthand": {
					"position": {
						"0.1": [0, 0, 0],
						"0.1333": [0, 0, 4],
						"0.3": [0, 0, 4],
						"0.3667": [0, 0, 0]
					}
				},
				"lefthand": {
					"rotation": [75.07308, -34.08254, -122.98537],
					"position": [7.80151, -15.29187, -16.34031],
					"scale": [1, 1.5, 1]
				},
				"righthand": {
					"rotation": [99.05188, 15.0716, -167.92777],
					"position": [-6.86719, -15.20625, 2.2375],
					"scale": [1, 1.5, 1]
				},
				"camera": {
					"rotation": {
						"0.0": {
							"post": [0, 0, 0],
							"lerp_mode": "catmullrom"
						},
						"0.1": {
							"post": [0.4375, 0, 0],
							"lerp_mode": "catmullrom"
						},
						"0.1333": {
							"post": [0.4375, 0.0275, -0.375],
							"lerp_mode": "catmullrom"
						},
						"0.2333": {
							"post": [0.4375, 0.0675, -0.46],
							"lerp_mode": "catmullrom"
						},
						"0.3667": {
							"post": [0.4375, 0.0875, 0.5475],
							"lerp_mode": "catmullrom"
						},
						"0.5": {
							"post": [-0.0625, 0, -0.1875],
							"lerp_mode": "catmullrom"
						},
						"0.5667": {
							"post": [-0.1875, -0.0925, 0],
							"lerp_mode": "catmullrom"
						},
						"0.6333": {
							"post": [0, 0, 0],
							"lerp_mode": "catmullrom"
						}
					}
				},
				"constraint": {
					"rotation": {
						"0.4667": [0.5, 0.5, 0.5],
						"0.5667": [0, 0, 0]
					},
					"position": {
						"0.4667": [0.5, 0.5, 0.5],
						"0.5667": [0, 0, 0]
					}
				},
				"bullett": {
					"rotation": {
						"0.1333": [0, 0, 0],
						"0.1667": [0, 0, 0],
						"0.2333": [-12.5, 32.5, 15],
						"0.2667": {
							"pre": [-12.5, 32.5, 15],
							"post": [0, 0, 0]
						}
					},
					"position": {
						"0.1333": [0, 0, 0],
						"0.1667": [-1.28125, -1.47656, 0],
						"0.2333": [-11.28, -0.48, 4],
						"0.2667": {
							"pre": [-11.28, -0.48, 4],
							"post": [0, 0, 0]
						}
					}
				}
			},
			"sound_effects": {
				"0.0667": {
					"effect": "halor6:m90/pump_back"
				},
				"0.3": {
					"effect": "halor6:m90/pump_fwd"
				}
			}
		},
		"melee_stock": {
			"animation_length": 1.125,
			"bones": {
				"root": {
					"rotation": {
						"0.0": {
							"post": [0, 0, 0],
							"lerp_mode": "catmullrom"
						},
						"0.0833": {
							"post": [-10, 2.5, 2.5],
							"lerp_mode": "catmullrom"
						},
						"0.125": {
							"post": [-121.92, -66.68, 127.3],
							"lerp_mode": "catmullrom"
						},
						"0.1667": {
							"post": [-121.92, -66.68, 127.3],
							"lerp_mode": "catmullrom"
						},
						"0.2083": {
							"post": [-124.17, -66.68, 127.3],
							"lerp_mode": "catmullrom"
						},
						"0.625": {
							"post": [-124.17, -66.68, 127.3],
							"lerp_mode": "catmullrom"
						},
						"0.75": {
							"post": [-1.30326, -74.9608, 13.55875],
							"lerp_mode": "catmullrom"
						},
						"0.9583": {
							"post": [11.18, -32.74, -0.4],
							"lerp_mode": "catmullrom"
						},
						"1.0417": {
							"post": [2.53093, -9.90249, 14.36429],
							"lerp_mode": "catmullrom"
						},
						"1.125": {
							"post": [0, 0, 0],
							"lerp_mode": "catmullrom"
						}
					},
					"position": {
						"0.0": {
							"post": [0, 0, 0],
							"lerp_mode": "catmullrom"
						},
						"0.0833": {
							"post": [-8, -4, 4],
							"lerp_mode": "catmullrom"
						},
						"0.125": {
							"post": [10.2479, 3.14632, -8.72319],
							"lerp_mode": "catmullrom"
						},
						"0.1667": {
							"post": [10.2479, 3.14632, -8.72319],
							"lerp_mode": "catmullrom"
						},
						"0.2083": {
							"post": [9.66776, 2.51921, -8.48837],
							"lerp_mode": "catmullrom"
						},
						"0.25": {
							"post": [10.12, 2.81, -8.96],
							"lerp_mode": "catmullrom"
						},
						"0.5833": {
							"post": [10.66776, 2.51921, -8.48837],
							"lerp_mode": "catmullrom"
						},
						"0.75": {
							"post": [6.6792, -2.91672, -7.40935],
							"lerp_mode": "catmullrom"
						},
						"0.9583": {
							"post": [-0.75, -3, -0.5],
							"lerp_mode": "catmullrom"
						},
						"1.125": {
							"post": [0, 0, 0],
							"lerp_mode": "catmullrom"
						}
					}
				},
				"lefthand": {
					"rotation": {
						"0.0": [75.07308, -34.08254, -122.98537],
						"0.125": [185.29023, -9.25325, -277.82249],
						"0.5833": [185.29023, -9.25325, -277.82249],
						"0.8333": [75.07308, -34.08254, -122.98537]
					},
					"position": {
						"0.0": [7.80151, -15.29187, -16.34031],
						"0.125": [6.17, -8.59656, -18.97125],
						"0.5833": [6.17, -8.59656, -18.97125],
						"0.7083": [12.45, -9.97, -16.31],
						"0.8333": [7.80151, -15.29187, -16.34031]
					},
					"scale": [1, 1.5, 1]
				},
				"righthand": {
					"rotation": {
						"0.0": [99.05188, 15.0716, -167.92777],
						"0.0833": [13.92783, 5.09571, -97.13359],
						"0.875": [13.92783, 5.09571, -97.13359],
						"1.0": [73.98986, 10.08366, -132.53068],
						"1.125": [99.05188, 15.0716, -167.92777]
					},
					"position": {
						"0.0": [-6.86719, -15.20625, 2.2375],
						"0.0833": [-5.93035, -9.86945, 6.46623],
						"0.875": [-5.93035, -9.86945, 6.46623],
						"1.0": [-9.4, -10.29, 4.35],
						"1.125": [-6.86719, -15.20625, 2.2375]
					},
					"scale": [1, 1.5, 1]
				},
				"camera": {
					"rotation": {
						"0.0": {
							"post": [0, 0, 0],
							"lerp_mode": "catmullrom"
						},
						"0.0833": {
							"post": [1, 2, 2.5],
							"lerp_mode": "catmullrom"
						},
						"0.125": {
							"post": [-1.5, -1.1, -2.5],
							"lerp_mode": "catmullrom"
						},
						"0.2083": {
							"post": [1, 0.5, 1],
							"lerp_mode": "catmullrom"
						},
						"0.2917": {
							"post": [-0.6, -0.7, -1],
							"lerp_mode": "catmullrom"
						},
						"0.4167": {
							"post": [0.4, 0.6, 0],
							"lerp_mode": "catmullrom"
						},
						"0.625": {
							"post": [0, 0, 0],
							"lerp_mode": "catmullrom"
						},
						"0.75": {
							"post": [1, 1.5, 0],
							"lerp_mode": "catmullrom"
						},
						"0.9167": {
							"post": [0, 0, 0],
							"lerp_mode": "catmullrom"
						},
						"1.0833": {
							"post": [0, 0, 0],
							"lerp_mode": "catmullrom"
						}
					}
				}
			}
		},
		"inspect": {
			"loop": "hold_on_last_frame",
			"animation_length": 7.05,
			"bones": {
				"handle": {
					"rotation": {
						"0.1333": {
							"pre": [0, 0, 0],
							"post": [0, 0, 0],
							"lerp_mode": "catmullrom"
						},
						"0.3": {
							"post": [0, 0, 10],
							"lerp_mode": "catmullrom"
						},
						"0.5": {
							"post": [0, 0, -20],
							"lerp_mode": "catmullrom"
						},
						"0.7": {
							"post": [0, 0, 0],
							"lerp_mode": "catmullrom"
						},
						"3.1833": {
							"post": [0, 0, 0],
							"lerp_mode": "catmullrom"
						},
						"3.35": {
							"post": [0, 0, -20],
							"lerp_mode": "catmullrom"
						},
						"3.45": {
							"post": [0, 0, 20],
							"lerp_mode": "catmullrom"
						},
						"3.5667": {
							"post": [0, 0, 0],
							"lerp_mode": "catmullrom"
						},
						"6.15": {
							"post": [0, 0, 0],
							"lerp_mode": "catmullrom"
						},
						"6.4": {
							"post": [0, 0, 25],
							"lerp_mode": "catmullrom"
						},
						"6.6167": {
							"post": [0, 0, -25],
							"lerp_mode": "catmullrom"
						},
						"6.8": {
							"post": [0, 0, 0],
							"lerp_mode": "catmullrom"
						},
						"6.8667": {
							"post": [0, 0, 0],
							"lerp_mode": "catmullrom"
						}
					}
				},
				"root": {
					"rotation": {
						"0.0": {
							"post": [0, 0, 0],
							"lerp_mode": "catmullrom"
						},
						"0.1667": {
							"post": [-4.09882, -4.5091, 15.43498],
							"lerp_mode": "catmullrom"
						},
						"0.5": {
							"post": [-5.41629, -41.63247, -14.00811],
							"lerp_mode": "catmullrom"
						},
						"0.7333": {
							"post": [-6.46, -41.85, -10.81],
							"lerp_mode": "catmullrom"
						},
						"0.7667": {
							"post": [-6.39, -41.9, -10.99],
							"lerp_mode": "catmullrom"
						},
						"0.8": {
							"post": [-6.3, -41.97, -11.19],
							"lerp_mode": "catmullrom"
						},
						"0.8333": {
							"post": [-6.21, -42.04, -11.42],
							"lerp_mode": "catmullrom"
						},
						"0.8667": {
							"post": [-6.12, -42.12, -11.66],
							"lerp_mode": "catmullrom"
						},
						"0.9": {
							"post": [-6.03, -42.19, -11.89],
							"lerp_mode": "catmullrom"
						},
						"1.7": {
							"post": [-5.06, -41.97, -11.78],
							"lerp_mode": "catmullrom"
						},
						"2.7667": [-6.13, -41.61, -11.53],
						"2.8": [-6.23, -41.26, -11.19],
						"2.8333": [-6.31, -40.87, -10.86],
						"2.8667": [-6.47, -40.4, -10.34],
						"2.9": [-6.76, -39.81, -9.46],
						"2.9333": [-7.27, -39.07, -8.04],
						"2.9667": [-8.07, -38.14, -5.89],
						"3.0": [-9.24, -36.99, -2.84],
						"3.0333": [-10.84, -35.57, 1.3],
						"3.3333": {
							"pre": [-33.39, 15.04, 78.95],
							"post": [-33.39, 15.04, 78.95],
							"lerp_mode": "catmullrom"
						},
						"3.4333": {
							"post": [-37.03832, 13.45511, 82.32435],
							"lerp_mode": "catmullrom"
						},
						"3.6": {
							"post": [-39.11597, 13.50829, 84.48083],
							"lerp_mode": "catmullrom"
						},
						"3.7333": {
							"post": [-39.19802, 12.56109, 83.31483],
							"lerp_mode": "catmullrom"
						},
						"3.9333": {
							"post": [-39.12119, 12.25823, 84.52516],
							"lerp_mode": "catmullrom"
						},
						"4.1": {
							"post": [-39.12185, 12.23874, 84.18842],
							"lerp_mode": "catmullrom"
						},
						"4.3167": {
							"post": [-39.18533, 11.15323, 83.16661],
							"lerp_mode": "catmullrom"
						},
						"4.5": {
							"post": [-39.90167, 10.88756, 84.02848],
							"lerp_mode": "catmullrom"
						},
						"4.7": {
							"post": [-39.9, 10.89, 84.03],
							"lerp_mode": "catmullrom"
						},
						"4.7667": {
							"post": [-40.28893, 11.40247, 83.69991],
							"lerp_mode": "catmullrom"
						},
						"4.9": {
							"post": [-41.15319, 14.53992, 84.88983],
							"lerp_mode": "catmullrom"
						},
						"5.0667": {
							"post": [-41.38793, 16.81647, 85.21797],
							"lerp_mode": "catmullrom"
						},
						"5.4667": {
							"post": [-41.59894, 16.09056, 85.53113],
							"lerp_mode": "catmullrom"
						},
						"5.7833": [-41.80456, 16.06945, 85.88676],
						"6.15": [-42.11945, 15.21748, 85.30858],
						"6.2167": [-38.26232, 6.02793, 72.61152],
						"6.4167": {
							"pre": [-13.14, 0.83, 33.75],
							"post": [-13.14, 0.83, 33.75],
							"lerp_mode": "catmullrom"
						},
						"6.4667": [-7.42, -2.84, 26.12],
						"6.5": [-3.06, -3.62, 18.13],
						"6.55": [-0.62, -2.05, 11.52],
						"6.5833": [0.81, -0.65, 6.5],
						"6.6333": [1.18, -0.29, 3.45],
						"6.6667": [0.55, -0.11, 2],
						"6.7167": [0, 0, 1.25],
						"6.75": [-0.05, 0.04, 2.33],
						"6.8": [-0.03, 0.02, 1.51],
						"6.8333": [0, 0, 0.5],
						"6.8833": [0, 0, 0.22],
						"6.9167": [0, 0, 0.08],
						"6.9667": [0, 0, 0],
						"7.0": [0, 0, -0.03],
						"7.05": [0, 0, -0.03]
					},
					"position": {
						"0.0": {
							"post": [0, 0, 0],
							"lerp_mode": "catmullrom"
						},
						"0.1667": {
							"post": [0, -0.94, -0.22],
							"lerp_mode": "catmullrom"
						},
						"0.3667": {
							"post": [1.225, 1.425, -2.875],
							"lerp_mode": "catmullrom"
						},
						"0.7333": {
							"post": [2.2, 1.61, -2.77],
							"lerp_mode": "catmullrom"
						},
						"0.7667": {
							"post": [2.19, 1.61, -2.77],
							"lerp_mode": "catmullrom"
						},
						"0.8": {
							"post": [2.19, 1.62, -2.76],
							"lerp_mode": "catmullrom"
						},
						"0.8333": {
							"post": [2.18, 1.63, -2.76],
							"lerp_mode": "catmullrom"
						},
						"0.8667": {
							"post": [2.17, 1.64, -2.76],
							"lerp_mode": "catmullrom"
						},
						"0.9": {
							"post": [2.17, 1.64, -2.76],
							"lerp_mode": "catmullrom"
						},
						"1.7": {
							"post": [2.18, 1.64, -2.76],
							"lerp_mode": "catmullrom"
						},
						"2.7667": [2.2, 1.63, -2.77],
						"2.8": [2.24, 1.58, -2.77],
						"2.8333": [2.27, 1.51, -2.77],
						"2.8667": [2.31, 1.44, -2.78],
						"2.9": [2.37, 1.37, -2.78],
						"2.9333": [2.43, 1.31, -2.78],
						"2.9667": [2.51, 1.27, -2.78],
						"3.0": [2.61, 1.25, -2.77],
						"3.0333": [2.72, 1.26, -2.77],
						"3.3667": {
							"pre": [-0.145, 0.16, -4.77],
							"post": [-0.145, 0.16, -4.77],
							"lerp_mode": "catmullrom"
						},
						"3.6": {
							"post": [-0.065, 0.16, -4.77],
							"lerp_mode": "catmullrom"
						},
						"3.7333": {
							"post": [-0.07, 0.21, -4.67],
							"lerp_mode": "catmullrom"
						},
						"3.9333": {
							"post": [-0.07, 0.285, -4.67],
							"lerp_mode": "catmullrom"
						},
						"4.3167": {
							"post": [-0.07, 0.315, -4.67],
							"lerp_mode": "catmullrom"
						},
						"4.7": {
							"post": [-0.07, 0.32, -4.67],
							"lerp_mode": "catmullrom"
						},
						"4.9": {
							"post": [-0.07, 0.47, -4.37],
							"lerp_mode": "catmullrom"
						},
						"5.0667": {
							"post": [-0.07, 0.545, -4.32],
							"lerp_mode": "catmullrom"
						},
						"5.4667": {
							"post": [-0.07, 0.575, -4.445],
							"lerp_mode": "catmullrom"
						},
						"5.7833": [-0.07, 0.555, -4.4],
						"6.15": [-0.095, 0.5, -4.4],
						"6.2167": [0.02, -0.78, -4.29],
						"6.55": [0, 0, 0]
					}
				},
				"lefthand": {
					"rotation": {
						"0.0": [75.07308, -34.08254, -122.98537],
						"3.0333": [75.07308, -34.08254, -122.98537],
						"3.3333": [60.05, -49.75, -168],
						"6.15": [60.05, -49.75, -168],
						"6.5833": [75.07308, -34.08254, -122.98537]
					},
					"position": {
						"0.0": [7.80151, -15.29187, -16.34031],
						"0.3333": [7.8, -15.29, -14.34],
						"3.0333": [7.8, -15.29, -14.34],
						"3.3333": [9.42, -12.12, -10.44],
						"6.15": [9.42, -12.12, -10.44],
						"6.5833": [7.80151, -15.29187, -16.34031]
					},
					"scale": {
						"0.0": [1, 1.5, 1],
						"6.5833": [1, 1.5, 1]
					}
				},
				"righthand": {
					"rotation": [99.05188, 15.0716, -167.92777],
					"position": [-6.86719, -15.20625, 2.2375],
					"scale": [1, 1.5, 1]
				},
				"camera": {
					"rotation": {
						"0.0": {
							"post": [0, 0, 0],
							"lerp_mode": "catmullrom"
						},
						"0.0667": {
							"post": [0.25, 0.075, -0.15],
							"lerp_mode": "catmullrom"
						},
						"0.3333": {
							"post": [-0.275, -0.17, 0.025],
							"lerp_mode": "catmullrom"
						},
						"2.8": {
							"post": [12.53, 26.21, -2.325],
							"lerp_mode": "catmullrom"
						},
						"4.1667": {
							"post": [9.71, 8.585, -0.195],
							"lerp_mode": "catmullrom"
						},
						"5.0333": {
							"post": [8.99, 1.21, -0.945],
							"lerp_mode": "catmullrom"
						},
						"5.7333": {
							"post": [1.49, -1.29, -0.045],
							"lerp_mode": "catmullrom"
						},
						"6.5167": {
							"post": [-0.315, -0.05, 0.3],
							"lerp_mode": "catmullrom"
						},
						"6.6167": {
							"post": [-0.19, -0.05, 0.4],
							"lerp_mode": "catmullrom"
						},
						"6.6833": {
							"post": [0.135, 0.225, 0.225],
							"lerp_mode": "catmullrom"
						},
						"6.8167": {
							"post": [0.01, -0.175, 0.085],
							"lerp_mode": "catmullrom"
						},
						"6.9833": {
							"post": [0, 0, 0],
							"lerp_mode": "catmullrom"
						}
					}
				}
			}
		},
		"inspect_empty": {
			"loop": "hold_on_last_frame",
			"animation_length": 7.05,
			"bones": {
				"handle": {
					"rotation": {
						"0.1333": {
							"pre": [0, 0, 0],
							"post": [0, 0, 0],
							"lerp_mode": "catmullrom"
						},
						"0.3": {
							"post": [0, 0, 10],
							"lerp_mode": "catmullrom"
						},
						"0.5": {
							"post": [0, 0, -20],
							"lerp_mode": "catmullrom"
						},
						"0.7": {
							"post": [0, 0, 0],
							"lerp_mode": "catmullrom"
						},
						"3.1833": {
							"post": [0, 0, 0],
							"lerp_mode": "catmullrom"
						},
						"3.35": {
							"post": [0, 0, -20],
							"lerp_mode": "catmullrom"
						},
						"3.45": {
							"post": [0, 0, 20],
							"lerp_mode": "catmullrom"
						},
						"3.5667": {
							"post": [0, 0, 0],
							"lerp_mode": "catmullrom"
						},
						"6.15": {
							"post": [0, 0, 0],
							"lerp_mode": "catmullrom"
						},
						"6.4": {
							"post": [0, 0, 25],
							"lerp_mode": "catmullrom"
						},
						"6.6167": {
							"post": [0, 0, -25],
							"lerp_mode": "catmullrom"
						},
						"6.8": {
							"post": [0, 0, 0],
							"lerp_mode": "catmullrom"
						},
						"6.8667": {
							"post": [0, 0, 0],
							"lerp_mode": "catmullrom"
						}
					}
				},
				"root": {
					"rotation": {
						"0.0": {
							"post": [0, 0, 0],
							"lerp_mode": "catmullrom"
						},
						"0.1667": {
							"post": [-4.09882, -4.5091, 15.43498],
							"lerp_mode": "catmullrom"
						},
						"0.5": {
							"post": [-5.41629, -41.63247, -14.00811],
							"lerp_mode": "catmullrom"
						},
						"0.7333": {
							"post": [-6.46, -41.85, -10.81],
							"lerp_mode": "catmullrom"
						},
						"0.7667": {
							"post": [-6.39, -41.9, -10.99],
							"lerp_mode": "catmullrom"
						},
						"0.8": {
							"post": [-6.3, -41.97, -11.19],
							"lerp_mode": "catmullrom"
						},
						"0.8333": {
							"post": [-6.21, -42.04, -11.42],
							"lerp_mode": "catmullrom"
						},
						"0.8667": {
							"post": [-6.12, -42.12, -11.66],
							"lerp_mode": "catmullrom"
						},
						"0.9": {
							"post": [-6.03, -42.19, -11.89],
							"lerp_mode": "catmullrom"
						},
						"1.7": {
							"post": [-5.06, -41.97, -11.78],
							"lerp_mode": "catmullrom"
						},
						"2.7667": [-6.13, -41.61, -11.53],
						"2.8": [-6.23, -41.26, -11.19],
						"2.8333": [-6.31, -40.87, -10.86],
						"2.8667": [-6.47, -40.4, -10.34],
						"2.9": [-6.76, -39.81, -9.46],
						"2.9333": [-7.27, -39.07, -8.04],
						"2.9667": [-8.07, -38.14, -5.89],
						"3.0": [-9.24, -36.99, -2.84],
						"3.0333": [-10.84, -35.57, 1.3],
						"3.3333": {
							"pre": [-33.39, 15.04, 78.95],
							"post": [-33.39, 15.04, 78.95],
							"lerp_mode": "catmullrom"
						},
						"3.4333": {
							"post": [-37.03832, 13.45511, 82.32435],
							"lerp_mode": "catmullrom"
						},
						"3.6": {
							"post": [-39.11597, 13.50829, 84.48083],
							"lerp_mode": "catmullrom"
						},
						"3.7333": {
							"post": [-39.19802, 12.56109, 83.31483],
							"lerp_mode": "catmullrom"
						},
						"3.9333": {
							"post": [-39.12119, 12.25823, 84.52516],
							"lerp_mode": "catmullrom"
						},
						"4.1": {
							"post": [-39.12185, 12.23874, 84.18842],
							"lerp_mode": "catmullrom"
						},
						"4.3167": {
							"post": [-39.18533, 11.15323, 83.16661],
							"lerp_mode": "catmullrom"
						},
						"4.5": {
							"post": [-39.90167, 10.88756, 84.02848],
							"lerp_mode": "catmullrom"
						},
						"4.7": {
							"post": [-39.9, 10.89, 84.03],
							"lerp_mode": "catmullrom"
						},
						"4.7667": {
							"post": [-40.28893, 11.40247, 83.69991],
							"lerp_mode": "catmullrom"
						},
						"4.9": {
							"post": [-41.15319, 14.53992, 84.88983],
							"lerp_mode": "catmullrom"
						},
						"5.0667": {
							"post": [-41.38793, 16.81647, 85.21797],
							"lerp_mode": "catmullrom"
						},
						"5.4667": {
							"post": [-41.59894, 16.09056, 85.53113],
							"lerp_mode": "catmullrom"
						},
						"5.7833": [-41.80456, 16.06945, 85.88676],
						"6.15": [-42.11945, 15.21748, 85.30858],
						"6.2167": [-38.26232, 6.02793, 72.61152],
						"6.4167": {
							"pre": [-13.14, 0.83, 33.75],
							"post": [-13.14, 0.83, 33.75],
							"lerp_mode": "catmullrom"
						},
						"6.4667": [-7.42, -2.84, 26.12],
						"6.5": [-3.06, -3.62, 18.13],
						"6.55": [-0.62, -2.05, 11.52],
						"6.5833": [0.81, -0.65, 6.5],
						"6.6333": [1.18, -0.29, 3.45],
						"6.6667": [0.55, -0.11, 2],
						"6.7167": [0, 0, 1.25],
						"6.75": [-0.05, 0.04, 2.33],
						"6.8": [-0.03, 0.02, 1.51],
						"6.8333": [0, 0, 0.5],
						"6.8833": [0, 0, 0.22],
						"6.9167": [0, 0, 0.08],
						"6.9667": [0, 0, 0],
						"7.0": [0, 0, -0.03],
						"7.05": [0, 0, -0.03]
					},
					"position": {
						"0.0": {
							"post": [0, 0, 0],
							"lerp_mode": "catmullrom"
						},
						"0.1667": {
							"post": [0, -0.94, -0.22],
							"lerp_mode": "catmullrom"
						},
						"0.3667": {
							"post": [1.225, 1.425, -2.875],
							"lerp_mode": "catmullrom"
						},
						"0.7333": {
							"post": [2.2, 1.61, -2.77],
							"lerp_mode": "catmullrom"
						},
						"0.7667": {
							"post": [2.19, 1.61, -2.77],
							"lerp_mode": "catmullrom"
						},
						"0.8": {
							"post": [2.19, 1.62, -2.76],
							"lerp_mode": "catmullrom"
						},
						"0.8333": {
							"post": [2.18, 1.63, -2.76],
							"lerp_mode": "catmullrom"
						},
						"0.8667": {
							"post": [2.17, 1.64, -2.76],
							"lerp_mode": "catmullrom"
						},
						"0.9": {
							"post": [2.17, 1.64, -2.76],
							"lerp_mode": "catmullrom"
						},
						"1.7": {
							"post": [2.18, 1.64, -2.76],
							"lerp_mode": "catmullrom"
						},
						"2.7667": [2.2, 1.63, -2.77],
						"2.8": [2.24, 1.58, -2.77],
						"2.8333": [2.27, 1.51, -2.77],
						"2.8667": [2.31, 1.44, -2.78],
						"2.9": [2.37, 1.37, -2.78],
						"2.9333": [2.43, 1.31, -2.78],
						"2.9667": [2.51, 1.27, -2.78],
						"3.0": [2.61, 1.25, -2.77],
						"3.0333": [2.72, 1.26, -2.77],
						"3.3667": {
							"pre": [-0.145, 0.16, -4.77],
							"post": [-0.145, 0.16, -4.77],
							"lerp_mode": "catmullrom"
						},
						"3.6": {
							"post": [-0.065, 0.16, -4.77],
							"lerp_mode": "catmullrom"
						},
						"3.7333": {
							"post": [-0.07, 0.21, -4.67],
							"lerp_mode": "catmullrom"
						},
						"3.9333": {
							"post": [-0.07, 0.285, -4.67],
							"lerp_mode": "catmullrom"
						},
						"4.3167": {
							"post": [-0.07, 0.315, -4.67],
							"lerp_mode": "catmullrom"
						},
						"4.7": {
							"post": [-0.07, 0.32, -4.67],
							"lerp_mode": "catmullrom"
						},
						"4.9": {
							"post": [-0.07, 0.47, -4.37],
							"lerp_mode": "catmullrom"
						},
						"5.0667": {
							"post": [-0.07, 0.545, -4.32],
							"lerp_mode": "catmullrom"
						},
						"5.4667": {
							"post": [-0.07, 0.575, -4.445],
							"lerp_mode": "catmullrom"
						},
						"5.7833": [-0.07, 0.555, -4.4],
						"6.15": [-0.095, 0.5, -4.4],
						"6.2167": [0.02, -0.78, -4.29],
						"6.55": [0, 0, 0]
					}
				},
				"lefthand": {
					"rotation": {
						"0.0": [75.07308, -34.08254, -122.98537],
						"3.0333": [75.07308, -34.08254, -122.98537],
						"3.3333": [60.05, -49.75, -168],
						"6.15": [60.05, -49.75, -168],
						"6.5833": [75.07308, -34.08254, -122.98537]
					},
					"position": {
						"0.0": [7.80151, -15.29187, -16.34031],
						"0.3333": [7.8, -15.29, -14.34],
						"3.0333": [7.8, -15.29, -14.34],
						"3.3333": [9.42, -12.12, -10.44],
						"6.15": [9.42, -12.12, -10.44],
						"6.5833": [7.80151, -15.29187, -16.34031]
					},
					"scale": {
						"0.0": [1, 1.5, 1],
						"6.5833": [1, 1.5, 1]
					}
				},
				"righthand": {
					"rotation": [99.05188, 15.0716, -167.92777],
					"position": [-6.86719, -15.20625, 2.2375],
					"scale": [1, 1.5, 1]
				},
				"camera": {
					"rotation": {
						"0.0": {
							"post": [0, 0, 0],
							"lerp_mode": "catmullrom"
						},
						"0.0667": {
							"post": [0.25, 0.075, -0.15],
							"lerp_mode": "catmullrom"
						},
						"0.3333": {
							"post": [-0.275, -0.17, 0.025],
							"lerp_mode": "catmullrom"
						},
						"2.8": {
							"post": [12.53, 26.21, -2.325],
							"lerp_mode": "catmullrom"
						},
						"4.1667": {
							"post": [9.71, 8.585, -0.195],
							"lerp_mode": "catmullrom"
						},
						"5.0333": {
							"post": [8.99, 1.21, -0.945],
							"lerp_mode": "catmullrom"
						},
						"5.7333": {
							"post": [1.49, -1.29, -0.045],
							"lerp_mode": "catmullrom"
						},
						"6.5167": {
							"post": [-0.315, -0.05, 0.3],
							"lerp_mode": "catmullrom"
						},
						"6.6167": {
							"post": [-0.19, -0.05, 0.4],
							"lerp_mode": "catmullrom"
						},
						"6.6833": {
							"post": [0.135, 0.225, 0.225],
							"lerp_mode": "catmullrom"
						},
						"6.8167": {
							"post": [0.01, -0.175, 0.085],
							"lerp_mode": "catmullrom"
						},
						"6.9833": {
							"post": [0, 0, 0],
							"lerp_mode": "catmullrom"
						}
					}
				}
			}
		},
		"shoot": {
			"animation_length": 0.75,
			"bones": {
				"root": {
					"rotation": {
						"0.0": {
							"post": [0, 0, 0],
							"lerp_mode": "catmullrom"
						},
						"0.0167": {
							"post": [2.16077, 4.2903, 2.29524],
							"lerp_mode": "catmullrom"
						},
						"0.0333": {
							"post": [-1.35744, 5.48823, 7.73963],
							"lerp_mode": "catmullrom"
						},
						"0.05": {
							"post": [-3.751, 4.8655, -1.44036],
							"lerp_mode": "catmullrom"
						},
						"0.0667": {
							"post": [-4.95597, 4.73357, -4.55445],
							"lerp_mode": "catmullrom"
						},
						"0.0833": {
							"post": [-5.1225, 4.66, -3.99],
							"lerp_mode": "catmullrom"
						},
						"0.1": {
							"post": [-5.16688, 4.10196, 2.33202],
							"lerp_mode": "catmullrom"
						},
						"0.3": {
							"post": [-2.68502, -0.04686, 0.64501],
							"lerp_mode": "catmullrom"
						},
						"0.35": {
							"post": [-0.775, 0.1, -0.925],
							"lerp_mode": "catmullrom"
						},
						"0.4333": {
							"post": [0.43044, 0.05061, 0.11],
							"lerp_mode": "catmullrom"
						},
						"0.5": {
							"post": [0.5, 0, 0],
							"lerp_mode": "catmullrom"
						},
						"0.5833": [-0.23, -0.18, 0.25],
						"0.6333": [0.03, -0.24, -0.07],
						"0.6667": [0.11, -0.17, -0.16],
						"0.7": [0.05, -0.07, -0.07],
						"0.75": [0, 0, 0]
					},
					"position": {
						"0.0": {
							"post": [0, 0, 0],
							"lerp_mode": "catmullrom"
						},
						"0.0167": {
							"post": [-0.1, 0.55, 4.45],
							"lerp_mode": "catmullrom"
						},
						"0.0333": [0.1, -0.375, 6.7375],
						"0.05": [0.12, -0.45, 6.7275],
						"0.0833": [0.09, -0.02, 6.705],
						"0.1333": [0.05, 0.41, 6.48],
						"0.1833": {
							"pre": [0, 0.95, 5.99],
							"post": [0, 0.95, 5.99],
							"lerp_mode": "catmullrom"
						},
						"0.2833": {
							"post": [0, 0.4, 4.425],
							"lerp_mode": "catmullrom"
						},
						"0.3667": {
							"post": [0, 0.475, 2.55],
							"lerp_mode": "catmullrom"
						},
						"0.5": {
							"post": [0, 0.1, 0.1],
							"lerp_mode": "catmullrom"
						},
						"0.5833": [0, 0.01, 0.02],
						"0.6333": [0, 0.01, 0.03],
						"0.6667": [0, 0, -0.01],
						"0.7": [0, 0, -0.01],
						"0.75": [0, 0, 0]
					}
				},
				"constraint": {
					"rotation": {
						"0.3667": [0.5, 0.5, 0.5],
						"0.4833": [0, 0, 0]
					},
					"position": {
						"0.3667": [0.5, 0.5, 0.5],
						"0.4833": [0, 0, 0]
					}
				},
				"camera": {
					"rotation": {
						"0.0": {
							"post": [0, 0, 0],
							"lerp_mode": "catmullrom"
						},
						"0.0167": {
							"post": [-0.39, 0, -2.25],
							"lerp_mode": "catmullrom"
						},
						"0.05": {
							"post": [-0.625, 0, 1.75],
							"lerp_mode": "catmullrom"
						},
						"0.0833": {
							"post": [0.26, 0, -0.88],
							"lerp_mode": "catmullrom"
						},
						"0.1333": {
							"post": [0.575, 0, 0.95],
							"lerp_mode": "catmullrom"
						},
						"0.2": {
							"post": [-0.125, 0, -0.4],
							"lerp_mode": "catmullrom"
						},
						"0.3167": {
							"post": [0.05, 0, 0.125],
							"lerp_mode": "catmullrom"
						},
						"0.4167": {
							"post": [0, 0, 0],
							"lerp_mode": "catmullrom"
						}
					}
				}
			}
		},
		"draw": {
			"animation_length": 0.75,
			"bones": {
				"root": {
					"rotation": {
						"0.0": {
							"post": [-40.13913, -20.46944, 41.88579],
							"lerp_mode": "catmullrom"
						},
						"0.2083": {
							"post": [-39.30059, -7.75648, 28.79983],
							"lerp_mode": "catmullrom"
						},
						"0.3333": {
							"post": [-7.45883, -1.51391, 10.10231],
							"lerp_mode": "catmullrom"
						},
						"0.4167": {
							"post": [1.37749, -0.08367, -1.55166],
							"lerp_mode": "catmullrom"
						},
						"0.5": {
							"post": [-0.45456, -0.10457, 0.82333],
							"lerp_mode": "catmullrom"
						},
						"0.5833": [-0.065, -0.44, -0.27],
						"0.7083": [0, 0, 0]
					},
					"position": {
						"0.0": {
							"post": [0, -22.6875, 7.8125],
							"lerp_mode": "catmullrom"
						},
						"0.125": {
							"post": [-0.14, -9.4725, -0.195],
							"lerp_mode": "catmullrom"
						},
						"0.25": {
							"post": [-0.22, -2.29, -1.425],
							"lerp_mode": "catmullrom"
						},
						"0.3333": {
							"post": [-0.125, -1.635, -1.975],
							"lerp_mode": "catmullrom"
						},
						"0.4167": {
							"post": [0, -0.305, 0.05],
							"lerp_mode": "catmullrom"
						},
						"0.5417": {
							"post": [0.05, 0, -0.15],
							"lerp_mode": "catmullrom"
						},
						"0.625": [-0.025, 0, 0.05],
						"0.75": [0, 0, 0]
					}
				},
				"lefthand": {
					"rotation": [75.07308, -34.08254, -122.98537],
					"position": [7.80151, -15.29187, -16.34031],
					"scale": [1, 1.5, 1]
				},
				"righthand": {
					"rotation": [99.05188, 15.0716, -167.92777],
					"position": [-6.86719, -15.20625, 2.2375],
					"scale": [1, 1.5, 1]
				},
				"camera": {
					"rotation": {
						"0.0": {
							"post": [0, 0, 0],
							"lerp_mode": "catmullrom"
						},
						"0.1667": {
							"post": [0.45, -0.175, 0.6],
							"lerp_mode": "catmullrom"
						},
						"0.4167": {
							"post": [-0.1, 0.05, -0.175],
							"lerp_mode": "catmullrom"
						},
						"0.5": {
							"post": [0.05, 0, 0.05],
							"lerp_mode": "catmullrom"
						},
						"0.6667": {
							"post": [0, 0, 0],
							"lerp_mode": "catmullrom"
						}
					}
				}
			}
		},
		"reload_end0": {
			"loop": "hold_on_last_frame",
			"animation_length": 0.9,
			"bones": {
				"lefthand": {
					"rotation": {
						"0.0": [62.57308, -34.08254, -140.48537],
						"0.1667": [75.07308, -34.08254, -122.98537]
					},
					"position": {
						"0.0": [19.47, -20.96, -8.17],
						"0.1667": [7.80151, -15.29187, -16.34031]
					},
					"scale": [1, 1.5, 1]
				},
				"righthand": {
					"rotation": [99.05188, 15.0716, -167.92777],
					"position": [-6.86719, -15.20625, 2.2375],
					"scale": [1, 1.5, 1]
				},
				"root": {
					"rotation": {
						"0.0": {
							"post": [-22.5, 15, 32.5],
							"lerp_mode": "catmullrom"
						},
						"0.1667": {
							"post": [-25, -5, 2.5],
							"lerp_mode": "catmullrom"
						},
						"0.2333": {
							"post": [-25, -5, 4],
							"lerp_mode": "catmullrom"
						},
						"0.2667": {
							"post": [-25.66146, -4.90276, 5.4697],
							"lerp_mode": "catmullrom"
						},
						"0.4333": {
							"post": [-26.71, -5.37, 4.38],
							"lerp_mode": "catmullrom"
						},
						"0.5": {
							"post": [-26.55, -5.09, 3.65],
							"lerp_mode": "catmullrom"
						},
						"0.6333": {
							"post": [-17.7, -3.65, -0.97],
							"lerp_mode": "catmullrom"
						},
						"0.7667": {
							"post": [1, -2, 4],
							"lerp_mode": "catmullrom"
						},
						"0.9": {
							"post": [0, 0, 0],
							"lerp_mode": "catmullrom"
						}
					},
					"position": {
						"0.0": {
							"post": [-2, -1, -2],
							"lerp_mode": "catmullrom"
						},
						"0.1667": {
							"post": [-2, 0, 0],
							"lerp_mode": "catmullrom"
						},
						"0.2667": {
							"post": [-2, -0.125, 0],
							"lerp_mode": "catmullrom"
						},
						"0.3333": [-2.05757, -1.39924, 1.35],
						"0.3667": {
							"pre": [-2.15, -1.34, 1.315],
							"post": [-2.15, -1.34, 1.315],
							"lerp_mode": "catmullrom"
						},
						"0.4333": [-2.15, -1.445, 1.39],
						"0.5": {
							"pre": [-2.15, -1.35, 1.25],
							"post": [-2.15, -1.35, 1.25],
							"lerp_mode": "catmullrom"
						},
						"0.5333": {
							"post": [-2.08, -0.25, -0.045],
							"lerp_mode": "catmullrom"
						},
						"0.7667": {
							"post": [-0.5, -0.5, 0],
							"lerp_mode": "catmullrom"
						},
						"0.9": {
							"post": [0, 0, 0],
							"lerp_mode": "catmullrom"
						}
					}
				},
				"mag_and_lefthand": {
					"position": {
						"0.2667": [0, 0, 0],
						"0.3": [0, 0, 4],
						"0.4667": [0, 0, 4],
						"0.5333": [0, 0, 0]
					}
				},
				"shelll": {
					"position": {
						"0.0": [8, -10, 13],
						"0.0333": {
							"pre": [8, -10, 13],
							"post": [0, 0, 0]
						}
					}
				},
				"camera": {
					"rotation": {
						"0.1667": {
							"pre": [0, 0, 0],
							"post": [0, 0, 0],
							"lerp_mode": "catmullrom"
						},
						"0.2667": {
							"post": [0.4375, 0, 0],
							"lerp_mode": "catmullrom"
						},
						"0.3": {
							"post": [0.4375, 0.0275, -0.375],
							"lerp_mode": "catmullrom"
						},
						"0.4": {
							"post": [0.4375, 0.0675, -0.46],
							"lerp_mode": "catmullrom"
						},
						"0.5333": {
							"post": [0.4375, 0.0875, 0.5475],
							"lerp_mode": "catmullrom"
						},
						"0.6667": {
							"post": [-0.0625, 0, -0.1875],
							"lerp_mode": "catmullrom"
						},
						"0.7333": {
							"post": [-0.1875, -0.0925, 0],
							"lerp_mode": "catmullrom"
						},
						"0.8": {
							"post": [0, 0, 0],
							"lerp_mode": "catmullrom"
						}
					}
				},
				"constraint": {
					"rotation": {
						"0.6333": [0.5, 0.5, 0.5],
						"0.8": [0, 0, 0]
					},
					"position": {
						"0.6333": [0.5, 0.5, 0.5],
						"0.8": [0, 0, 0]
					}
				}
			},
			"sound_effects": {
				"0.2": {
					"effect": "halor6:m90/pump_back"
				},
				"0.4333": {
					"effect": "halor6:m90/pump_fwd"
				}
			}
		}
	}
}