{
	"format_version": "1.8.0",
	"animations": {
		"static_idle": {
			"animation_length": 0.0667,
			"bones": {
				"lefthand": {
					"rotation": [97.57308, -36.58254, -147.98537],
					"position": [8.4187, -13.62, -12.44187],
					"scale": [1, 1.5, 1]
				},
				"righthand": {
					"rotation": [99.05188, 15.0716, -167.92777],
					"position": [-7.1875, -13.7375, -1.0125],
					"scale": [1, 1.5, 1]
				}
			}
		},
		"reload_tactical": {
			"animation_length": 2.1667,
			"bones": {
				"root": {
					"rotation": {
						"0.0": {
							"post": [0, 0, 0],
							"lerp_mode": "catmullrom"
						},
						"0.0833": {
							"post": [2, -3, 2],
							"lerp_mode": "catmullrom"
						},
						"0.2917": [-52, -55, -12.5],
						"0.375": [-62.5, -60, -12.5],
						"0.5": [-64, -60.34, -7.5],
						"0.5417": [-68.85, -60.51, -22.5],
						"0.5833": {
							"pre": [-71.78186, -53.58705, -17.78326],
							"post": [-71.78186, -53.58705, -17.78326],
							"lerp_mode": "catmullrom"
						},
						"0.625": {
							"post": [-68.72425, -47.51217, -17.72212],
							"lerp_mode": "catmullrom"
						},
						"0.7083": {
							"post": [-71.35, -53.51, -11.5],
							"lerp_mode": "catmullrom"
						},
						"1.0417": {
							"post": [-60.21, -59.41, -14.3],
							"lerp_mode": "catmullrom"
						},
						"1.25": {
							"post": [-63.5, -62.01, -12.24],
							"lerp_mode": "catmullrom"
						},
						"1.2917": {
							"post": [-62.68, -68.01, -11.9],
							"lerp_mode": "catmullrom"
						},
						"1.3333": {
							"post": [-66.28, -63.83, -11.89],
							"lerp_mode": "catmullrom"
						},
						"1.5": [-57.5, -65, -12.5],
						"1.5417": [-52.5, -57.5, -7.5],
						"1.5833": [-50.57785, -37.43957, 1.55781],
						"1.6667": {
							"pre": [-35, -45, -20],
							"post": [-35, -45, -20],
							"lerp_mode": "catmullrom"
						},
						"1.875": {
							"post": [-7, -9, -4],
							"lerp_mode": "catmullrom"
						},
						"1.9583": {
							"post": [2.5, -5, 5],
							"lerp_mode": "catmullrom"
						},
						"2.0417": {
							"post": [5, -2.5, 2.5],
							"lerp_mode": "catmullrom"
						},
						"2.1667": {
							"post": [0, 0, 0],
							"lerp_mode": "catmullrom"
						}
					},
					"position": {
						"0.0": {
							"post": [0, 0, 0],
							"lerp_mode": "catmullrom"
						},
						"0.0833": {
							"post": [0, -0.25, 0],
							"lerp_mode": "catmullrom"
						},
						"0.2917": [-1, 5, -11],
						"0.375": [0, 6, -11],
						"0.5": [1.25, 5.5, -11],
						"0.5417": [-2.4, 6, -11],
						"1.25": [1, 6, -11],
						"1.2917": [-0.25, 6, -11],
						"1.5": [2, 6, -11],
						"1.5417": [-1, 6, -11],
						"1.6667": {
							"pre": [-2, 4, -11],
							"post": [-2, 4, -11],
							"lerp_mode": "catmullrom"
						},
						"1.875": {
							"post": [-0.4, 0.8, -2.2],
							"lerp_mode": "catmullrom"
						},
						"1.9583": {
							"post": [-0.75, -1, -1],
							"lerp_mode": "catmullrom"
						},
						"2.1667": {
							"post": [0, 0, 0],
							"lerp_mode": "catmullrom"
						}
					}
				},
				"lefthand": {
					"rotation": {
						"0.0417": {
							"pre": [97.57308, -36.58254, -147.98537],
							"post": [97.57308, -36.58254, -147.98537],
							"lerp_mode": "catmullrom"
						},
						"0.3333": [61.7628, -25.37092, -99.00375],
						"1.4583": [61.7628, -25.37092, -99.00375],
						"1.5": [61.76, -25.37, -99],
						"1.7083": [61.76, -25.37, -99],
						"1.875": [97.57308, -36.58254, -147.98537],
						"1.9583": [97.57308, -36.58254, -147.98537]
					},
					"position": {
						"0.0417": {
							"pre": [8.4187, -13.62, -12.44187],
							"post": [8.4187, -13.62, -12.44187],
							"lerp_mode": "catmullrom"
						},
						"0.2083": {
							"post": [9.97, -22.05, -2.5],
							"lerp_mode": "catmullrom"
						},
						"0.3333": [7.68563, -17.62, 5.56],
						"1.375": [7.68563, -17.62, 5.56],
						"1.4583": [8.69, -24.62, 5.56],
						"1.5": [7.68563, -17.62, 5.56],
						"1.7083": [7.68563, -17.62, 5.56],
						"1.875": [8.4187, -16.62, -8.44187],
						"1.9583": [8.4187, -13.62, -12.44187]
					},
					"scale": [1, 1.5, 1]
				},
				"righthand": {
					"rotation": [99.05188, 15.0716, -167.92777],
					"position": [-7.1875, -13.7375, -1.0125],
					"scale": [1, 1.5, 1]
				},
				"mag_and_lefthand": {
					"rotation": {
						"0.25": [0, 0, 0],
						"0.3333": [0, 0, 0],
						"0.4583": [0, 0, 0],
						"0.5": [7.0208, 0, -5.85067],
						"0.5417": [15, 0, -12.5],
						"0.5833": [30.75376, 0, -30.87939],
						"0.625": [45, 0, -47.5],
						"0.7083": [45, 0, -47.5],
						"0.75": [42.98541, 0, -46.26886],
						"0.7917": [38.41023, 0, -43.47292],
						"0.8333": [32.49351, 0, -39.85715],
						"0.875": [25.90061, 0, -35.82815],
						"0.9167": [19.09939, 0, -31.67185],
						"0.9583": [12.50649, 0, -27.64285],
						"1.0": [6.58977, 0, -24.02708],
						"1.0417": [2.01459, 0, -21.23114],
						"1.0833": [0, 0, -20],
						"1.1667": [12.5, 0, -20],
						"1.2083": [11.25, 0, -10],
						"1.25": [0, 0, 0],
						"1.3333": [0, 0, 0],
						"1.5": [0, 0, 0],
						"1.5417": [0, 0, 0]
					},
					"position": {
						"0.25": [0, 0, 0],
						"0.2917": [0, -0.52513, 0],
						"0.3333": [0, -1, 0],
						"0.4583": [0, -1, 0],
						"0.5": [0, -2.5, 0.5],
						"0.5417": [2, -11, 5.5],
						"0.5833": [5.15075, -12.57538, 9.43844],
						"0.625": [8, -14, 13],
						"0.9583": [8, -14, 13],
						"1.0": [8.30915, -15.03051, 12.48475],
						"1.0417": [10.69085, -22.96949, 8.51525],
						"1.0833": [11, -24, 8],
						"1.1667": [1, -18, 5],
						"1.25": [0, -2, 0],
						"1.3333": [0, -2, 0],
						"1.5": [0, -2, 0],
						"1.5417": [0, 0, 0]
					}
				},
				"camera": {
					"rotation": {
						"0.4167": [0, 0, 0],
						"0.5": [-0.2, 0, 0],
						"0.5417": [-0.5, 0.5, 0.5],
						"0.5833": [0, 0.2, 0.2],
						"0.6667": [0, 0, 0],
						"1.25": [0, 0, 0],
						"1.2917": [-0.3, 0.3, -0.3],
						"1.375": [0, 0, 0],
						"1.5": [0, 0, 0],
						"1.5417": [-0.5, 0.5, -0.5],
						"1.5833": [0.3, -0.3, 1.3],
						"1.6667": [0, 0, 0]
					}
				}
			},
			"sound_effects": {
				"0.25": {
					"effect": "tacz:aug/aug_inspect_maggrab"
				},
				"0.375": {
					"effect": "halor6:ma40/ma40_reload_magout"
				},
				"1.2083": {
					"effect": "halor6:ma40/ma40_reload_magin"
				},
				"1.3333": {
					"effect": "tacz:aug/aug_reload_end"
				},
				"1.5": {
					"effect": "halor6:ma40/ma40_reload_maglock"
				}
			}
		},
		"reload_empty": {
			"animation_length": 2.3333,
			"bones": {
				"root": {
					"rotation": {
						"0.0": {
							"post": [0, 0, 0],
							"lerp_mode": "catmullrom"
						},
						"0.2083": [-52, -55, -12.5],
						"0.2917": [-62.5, -60, -12.5],
						"0.4167": [-64, -60.34, -7.5],
						"0.4583": [-68.85, -60.51, -22.5],
						"0.5": {
							"pre": [-71.78186, -53.58705, -17.78326],
							"post": [-71.78186, -53.58705, -17.78326],
							"lerp_mode": "catmullrom"
						},
						"0.5417": {
							"post": [-68.72425, -47.51217, -17.72212],
							"lerp_mode": "catmullrom"
						},
						"0.625": {
							"post": [-71.35, -53.51, -11.5],
							"lerp_mode": "catmullrom"
						},
						"0.9583": {
							"post": [-60.21, -59.41, -14.3],
							"lerp_mode": "catmullrom"
						},
						"1.125": {
							"post": [-63.5, -62.01, -12.24],
							"lerp_mode": "catmullrom"
						},
						"1.1667": {
							"post": [-62.5, -62.01, -12.24],
							"lerp_mode": "catmullrom"
						},
						"1.2083": {
							"post": [-69.50482, -52.36307, 4.43054],
							"lerp_mode": "catmullrom"
						},
						"1.25": {
							"post": [-59.5981, -54.26782, -16.43481],
							"lerp_mode": "catmullrom"
						},
						"1.375": [-61.30521, -50.13965, -2.06582],
						"1.625": [-63.56, -9.06, -8.6],
						"1.6667": [-65.56, -6.06, -2.6],
						"1.7083": [-65.74068, 2.0544, -0.47737],
						"1.75": [-57.263, -2.1782, -1.46166],
						"1.7917": [-57.38477, -8.67842, -6.40085],
						"1.9583": [-34.88717, 0.25464, 0.97515],
						"2.0833": {
							"pre": [-6.9, 1.36, 3.39],
							"post": [-6.9, 1.36, 3.39],
							"lerp_mode": "catmullrom"
						},
						"2.125": {
							"post": [-0.77852, 2.05458, 1.43056],
							"lerp_mode": "catmullrom"
						},
						"2.1667": {
							"post": [2.39, -1.94, 5.09],
							"lerp_mode": "catmullrom"
						},
						"2.3333": {
							"post": [0, 0, 0],
							"lerp_mode": "catmullrom"
						}
					},
					"position": {
						"0.0": {
							"post": [0, 0, 0],
							"lerp_mode": "catmullrom"
						},
						"0.2083": [-1, 5, -11],
						"0.2917": [0, 6, -11],
						"0.4167": [1.25, 5.5, -11],
						"0.4583": [-2.4, 6, -11],
						"1.125": [1, 6, -11],
						"1.1667": [1.25, 6, -11],
						"1.2083": [-1.25, 6, -11],
						"1.375": [-1.5, 4.5, -11],
						"1.625": [-2.5, 3.5, -11],
						"1.6667": [-2.5, 3.5, -11],
						"1.7083": [-2.5, 1.67, -11],
						"1.9583": [-2.5, -1, -11],
						"2.0833": {
							"pre": [-1.03, -2.89, -4.52],
							"post": [-1.03, -2.89, -4.52],
							"lerp_mode": "catmullrom"
						},
						"2.125": {
							"post": [0.18, -2.65, -3.6],
							"lerp_mode": "catmullrom"
						},
						"2.3333": {
							"post": [0, 0, 0],
							"lerp_mode": "catmullrom"
						}
					}
				},
				"lefthand": {
					"rotation": {
						"0.0417": {
							"pre": [97.57308, -36.58254, -147.98537],
							"post": [97.57308, -36.58254, -147.98537],
							"lerp_mode": "catmullrom"
						},
						"0.25": [61.7628, -25.37092, -99.00375],
						"0.7083": [61.7628, -25.37092, -99.00375],
						"1.0": [169.33181, -12.73157, -189.76983],
						"1.4167": [169.33181, -12.73157, -189.76983],
						"1.5833": [84.26, -25.37, -144],
						"1.6667": [84.26, -25.37, -144],
						"1.75": [84.26, -25.37, -144],
						"1.8333": [84.26, -25.37, -144],
						"2.125": {
							"pre": [97.57308, -36.58254, -147.98537],
							"post": [97.57308, -36.58254, -147.98537],
							"lerp_mode": "catmullrom"
						}
					},
					"position": {
						"0.0417": {
							"pre": [8.4187, -13.62, -12.44187],
							"post": [8.4187, -13.62, -12.44187],
							"lerp_mode": "catmullrom"
						},
						"0.125": {
							"post": [9.97, -22.05, -2.5],
							"lerp_mode": "catmullrom"
						},
						"0.25": [7.68563, -17.62, 5.56],
						"0.7083": [7.68563, -17.62, 5.56],
						"1.0": [7.68563, -15.62, 6.56],
						"1.4167": [7.68563, -15.62, 6.56],
						"1.5833": [8.69, -9.62, -2.44],
						"1.6667": [8.69, -9.62, -2.44],
						"1.75": [9.44, -10.12, 6.81],
						"1.8333": [9.44, -10.12, 6.81],
						"1.9583": [11.59, -13.83, 0.15],
						"2.125": {
							"pre": [8.4187, -13.62, -12.44187],
							"post": [8.4187, -13.62, -12.44187],
							"lerp_mode": "catmullrom"
						}
					},
					"scale": [1, 1.5, 1]
				},
				"righthand": {
					"rotation": [99.05188, 15.0716, -167.92777],
					"position": [-7.1875, -13.7375, -1.0125],
					"scale": [1, 1.5, 1]
				},
				"mag_and_lefthand": {
					"rotation": {
						"0.1667": [0, 0, 0],
						"0.25": [0, 0, 0],
						"0.375": [0, 0, 0],
						"0.4167": [7.87688, 0, -6.56407],
						"0.4583": [15, 0, -12.5],
						"0.5": [29.04161, 0, -28.88188],
						"0.5417": [45, 0, -47.5],
						"0.625": [45, 0, -47.5],
						"0.6667": [42.98541, 0, -46.26886],
						"0.7083": [38.41023, 0, -43.47292],
						"0.75": [32.49351, 0, -39.85715],
						"0.7917": [25.90061, 0, -35.82815],
						"0.8333": [19.09939, 0, -31.67185],
						"0.875": [12.50649, 0, -27.64285],
						"0.9167": [6.58977, 0, -24.02708],
						"0.9583": [2.01459, 0, -21.23114],
						"1.0": [0, 0, -20],
						"1.0833": [12.5, 0, -20],
						"1.125": [11.25, 0, -10],
						"1.1667": [0, 0, 0],
						"1.2083": [0, 0, 0]
					},
					"position": {
						"0.1667": [0, 0, 0],
						"0.2083": [0, -0.52513, 0],
						"0.25": [0, -1, 0],
						"0.375": [0, -1, 0],
						"0.4167": [0, -2.5, 0.5],
						"0.4583": [2, -11, 5.5],
						"0.5": [4.80832, -12.40416, 9.0104],
						"0.5417": [8, -14, 13],
						"0.875": [8, -14, 13],
						"0.9167": [8.30915, -15.03051, 12.48475],
						"0.9583": [10.69085, -22.96949, 8.51525],
						"1.0": [11, -24, 8],
						"1.0833": [1, -18, 5],
						"1.1667": [0, -2, 0],
						"1.2083": [0, 0, 0]
					}
				},
				"bullet": {
					"rotation": {
						"1.0417": [0, 0, 0],
						"1.0833": [0, 0, 0]
					},
					"position": {
						"1.0417": [0, -1, 0],
						"1.0833": [0, 0, 0]
					}
				},
				"camera": {
					"rotation": {
						"0.2917": [0, 0, 0],
						"0.375": [-0.2, 0, 0],
						"0.4167": [-0.5, 0.5, 0.5],
						"0.4583": [0, 0.2, 0.2],
						"0.5417": [0, 0, 0],
						"1.125": [0, 0, 0],
						"1.1667": [-0.5, 0.5, -0.5],
						"1.2083": [0.3, -0.3, 1.3],
						"1.2917": [0, 0, 0],
						"1.5833": [0, 0, 0],
						"1.6667": [-0.3, 0, 0],
						"1.7083": [0.5, 0.5, -0.5],
						"1.75": [1, 0.2, 0.2],
						"1.875": [0, 0, 0]
					}
				},
				"bolt2": {
					"position": {
						"1.6667": [0, 0, 0],
						"1.7083": [0, 0, 2],
						"1.75": [0, 0, 2],
						"1.8333": [0, 0, 0]
					}
				}
			},
			"sound_effects": {
				"0.2083": {
					"effect": "tacz:aug/aug_inspect_maggrab"
				},
				"0.3333": {
					"effect": "halor6:ma40/ma40_reload_magout"
				},
				"1.125": {
					"effect": "halor6:ma40/ma40_reload_maglock"
				},
				"1.5417": {
					"effect": "halor6:ma40/ma40_boltback"
				},
				"1.5833": {
					"effect": "tacz:aug/aug_reload_end"
				},
				"1.7083": {
					"effect": "halor6:ma40/ma40_boltforward"
				}
			}
		},
		"shoot": {
			"animation_length": 0.8333,
			"bones": {
				"root": {
					"rotation": {
						"0.0": [0, 0, 0],
						"0.0417": [1.23, 0, 0.73],
						"0.0833": [-0.99, 0, -1.23],
						"0.125": [-0.91, 0, -0.35],
						"0.1667": [0.18, 0, 0.53],
						"0.2083": [0.27, 0, 0.27],
						"0.25": [0.45, 0, -0.25],
						"0.2917": [0.38, -0.07, -0.08],
						"0.3333": [0.3, -0.13, 0.08],
						"0.375": [0.23, -0.2, 0.25],
						"0.4167": [0.14, -0.14, 0.09],
						"0.4583": [0.1, -0.11, 0.01],
						"0.5": [0.06, -0.07, -0.07],
						"0.5417": [0.04, -0.06, -0.06],
						"0.5833": [0.01, -0.02, -0.02],
						"0.625": [0, 0, 0]
					},
					"position": {
						"0.0": [0, 0, 0],
						"0.0417": [0, -0.02, 1.73],
						"0.0833": [0, -0.05, 0.67],
						"0.125": [0, -0.05, -0.04],
						"0.1667": [0, -0.04, -0.01],
						"0.2083": [0, -0.04, 0.03],
						"0.25": [0, -0.02, 0.1],
						"0.2917": [0, -0.02, 0.07],
						"0.3333": [0, -0.01, 0.03],
						"0.375": [0, 0, 0]
					}
				},
				"camera": {
					"rotation": {
						"0.0": {
							"post": [0, 0, 0],
							"lerp_mode": "catmullrom"
						},
						"0.0417": {
							"post": [0, 0, 0.45],
							"lerp_mode": "catmullrom"
						},
						"0.0833": {
							"post": [0, 0, -0.3],
							"lerp_mode": "catmullrom"
						},
						"0.125": {
							"post": [0, 0, 0.2],
							"lerp_mode": "catmullrom"
						},
						"0.2083": {
							"post": [0, 0, -0.1],
							"lerp_mode": "catmullrom"
						},
						"0.25": {
							"post": [0, 0, 0],
							"lerp_mode": "catmullrom"
						},
						"0.375": {
							"post": [0, 0, 0],
							"lerp_mode": "catmullrom"
						}
					}
				}
			}
		},
		"inspect": {
			"animation_length": 8.0417,
			"bones": {
				"lefthand": {
					"rotation": {
						"0.0": [97.57308, -36.58254, -147.98537],
						"0.4167": [92.09749, -43.29264, -112.91657],
						"1.875": [92.09749, -43.29264, -112.91657],
						"2.125": [61.7628, -25.37092, -99.00375],
						"2.7083": [12.37392, -31.12379, -33.49449],
						"4.3333": [12.37392, -31.12379, -33.49449],
						"4.875": [12.37, -31.12, -33.49],
						"5.2083": [88.20545, -44.51304, -186.47408],
						"7.25": [88.20545, -44.51304, -186.47408],
						"7.625": [97.57308, -36.58254, -147.98537]
					},
					"position": {
						"0.0": [8.4187, -13.62, -12.44187],
						"0.4167": [7.42, -14.62, -10.44],
						"1.875": [7.42, -14.62, -10.44],
						"2.0": [8, -17.91, -2.16],
						"2.125": [7.68563, -17.62, 5.56],
						"2.7083": [5.69, -17.62, 5.56],
						"4.3333": [5.69, -17.62, 5.56],
						"4.875": [5.69, -17.62, 5.56],
						"5.0": [5.69, -17.62, 5.56],
						"5.125": [9.82, -10.05, -2.44],
						"5.2083": [9.4187, -9.62, -4.44187],
						"7.25": [9.4187, -9.62, -4.44187],
						"7.625": [8.4187, -13.62, -12.44187]
					},
					"scale": [1, 1.5, 1]
				},
				"righthand": {
					"rotation": [99.05188, 15.0716, -167.92777],
					"position": [-7.1875, -13.7375, -1.0125],
					"scale": [1, 1.5, 1]
				},
				"root": {
					"rotation": {
						"0.0": [0, 0, 0],
						"0.0417": [-1.15, 0.01, -0.57],
						"0.0833": [-2.8, 0.11, -1.25],
						"0.125": [-4.67, -0.36, -2.89],
						"0.1667": [-6.5, -2.07, -6.35],
						"0.2083": [-8.7, -5.62, -12.48],
						"0.25": [-11.25, -10.49, -20.61],
						"0.2917": [-13.25, -15.76, -29.32],
						"0.3333": [-13.79, -20.46, -37.21],
						"0.375": [-12.04, -24.63, -44.41],
						"0.4167": [-8.68, -28.68, -51.5],
						"0.4583": [-5.08, -32.24, -57.74],
						"0.5": [-2.6, -34.94, -62.39],
						"0.5417": [-1.81, -36.28, -64.57],
						"0.5833": [-1.62, -36.99, -65.62],
						"0.625": [-1.77, -37.31, -65.94],
						"0.6667": [-1.99, -37.45, -65.98],
						"0.7083": [-2.02, -37.63, -66.14],
						"0.75": [-1.93, -37.76, -66.3],
						"0.7917": [-1.83, -37.84, -66.37],
						"0.8333": [-1.71, -37.87, -66.38],
						"0.875": [-1.59, -37.87, -66.34],
						"0.9167": [-1.48, -37.85, -66.28],
						"0.9583": [-1.36, -37.83, -66.2],
						"1.0": [-1.26, -37.8, -66.14],
						"1.0417": [-1.18, -37.78, -66.1],
						"1.0833": [-1.11, -37.79, -66.11],
						"1.125": [-1.04, -37.83, -66.2],
						"1.1667": [-1.02, -37.87, -66.34],
						"1.2083": [-1.03, -37.92, -66.5],
						"1.25": [-1.05, -37.96, -66.66],
						"1.2917": [-1.05, -37.98, -66.79],
						"1.3333": [-1.05, -37.99, -66.88],
						"1.375": [-1.05, -38, -66.96],
						"1.4167": [-1.05, -37.99, -67.03],
						"1.4583": [-1.05, -37.98, -67.1],
						"1.5": [-1.05, -37.97, -67.18],
						"1.5417": [-1.05, -37.97, -67.26],
						"1.5833": [-1.06, -37.96, -67.41],
						"1.625": [-1.06, -37.95, -67.59],
						"1.6667": [-1.07, -37.94, -67.77],
						"1.7083": [-1.07, -37.92, -67.87],
						"1.75": [-1.07, -37.9, -67.83],
						"1.7917": [-1.08, -37.89, -67.79],
						"1.8333": [-1.09, -37.87, -67.77],
						"1.875": [-1.09, -37.84, -67.69],
						"1.9167": [-1.1, -37.82, -67.45],
						"2.4167": {
							"pre": [-1.1, -57.82, -67.4],
							"post": [-1.1, -57.82, -67.4],
							"lerp_mode": "catmullrom"
						},
						"2.5": {
							"post": [-7.92286, -58.66502, -62.60937],
							"lerp_mode": "catmullrom"
						},
						"2.5833": {
							"post": [-3.1, -56.79, -67.4],
							"lerp_mode": "catmullrom"
						},
						"3.2917": {
							"post": [0.43, -50.24, -67.29],
							"lerp_mode": "catmullrom"
						},
						"4.5": {
							"post": [-0.75, -40.08, -67.08],
							"lerp_mode": "catmullrom"
						},
						"4.5417": {
							"post": [-2.43215, -39.38924, -60.59555],
							"lerp_mode": "catmullrom"
						},
						"4.625": {
							"post": [1.59012, -39.06398, -67.22332],
							"lerp_mode": "catmullrom"
						},
						"4.75": {
							"post": [-1.11, -37.8, -66.96],
							"lerp_mode": "catmullrom"
						},
						"4.7917": [-1.11, -37.79, -66.11],
						"4.8333": [-0.77, -38.16, -64.83],
						"4.875": [-0.2, -38.8, -63.37],
						"4.9167": [-0.09, -38.94, -60.53],
						"4.9583": [-1.11, -37.79, -55.11],
						"5.0": [-7.29, -30.97, -34.42],
						"5.0417": [-15.62, -21.36, -9.19],
						"5.0833": [-25, -10.06, 16],
						"5.125": [-32.91, 0.97, 38.17],
						"5.1667": [-34.65, 5.41, 45.94],
						"5.2083": [-35.29, 9.45, 52.05],
						"5.25": [-35.41, 12.79, 56.66],
						"5.2917": [-35.64, 15.19, 59.92],
						"5.3333": [-36.05, 16.27, 61.33],
						"5.375": [-36.35, 16.27, 60.97],
						"5.4167": [-36.57, 15.83, 59.93],
						"5.4583": [-36.72, 15.58, 59.25],
						"5.5": [-36.8, 15.6, 58.91],
						"5.5417": [-36.73, 15.56, 58.77],
						"5.5833": [-36.74, 15.54, 58.83],
						"5.625": [-36.75, 15.52, 58.96],
						"5.6667": [-36.76, 15.49, 59.13],
						"5.7083": [-36.77, 15.47, 59.3],
						"5.75": [-36.77, 15.45, 59.45],
						"5.7917": [-36.77, 15.45, 59.55],
						"5.8333": [-36.78, 15.44, 59.51],
						"5.875": [-36.78, 15.42, 59.36],
						"5.9167": [-36.79, 15.4, 59.16],
						"5.9583": [-36.79, 15.39, 58.97],
						"6.0": [-36.79, 15.39, 58.84],
						"6.0417": [-36.78, 15.42, 58.84],
						"6.0833": [-36.76, 15.49, 59.01],
						"6.125": [-36.72, 15.6, 59.43],
						"6.1667": [-36.61, 15.92, 60.8],
						"6.2083": [-36.45, 16.38, 62.81],
						"6.25": [-36.28, 16.88, 65.05],
						"6.2917": [-36.12, 17.34, 67.1],
						"6.3333": [-36, 17.68, 68.54],
						"6.375": [-35.97, 17.79, 68.97],
						"6.4167": [-35.95, 17.88, 69.27],
						"6.4583": [-35.94, 17.94, 69.48],
						"6.5": [-35.94, 17.98, 69.59],
						"6.5417": [-35.94, 18.01, 69.63],
						"6.5833": [-35.95, 18.03, 69.62],
						"6.625": [-35.95, 18.04, 69.57],
						"6.6667": [-35.95, 18.05, 69.51],
						"6.7083": [-35.95, 18.05, 69.44],
						"6.75": [-35.93, 18.05, 69.4],
						"6.7917": [-35.92, 18.05, 69.38],
						"6.8333": [-35.93, 18.05, 69.37],
						"6.875": [-35.94, 18.05, 69.37],
						"6.9167": [-35.95, 18.04, 69.33],
						"6.9583": [-35.94, 18.01, 69.25],
						"7.0": [-35.92, 17.98, 69.08],
						"7.0417": [-35.86, 17.92, 68.81],
						"7.0833": [-35.77, 17.85, 68.41],
						"7.125": [-35.63, 17.76, 67.86],
						"7.1667": [-35.68, 17.86, 66.51],
						"7.2083": [-35.9, 18.14, 64.85],
						"7.25": [-35.33, 17.83, 62.24],
						"7.2917": [-33, 16.18, 58.04],
						"7.3333": [-27.82, 12.16, 51.32],
						"7.375": [-20.56, 6.43, 42.69],
						"7.4167": [-13.14, 0.83, 33.75],
						"7.4583": [-7.42, -2.84, 26.12],
						"7.5": [-3.06, -3.62, 18.13],
						"7.5417": [-0.62, -2.05, 11.52],
						"7.5833": [0.81, -0.65, 6.5],
						"7.625": [1.18, -0.29, 3.45],
						"7.6667": [0.55, -0.11, 2],
						"7.7083": [0, 0, 1.25],
						"7.75": [-0.05, 0.04, 2.33],
						"7.7917": [-0.03, 0.02, 1.51],
						"7.8333": [0, 0, 0.5],
						"7.875": [0, 0, 0.22],
						"7.9167": [0, 0, 0.08],
						"7.9583": [0, 0, 0],
						"8.0": [0, 0, -0.03],
						"8.0417": [0, 0, -0.03]
					},
					"position": {
						"0.0": [0, 0, 0],
						"0.375": [2, 1, -3],
						"2.4167": {
							"pre": [2, 2, -4],
							"post": [2, 2, -4],
							"lerp_mode": "catmullrom"
						},
						"3.2917": {
							"post": [1, 1, -4],
							"lerp_mode": "catmullrom"
						},
						"4.4583": {
							"post": [1, 0.375, -4],
							"lerp_mode": "catmullrom"
						},
						"4.9167": {
							"post": [1, 0.375, -4],
							"lerp_mode": "catmullrom"
						},
						"5.3333": {
							"post": [1, 2.38, -8],
							"lerp_mode": "catmullrom"
						},
						"7.2917": [1, 2.38, -8],
						"7.5417": [0, 0, 0]
					}
				},
				"mag_and_lefthand": {
					"rotation": {
						"2.4167": [0, 0, 0],
						"2.5": [-12.5, 0, 0],
						"2.5417": [-8.33, -4.5, 20.26],
						"2.75": {
							"pre": [29.27905, -36.65522, 9.42256],
							"post": [29.27905, -36.65522, 9.42256],
							"lerp_mode": "catmullrom"
						},
						"3.3333": {
							"post": [41.28, -28.66, -1.58],
							"lerp_mode": "catmullrom"
						},
						"4.25": {
							"post": [29.27905, -36.65522, 9.42256],
							"lerp_mode": "catmullrom"
						},
						"4.5": [0, 0, 0],
						"4.5833": [0, 0, 0]
					},
					"position": {
						"2.4167": [0, 0, 0],
						"2.5": [0, -5, 0],
						"2.625": [-1.8, -9, -5.3],
						"2.75": {
							"pre": [-3, -7.5, -13],
							"post": [-3, -7.5, -13],
							"lerp_mode": "catmullrom"
						},
						"3.3333": {
							"post": [-3, -6.5, -13],
							"lerp_mode": "catmullrom"
						},
						"4.25": {
							"post": [-3, -7.5, -13],
							"lerp_mode": "catmullrom"
						},
						"4.375": {
							"post": [-1.8, -9, -5.3],
							"lerp_mode": "catmullrom"
						},
						"4.5": [0, -5, 0],
						"4.5833": [0, 0, 0]
					}
				},
				"camera": {
					"rotation": {
						"0.0": [0, 0, 0],
						"1.0": {
							"pre": [-8, 0, 0],
							"post": [-8, 0, 0],
							"lerp_mode": "catmullrom"
						},
						"2.375": [20, 0, 0],
						"3.4583": {
							"pre": [10, -2.5, 0],
							"post": [10, -2.5, 0],
							"lerp_mode": "catmullrom"
						},
						"4.5": {
							"post": [5, -2.5, 0],
							"lerp_mode": "catmullrom"
						},
						"5.4167": {
							"post": [27.5, 2.5, 0],
							"lerp_mode": "catmullrom"
						},
						"6.5": {
							"post": [22.5, 0, 0],
							"lerp_mode": "catmullrom"
						},
						"7.25": {
							"post": [-1, -2.5, 0],
							"lerp_mode": "catmullrom"
						},
						"7.5833": {
							"post": [0, 0, 0],
							"lerp_mode": "catmullrom"
						}
					}
				}
			},
			"sound_effects": {
				"2.375": {
					"effect": "halor6:ma40/ma40_reload_magout"
				},
				"4.4167": {
					"effect": "halor6:ma40/ma40_reload_maglock"
				}
			}
		},
		"inspect_empty": {
			"animation_length": 8.0417,
			"bones": {
				"lefthand": {
					"rotation": {
						"0.0": [97.57308, -36.58254, -147.98537],
						"0.4167": [92.09749, -43.29264, -112.91657],
						"1.875": [92.09749, -43.29264, -112.91657],
						"2.125": [61.7628, -25.37092, -99.00375],
						"2.7083": [12.37392, -31.12379, -33.49449],
						"4.3333": [12.37392, -31.12379, -33.49449],
						"4.875": [12.37, -31.12, -33.49],
						"5.2083": [88.20545, -44.51304, -186.47408],
						"7.25": [88.20545, -44.51304, -186.47408],
						"7.625": [97.57308, -36.58254, -147.98537]
					},
					"position": {
						"0.0": [8.4187, -13.62, -12.44187],
						"0.4167": [7.42, -14.62, -10.44],
						"1.875": [7.42, -14.62, -10.44],
						"2.0": [8, -17.91, -2.16],
						"2.125": [7.68563, -17.62, 5.56],
						"2.7083": [5.69, -17.62, 5.56],
						"4.3333": [5.69, -17.62, 5.56],
						"4.875": [5.69, -17.62, 5.56],
						"5.0": [5.69, -17.62, 5.56],
						"5.125": [9.82, -10.05, -2.44],
						"5.2083": [9.4187, -9.62, -4.44187],
						"7.25": [9.4187, -9.62, -4.44187],
						"7.625": [8.4187, -13.62, -12.44187]
					},
					"scale": [1, 1.5, 1]
				},
				"righthand": {
					"rotation": [99.05188, 15.0716, -167.92777],
					"position": [-7.1875, -13.7375, -1.0125],
					"scale": [1, 1.5, 1]
				},
				"root": {
					"rotation": {
						"0.0": [0, 0, 0],
						"0.0417": [-1.15, 0.01, -0.57],
						"0.0833": [-2.8, 0.11, -1.25],
						"0.125": [-4.67, -0.36, -2.89],
						"0.1667": [-6.5, -2.07, -6.35],
						"0.2083": [-8.7, -5.62, -12.48],
						"0.25": [-11.25, -10.49, -20.61],
						"0.2917": [-13.25, -15.76, -29.32],
						"0.3333": [-13.79, -20.46, -37.21],
						"0.375": [-12.04, -24.63, -44.41],
						"0.4167": [-8.68, -28.68, -51.5],
						"0.4583": [-5.08, -32.24, -57.74],
						"0.5": [-2.6, -34.94, -62.39],
						"0.5417": [-1.81, -36.28, -64.57],
						"0.5833": [-1.62, -36.99, -65.62],
						"0.625": [-1.77, -37.31, -65.94],
						"0.6667": [-1.99, -37.45, -65.98],
						"0.7083": [-2.02, -37.63, -66.14],
						"0.75": [-1.93, -37.76, -66.3],
						"0.7917": [-1.83, -37.84, -66.37],
						"0.8333": [-1.71, -37.87, -66.38],
						"0.875": [-1.59, -37.87, -66.34],
						"0.9167": [-1.48, -37.85, -66.28],
						"0.9583": [-1.36, -37.83, -66.2],
						"1.0": [-1.26, -37.8, -66.14],
						"1.0417": [-1.18, -37.78, -66.1],
						"1.0833": [-1.11, -37.79, -66.11],
						"1.125": [-1.04, -37.83, -66.2],
						"1.1667": [-1.02, -37.87, -66.34],
						"1.2083": [-1.03, -37.92, -66.5],
						"1.25": [-1.05, -37.96, -66.66],
						"1.2917": [-1.05, -37.98, -66.79],
						"1.3333": [-1.05, -37.99, -66.88],
						"1.375": [-1.05, -38, -66.96],
						"1.4167": [-1.05, -37.99, -67.03],
						"1.4583": [-1.05, -37.98, -67.1],
						"1.5": [-1.05, -37.97, -67.18],
						"1.5417": [-1.05, -37.97, -67.26],
						"1.5833": [-1.06, -37.96, -67.41],
						"1.625": [-1.06, -37.95, -67.59],
						"1.6667": [-1.07, -37.94, -67.77],
						"1.7083": [-1.07, -37.92, -67.87],
						"1.75": [-1.07, -37.9, -67.83],
						"1.7917": [-1.08, -37.89, -67.79],
						"1.8333": [-1.09, -37.87, -67.77],
						"1.875": [-1.09, -37.84, -67.69],
						"1.9167": [-1.1, -37.82, -67.45],
						"2.4167": {
							"pre": [-1.1, -57.82, -67.4],
							"post": [-1.1, -57.82, -67.4],
							"lerp_mode": "catmullrom"
						},
						"2.5": {
							"post": [-7.92286, -58.66502, -62.60937],
							"lerp_mode": "catmullrom"
						},
						"2.5833": {
							"post": [-3.1, -56.79, -67.4],
							"lerp_mode": "catmullrom"
						},
						"3.2917": {
							"post": [0.43, -50.24, -67.29],
							"lerp_mode": "catmullrom"
						},
						"4.5": {
							"post": [-0.75, -40.08, -67.08],
							"lerp_mode": "catmullrom"
						},
						"4.5417": {
							"post": [-2.43215, -39.38924, -60.59555],
							"lerp_mode": "catmullrom"
						},
						"4.625": {
							"post": [1.59012, -39.06398, -67.22332],
							"lerp_mode": "catmullrom"
						},
						"4.75": {
							"post": [-1.11, -37.8, -66.96],
							"lerp_mode": "catmullrom"
						},
						"4.7917": [-1.11, -37.79, -66.11],
						"4.8333": [-0.77, -38.16, -64.83],
						"4.875": [-0.2, -38.8, -63.37],
						"4.9167": [-0.09, -38.94, -60.53],
						"4.9583": [-1.11, -37.79, -55.11],
						"5.0": [-7.29, -30.97, -34.42],
						"5.0417": [-15.62, -21.36, -9.19],
						"5.0833": [-25, -10.06, 16],
						"5.125": [-32.91, 0.97, 38.17],
						"5.1667": [-34.65, 5.41, 45.94],
						"5.2083": [-35.29, 9.45, 52.05],
						"5.25": [-35.41, 12.79, 56.66],
						"5.2917": [-35.64, 15.19, 59.92],
						"5.3333": [-36.05, 16.27, 61.33],
						"5.375": [-36.35, 16.27, 60.97],
						"5.4167": [-36.57, 15.83, 59.93],
						"5.4583": [-36.72, 15.58, 59.25],
						"5.5": [-36.8, 15.6, 58.91],
						"5.5417": [-36.73, 15.56, 58.77],
						"5.5833": [-36.74, 15.54, 58.83],
						"5.625": [-36.75, 15.52, 58.96],
						"5.6667": [-36.76, 15.49, 59.13],
						"5.7083": [-36.77, 15.47, 59.3],
						"5.75": [-36.77, 15.45, 59.45],
						"5.7917": [-36.77, 15.45, 59.55],
						"5.8333": [-36.78, 15.44, 59.51],
						"5.875": [-36.78, 15.42, 59.36],
						"5.9167": [-36.79, 15.4, 59.16],
						"5.9583": [-36.79, 15.39, 58.97],
						"6.0": [-36.79, 15.39, 58.84],
						"6.0417": [-36.78, 15.42, 58.84],
						"6.0833": [-36.76, 15.49, 59.01],
						"6.125": [-36.72, 15.6, 59.43],
						"6.1667": [-36.61, 15.92, 60.8],
						"6.2083": [-36.45, 16.38, 62.81],
						"6.25": [-36.28, 16.88, 65.05],
						"6.2917": [-36.12, 17.34, 67.1],
						"6.3333": [-36, 17.68, 68.54],
						"6.375": [-35.97, 17.79, 68.97],
						"6.4167": [-35.95, 17.88, 69.27],
						"6.4583": [-35.94, 17.94, 69.48],
						"6.5": [-35.94, 17.98, 69.59],
						"6.5417": [-35.94, 18.01, 69.63],
						"6.5833": [-35.95, 18.03, 69.62],
						"6.625": [-35.95, 18.04, 69.57],
						"6.6667": [-35.95, 18.05, 69.51],
						"6.7083": [-35.95, 18.05, 69.44],
						"6.75": [-35.93, 18.05, 69.4],
						"6.7917": [-35.92, 18.05, 69.38],
						"6.8333": [-35.93, 18.05, 69.37],
						"6.875": [-35.94, 18.05, 69.37],
						"6.9167": [-35.95, 18.04, 69.33],
						"6.9583": [-35.94, 18.01, 69.25],
						"7.0": [-35.92, 17.98, 69.08],
						"7.0417": [-35.86, 17.92, 68.81],
						"7.0833": [-35.77, 17.85, 68.41],
						"7.125": [-35.63, 17.76, 67.86],
						"7.1667": [-35.68, 17.86, 66.51],
						"7.2083": [-35.9, 18.14, 64.85],
						"7.25": [-35.33, 17.83, 62.24],
						"7.2917": [-33, 16.18, 58.04],
						"7.3333": [-27.82, 12.16, 51.32],
						"7.375": [-20.56, 6.43, 42.69],
						"7.4167": [-13.14, 0.83, 33.75],
						"7.4583": [-7.42, -2.84, 26.12],
						"7.5": [-3.06, -3.62, 18.13],
						"7.5417": [-0.62, -2.05, 11.52],
						"7.5833": [0.81, -0.65, 6.5],
						"7.625": [1.18, -0.29, 3.45],
						"7.6667": [0.55, -0.11, 2],
						"7.7083": [0, 0, 1.25],
						"7.75": [-0.05, 0.04, 2.33],
						"7.7917": [-0.03, 0.02, 1.51],
						"7.8333": [0, 0, 0.5],
						"7.875": [0, 0, 0.22],
						"7.9167": [0, 0, 0.08],
						"7.9583": [0, 0, 0],
						"8.0": [0, 0, -0.03],
						"8.0417": [0, 0, -0.03]
					},
					"position": {
						"0.0": [0, 0, 0],
						"0.375": [2, 1, -3],
						"2.4167": {
							"pre": [2, 2, -4],
							"post": [2, 2, -4],
							"lerp_mode": "catmullrom"
						},
						"3.2917": {
							"post": [1, 1, -4],
							"lerp_mode": "catmullrom"
						},
						"4.4583": {
							"post": [1, 0.375, -4],
							"lerp_mode": "catmullrom"
						},
						"4.9167": {
							"post": [1, 0.375, -4],
							"lerp_mode": "catmullrom"
						},
						"5.3333": {
							"post": [1, 2.38, -8],
							"lerp_mode": "catmullrom"
						},
						"7.2917": [1, 2.38, -8],
						"7.5417": [0, 0, 0]
					}
				},
				"mag_and_lefthand": {
					"rotation": {
						"2.4167": [0, 0, 0],
						"2.5": [-12.5, 0, 0],
						"2.5417": [-8.33, -4.5, 20.26],
						"2.75": {
							"pre": [29.27905, -36.65522, 9.42256],
							"post": [29.27905, -36.65522, 9.42256],
							"lerp_mode": "catmullrom"
						},
						"3.3333": {
							"post": [41.28, -28.66, -1.58],
							"lerp_mode": "catmullrom"
						},
						"4.25": {
							"post": [29.27905, -36.65522, 9.42256],
							"lerp_mode": "catmullrom"
						},
						"4.5": [0, 0, 0],
						"4.5833": [0, 0, 0]
					},
					"position": {
						"2.4167": [0, 0, 0],
						"2.5": [0, -5, 0],
						"2.625": [-1.8, -9, -5.3],
						"2.75": {
							"pre": [-3, -7.5, -13],
							"post": [-3, -7.5, -13],
							"lerp_mode": "catmullrom"
						},
						"3.3333": {
							"post": [-3, -6.5, -13],
							"lerp_mode": "catmullrom"
						},
						"4.25": {
							"post": [-3, -7.5, -13],
							"lerp_mode": "catmullrom"
						},
						"4.375": {
							"post": [-1.8, -9, -5.3],
							"lerp_mode": "catmullrom"
						},
						"4.5": [0, -5, 0],
						"4.5833": [0, 0, 0]
					}
				},
				"bullet": {
					"position": [0, -1, 0]
				},
				"camera": {
					"rotation": {
						"0.0": [0, 0, 0],
						"1.0": {
							"pre": [-8, 0, 0],
							"post": [-8, 0, 0],
							"lerp_mode": "catmullrom"
						},
						"2.375": [20, 0, 0],
						"3.4583": {
							"pre": [10, -2.5, 0],
							"post": [10, -2.5, 0],
							"lerp_mode": "catmullrom"
						},
						"4.5": {
							"post": [5, -2.5, 0],
							"lerp_mode": "catmullrom"
						},
						"5.4167": {
							"post": [27.5, 2.5, 0],
							"lerp_mode": "catmullrom"
						},
						"6.5": {
							"post": [22.5, 0, 0],
							"lerp_mode": "catmullrom"
						},
						"7.25": {
							"post": [-1, -2.5, 0],
							"lerp_mode": "catmullrom"
						},
						"7.5833": {
							"post": [0, 0, 0],
							"lerp_mode": "catmullrom"
						}
					}
				}
			},
			"sound_effects": {
				"2.375": {
					"effect": "halor6:ma40/ma40_reload_magout"
				},
				"4.4167": {
					"effect": "halor6:ma40/ma40_reload_maglock"
				}
			}
		},
		"static_auto": {
			"animation_length": 0.0667,
			"bones": {
				"fireselect4": {
					"rotation": [0, 0, 0],
					"position": [0, 0, 0]
				}
			}
		},
		"static_semi": {
			"animation_length": 0.0667,
			"bones": {
				"fireselect4": {
					"rotation": [35, 0, 0],
					"position": [0, 0, 0]
				}
			}
		},
		"switch_auto": {
			"animation_length": 0.2917,
			"bones": {
				"root": {
					"rotation": {
						"0.0": [0, 0, 0],
						"0.0833": [3, -2.5, -2.5],
						"0.1667": [2, -3.5, -3.5],
						"0.2917": [0, 0, 0]
					},
					"position": {
						"0.0": [0, 0, 0],
						"0.0833": [-0.1875, 0.25, 0],
						"0.1667": [-0.1875, 0.25, 0],
						"0.2917": [0, 0, 0]
					}
				},
				"lefthand": {
					"rotation": [97.57308, -36.58254, -147.98537],
					"position": [8.4187, -13.62, -12.44187],
					"scale": [1, 1.5, 1]
				},
				"righthand": {
					"rotation": {
						"0.0": [99.05188, 15.0716, -167.92777],
						"0.0833": [106.05, 15.07, -167.93],
						"0.1667": [106.05, 15.07, -167.93],
						"0.2917": [99.05188, 15.0716, -167.92777]
					},
					"position": {
						"0.0": [-7.1875, -13.7375, -1.0125],
						"0.0833": [-7.19, -12.65406, -1.01],
						"0.1667": [-7.19, -12.65406, -1.01],
						"0.2917": [-7.1875, -13.7375, -1.0125]
					},
					"scale": [1, 1.5, 1]
				},
				"fireselect4": {
					"rotation": {
						"0.0": [35, 0, 0],
						"0.125": [35, 0, 0],
						"0.1667": [0, 0, 0]
					},
					"position": {
						"0.0": [0, 0, 0],
						"0.125": [0, 0, 0]
					}
				}
			}
		},
		"switch_semi": {
			"animation_length": 0.2917,
			"bones": {
				"root": {
					"rotation": {
						"0.0": [0, 0, 0],
						"0.0833": [3, -2.5, -2.5],
						"0.1667": [2, -3.5, -3.5],
						"0.2917": [0, 0, 0]
					},
					"position": {
						"0.0": [0, 0, 0],
						"0.0833": [-0.1875, 0.25, 0],
						"0.1667": [-0.1875, 0.25, 0],
						"0.2917": [0, 0, 0]
					}
				},
				"lefthand": {
					"rotation": [97.57308, -36.58254, -147.98537],
					"position": [8.4187, -13.62, -12.44187],
					"scale": [1, 1.5, 1]
				},
				"righthand": {
					"rotation": {
						"0.0": [99.05188, 15.0716, -167.92777],
						"0.0833": [106.05, 15.07, -167.93],
						"0.1667": [106.05, 15.07, -167.93],
						"0.2917": [99.05188, 15.0716, -167.92777]
					},
					"position": {
						"0.0": [-7.1875, -13.7375, -1.0125],
						"0.0833": [-7.19, -12.65406, -1.01],
						"0.1667": [-7.19, -12.65406, -1.01],
						"0.2917": [-7.1875, -13.7375, -1.0125]
					},
					"scale": [1, 1.5, 1]
				},
				"fireselect4": {
					"rotation": {
						"0.0": [0, 0, 0],
						"0.125": [0, 0, 0],
						"0.1667": [35, 0, 0]
					},
					"position": {
						"0.0": [0, 0, 0],
						"0.125": [0, 0, 0]
					}
				}
			}
		},
		"melee_stock": {
			"animation_length": 1.125,
			"bones": {
				"lefthand": {
					"rotation": {
						"0.0": [97.57308, -36.58254, -147.98537],
						"0.125": [-4.80624, -28.7287, -91.53182],
						"0.5833": [-4.80624, -28.7287, -91.53182],
						"0.875": [97.57308, -36.58254, -147.98537]
					},
					"position": {
						"0.0": [8.4187, -13.62, -12.44187],
						"0.125": [5.4187, -13.62, -12.44187],
						"0.5833": [5.4187, -13.62, -12.44187],
						"0.875": [8.4187, -13.62, -12.44187]
					},
					"scale": [1, 1.5, 1]
				},
				"righthand": {
					"rotation": {
						"0.0": [99.05188, 15.0716, -167.92777],
						"0.0833": [3.92783, 5.09571, -191.13359],
						"0.8333": [3.92783, 5.09571, -191.13359],
						"0.9583": [99.05188, 15.0716, -167.92777]
					},
					"position": {
						"0.0": [-7.1875, -13.7375, -1.0125],
						"0.0833": [-6.68035, -8.61945, 5.96623],
						"0.8333": [-6.68035, -8.61945, 5.96623],
						"0.9583": [-7.1875, -13.7375, -1.0125]
					},
					"scale": [1, 1.5, 1]
				},
				"root": {
					"rotation": {
						"0.0": {
							"post": [0, 0, 0],
							"lerp_mode": "catmullrom"
						},
						"0.0833": {
							"post": [-10, -7.5, 27.5],
							"lerp_mode": "catmullrom"
						},
						"0.125": {
							"post": [-112.92, 16.32, 92.3],
							"lerp_mode": "catmullrom"
						},
						"0.1667": {
							"post": [-112.92, 16.32, 92.3],
							"lerp_mode": "catmullrom"
						},
						"0.2083": {
							"post": [-115.17, 16.32, 92.3],
							"lerp_mode": "catmullrom"
						},
						"0.625": {
							"post": [-115.17, 16.32, 92.3],
							"lerp_mode": "catmullrom"
						},
						"0.75": {
							"post": [-75.01, -6.66, 61.31],
							"lerp_mode": "catmullrom"
						},
						"0.9583": {
							"post": [2.5, -2.5, 17.5],
							"lerp_mode": "catmullrom"
						},
						"1.0417": {
							"post": [5, -2.5, 2.5],
							"lerp_mode": "catmullrom"
						},
						"1.125": {
							"post": [0, 0, 0],
							"lerp_mode": "catmullrom"
						}
					},
					"position": {
						"0.0": {
							"post": [0, 0, 0],
							"lerp_mode": "catmullrom"
						},
						"0.0833": {
							"post": [-8, -4, 4],
							"lerp_mode": "catmullrom"
						},
						"0.125": {
							"post": [9.2479, 7.14632, -11.72319],
							"lerp_mode": "catmullrom"
						},
						"0.1667": {
							"post": [9.2479, 7.14632, -11.72319],
							"lerp_mode": "catmullrom"
						},
						"0.2083": {
							"post": [8.66776, 6.51921, -11.48837],
							"lerp_mode": "catmullrom"
						},
						"0.25": {
							"post": [9.12, 6.81, -11.96],
							"lerp_mode": "catmullrom"
						},
						"0.5833": {
							"post": [9.66776, 6.51921, -11.48837],
							"lerp_mode": "catmullrom"
						},
						"0.75": {
							"post": [5.6792, 1.08328, -10.40935],
							"lerp_mode": "catmullrom"
						},
						"0.9583": {
							"post": [-0.75, -2, -0.5],
							"lerp_mode": "catmullrom"
						},
						"1.125": {
							"post": [0, 0, 0],
							"lerp_mode": "catmullrom"
						}
					}
				},
				"camera": {
					"rotation": {
						"0.0": {
							"post": [0, 0, 0],
							"lerp_mode": "catmullrom"
						},
						"0.0833": {
							"post": [1, 2, 2.5],
							"lerp_mode": "catmullrom"
						},
						"0.125": {
							"post": [-1.5, -1.1, -2.5],
							"lerp_mode": "catmullrom"
						},
						"0.2083": {
							"post": [1, 0.5, 1],
							"lerp_mode": "catmullrom"
						},
						"0.2917": {
							"post": [-0.6, -0.7, -1],
							"lerp_mode": "catmullrom"
						},
						"0.4167": {
							"post": [0.4, 0.6, 0],
							"lerp_mode": "catmullrom"
						},
						"0.625": {
							"post": [0, 0, 0],
							"lerp_mode": "catmullrom"
						},
						"0.75": {
							"post": [1, 1.5, 0],
							"lerp_mode": "catmullrom"
						},
						"0.9167": {
							"post": [0, 0, 0],
							"lerp_mode": "catmullrom"
						},
						"1.0833": {
							"post": [0, 0, 0],
							"lerp_mode": "catmullrom"
						}
					}
				}
			}
		},
		"run_start": {
			"animation_length": 0.1667,
			"bones": {
				"root": {
					"rotation": {
						"0.0": {
							"post": [0, 0, 0],
							"lerp_mode": "catmullrom"
						},
						"0.1667": {
							"post": [5.48, -31.62, 7.6],
							"lerp_mode": "catmullrom"
						}
					},
					"position": {
						"0.0": {
							"post": [0, 0, 0],
							"lerp_mode": "catmullrom"
						},
						"0.1667": {
							"post": [0.99, -1.91, 0],
							"lerp_mode": "catmullrom"
						}
					}
				}
			}
		},
		"run_hold": {
			"loop": true,
			"animation_length": 0.5833,
			"bones": {
				"root": {
					"rotation": {
						"0.0": {
							"post": [6.46, -37.29, 8.96],
							"lerp_mode": "catmullrom"
						}
					},
					"position": {
						"0.0": {
							"post": [1.17, -3.25, 0],
							"lerp_mode": "catmullrom"
						}
					}
				}
			}
		},
		"run": {
			"loop": true,
			"animation_length": 0.7917,
			"bones": {
				"root": {
					"rotation": {
						"0.0": {
							"post": [2.5, -40, 15],
							"lerp_mode": "catmullrom"
						},
						"0.125": {
							"post": [6.46, -37.29, 8.96],
							"lerp_mode": "catmullrom"
						},
						"0.25": {
							"post": [0, -20, 12.5],
							"lerp_mode": "catmullrom"
						},
						"0.375": {
							"post": [3.5, -18.5, 4.5],
							"lerp_mode": "catmullrom"
						},
						"0.5": {
							"post": [1.46, -22.29, 13.96],
							"lerp_mode": "catmullrom"
						},
						"0.6667": {
							"post": [1.5, -41, 15],
							"lerp_mode": "catmullrom"
						},
						"0.7917": {
							"post": [2.5, -40, 15],
							"lerp_mode": "catmullrom"
						}
					},
					"position": {
						"0.0": {
							"post": [3, -1.25, 0],
							"lerp_mode": "catmullrom"
						},
						"0.125": {
							"post": [1.17, -2.25, 0],
							"lerp_mode": "catmullrom"
						},
						"0.25": {
							"post": [1, -1.25, 0],
							"lerp_mode": "catmullrom"
						},
						"0.375": {
							"post": [2, -1.25, 0],
							"lerp_mode": "catmullrom"
						},
						"0.5": {
							"post": [1.7, -2.25, 0],
							"lerp_mode": "catmullrom"
						},
						"0.6667": {
							"post": [3, -1, 0],
							"lerp_mode": "catmullrom"
						},
						"0.7917": {
							"post": [3, -1.25, 0],
							"lerp_mode": "catmullrom"
						}
					}
				}
			}
		},
		"run_end": {
			"animation_length": 0.625,
			"bones": {
				"root": {
					"rotation": {
						"0.0": {
							"post": [6.46, -37.29, 8.96],
							"lerp_mode": "catmullrom"
						},
						"0.0833": {
							"post": [8.14, -33.67, 9.81],
							"lerp_mode": "catmullrom"
						},
						"0.25": {
							"post": [-1, -2, -1],
							"lerp_mode": "catmullrom"
						},
						"0.4583": {
							"post": [1, -2.5, 5],
							"lerp_mode": "catmullrom"
						},
						"0.5417": {
							"post": [0, -2.5, 2.5],
							"lerp_mode": "catmullrom"
						},
						"0.625": {
							"post": [0, 0, 0],
							"lerp_mode": "catmullrom"
						}
					},
					"position": {
						"0.0": {
							"post": [1.17, -2.25, 0],
							"lerp_mode": "catmullrom"
						},
						"0.0833": {
							"post": [1, -2.62, 0],
							"lerp_mode": "catmullrom"
						},
						"0.25": {
							"post": [-0.25, -1.25, 0],
							"lerp_mode": "catmullrom"
						},
						"0.3333": {
							"post": [-0.75, -0.75, 0],
							"lerp_mode": "catmullrom"
						},
						"0.4583": {
							"post": [-0.75, -0.5, -0.5],
							"lerp_mode": "catmullrom"
						},
						"0.625": {
							"post": [0, 0, 0],
							"lerp_mode": "catmullrom"
						}
					}
				}
			}
		},
		"put_away": {
			"animation_length": 0.4167,
			"bones": {
				"root": {
					"rotation": {
						"0.0": {
							"post": [0, 0, 0],
							"lerp_mode": "catmullrom"
						},
						"0.125": {
							"post": [-1.5, -7, 10],
							"lerp_mode": "catmullrom"
						},
						"0.2083": {
							"post": [3.57, 11.59, 13.58],
							"lerp_mode": "catmullrom"
						},
						"0.375": {
							"post": [41.5, 9, 17],
							"lerp_mode": "catmullrom"
						}
					},
					"position": {
						"0.0": {
							"post": [0, 0, 0],
							"lerp_mode": "catmullrom"
						},
						"0.125": {
							"post": [-1, -1, 0],
							"lerp_mode": "catmullrom"
						},
						"0.375": {
							"post": [-9, -10, 0],
							"lerp_mode": "catmullrom"
						}
					}
				},
				"lefthand": {
					"rotation": [97.57308, -36.58254, -147.98537],
					"position": [8.4187, -13.62, -12.44187],
					"scale": [1, 1.5, 1]
				},
				"righthand": {
					"rotation": [99.05188, 15.0716, -167.92777],
					"position": [-7.1875, -13.7375, -1.0125],
					"scale": [1, 1.5, 1]
				},
				"camera": {
					"rotation": {
						"0.0": [0, 0, 0],
						"0.0417": [0.05, 0, -0.04],
						"0.0833": [0.22, 0, -0.13],
						"0.125": [0.3, 0, -0.12],
						"0.1667": [0.43, 0, 0],
						"0.2083": [0.56, 0, 0.18],
						"0.25": [0.64, 0, 0.29],
						"0.2917": [0.59, 0, 0.22],
						"0.3333": [0.5, 0, 0.15],
						"0.4167": [0, 0, 0]
					}
				}
			}
		}
	}
}