{
	"format_version": "1.8.0",
	"animations": {
		"static_idle": {
			"loop": true,
			"bones": {
				"lefthand": {
					"rotation": [97.57308, -36.58254, -147.98537],
					"position": [8.6062, -13.4325, -8.44187],
					"scale": [1, 1.5, 1]
				},
				"righthand": {
					"rotation": [99.05188, 15.0716, -167.92777],
					"position": [-7.8125, -12.7375, 7.18281],
					"scale": [1, 1.5, 1]
				},
				"constraint": {
					"rotation": [0, 0, 0],
					"position": [0, 0, 0]
				}
			}
		},
		"reload_tactical": {
			"animation_length": 2.6667,
			"bones": {
				"lefthand": {
					"rotation": {
						"0.0": [97.57308, -36.58254, -147.98537],
						"0.1667": [97.57308, -36.58254, -147.98537],
						"0.3333": [97.57, -36.58, -147.99],
						"0.4167": [97.57, -36.58, -147.99],
						"1.7917": [97.57, -36.58, -147.99],
						"1.9583": [97.57308, -36.58254, -147.98537]
					},
					"position": {
						"0.0": [8.6062, -13.4325, -8.44187],
						"0.1667": [8.6062, -13.4325, -8.44187],
						"0.3333": [8.2975, -18.43, -2.44],
						"0.4167": [8.2975, -18.43, -2.44],
						"1.7917": [8.2975, -18.43, -2.44],
						"1.9583": [8.6062, -13.4325, -8.44187]
					},
					"scale": [1, 1.5, 1]
				},
				"righthand": {
					"rotation": [99.05188, 15.0716, -167.92777],
					"position": [-7.8125, -12.7375, 7.18281],
					"scale": [1, 1.5, 1]
				},
				"constraint": {
					"rotation": {
						"2.375": [0.15, 0.15, 0.15],
						"2.4583": [0, 0, 0]
					},
					"position": {
						"2.375": [0.1, 0.1, 0.1],
						"2.4583": [0, 0, 0]
					}
				},
				"root": {
					"rotation": {
						"0.0": [0, 0, 0],
						"0.0417": [1.14, 0.13, 1.02],
						"0.0833": [0.47, -0.15, -1.16],
						"0.125": [-1.22, -0.59, -4.69],
						"0.1667": [-4.39, -1.4, -10.96],
						"0.2917": [-10.2, -2.88, -17.71],
						"0.3333": [-10.22, -2.88, -18.21],
						"0.375": [-10.26, -2.88, -19.58],
						"0.4167": [-10.29, -2.88, -20.42],
						"0.4583": [-10.33, -2.88, -20.91],
						"0.5": [-1.85, -2.88, -20.85],
						"0.625": [-8.82, -2.88, -18.34],
						"0.6667": [-9.43, -2.87, -19.64],
						"0.7083": [-9.7, -2.85, -20.61],
						"0.75": [-9.31, -2.84, -20.17],
						"0.7917": [-8.48, -2.82, -19.18],
						"0.8333": [-7.96, -2.8, -18.73],
						"0.875": [-7.08, -2.78, -18.08],
						"0.9167": [-6.55, -2.77, -17.77],
						"0.9583": [-6.22, -2.77, -17.8],
						"1.0": [-6.27, -2.75, -18.05],
						"1.0417": [-6.54, -2.73, -18.65],
						"1.0833": [-6.77, -2.74, -19.16],
						"1.125": [-7.07, -2.88, -19.99],
						"1.1667": [-7.31, -3.19, -20.93],
						"1.2083": [-7.68, -3.86, -22.62],
						"1.25": [-7.86, -4.26, -23.6],
						"1.2917": [-7.91, -4.52, -24.41],
						"1.3333": [-7.83, -4.58, -24.72],
						"1.375": [-7.66, -4.59, -24.98],
						"1.4167": [-7.4, -4.58, -25.9],
						"1.4583": [-7.79, -4.59, -25.5],
						"1.5": [-8.6, -4.57, -24.43],
						"1.5417": [-8.93, -4.56, -24.59],
						"1.5833": [-9.3, -4.47, -24.42],
						"1.625": [-9.08, -3.88, -19.88],
						"1.6667": [-5.87, -3.05, -14.55],
						"1.7083": [-8.19, -2.93, -18.52],
						"1.75": [-8.6, -3.11, -16.76],
						"1.7917": [-8.23, -3.09, -15.33],
						"1.8333": [-5.79, -2.5, -14.54],
						"1.875": [-3.63, -1.95, -14.06],
						"1.9167": [0.73, -0.76, -12.06],
						"1.9583": [3.13, 0, -10.16],
						"2.0": [2.79, 0.16, -8.81],
						"2.0417": [1.88, 0.13, -7.85],
						"2.0833": [0.69, 0.09, -5.42],
						"2.125": [-0.17, 0.06, -2.55],
						"2.1667": [-0.97, 0, 0.94],
						"2.2083": [-0.71, -0.02, 1.47],
						"2.25": [0.25, -0.02, 0.82],
						"2.2917": [0.9, 0.13, -0.86],
						"2.3333": [1.04, 0.51, 0.11],
						"2.375": [0.71, 0.57, 0.78],
						"2.4167": [0.03, 0.41, -0.59],
						"2.4583": [-0.21, 0.14, -0.22],
						"2.5": [-0.23, -0.18, 0.25],
						"2.5417": [0.03, -0.24, -0.07],
						"2.5833": [0.11, -0.17, -0.16],
						"2.625": [0.05, -0.07, -0.07],
						"2.6667": [0, 0, 0]
					},
					"position": {
						"0.0": [0, 0, 0],
						"0.0417": [0, -0.32, 0.21],
						"0.0833": [0, -0.65, 0.29],
						"0.125": [0, -0.84, 0.17],
						"0.1667": [0, -0.92, 0.03],
						"0.2917": [-0.01, -0.43, 0.34],
						"0.3333": [-0.01, -0.4, 0.2],
						"0.375": [-0.01, -0.34, 0.18],
						"0.4167": [-0.01, -0.3, 0.24],
						"0.4583": [-0.01, -0.3, 0.24],
						"0.5": [0, -1, 0.22],
						"0.625": [-0.12, -0.19, 0.25],
						"0.6667": [-0.08, -0.16, 0.2],
						"0.7083": [-0.02, -0.17, 0.14],
						"0.75": [0.02, -0.22, 0.14],
						"0.7917": [0.07, -0.37, 0.16],
						"0.8333": [0.11, -0.49, 0.19],
						"0.875": [0.16, -0.67, 0.23],
						"0.9167": [0.18, -0.76, 0.25],
						"0.9583": [0.19, -0.84, 0.26],
						"1.0": [0.19, -0.9, 0.26],
						"1.0417": [0.18, -0.95, 0.25],
						"1.0833": [0.18, -0.98, 0.25],
						"1.125": [0.18, -0.99, 0.25],
						"1.1667": [0.2, -0.94, 0.25],
						"1.2083": [0.24, -0.79, 0.25],
						"1.25": [0.27, -0.69, 0.25],
						"1.2917": [0.28, -0.63, 0.25],
						"1.3333": [0.29, -0.61, 0.25],
						"1.375": [0.28, -0.6, 0.25],
						"1.4167": [0.28, -0.31, 0.25],
						"1.4583": [0.28, -0.28, 0.25],
						"1.5": [0.28, -0.21, 0.25],
						"1.5417": [0.28, -0.19, 0.25],
						"1.5833": [0.28, -0.19, 0.25],
						"1.625": [0.26, -0.4, 0.24],
						"1.6667": [0.17, -0.77, 0.26],
						"1.7083": [0.14, -0.52, 0.3],
						"1.75": [0.08, -0.31, 0.38],
						"1.7917": [0.04, -0.34, 0.44],
						"1.8333": [-0.01, -0.51, 0.55],
						"1.875": [-0.02, -0.78, 0.72],
						"1.9167": [-0.01, -1.2, 0.92],
						"1.9583": [-0.01, -1.29, 0.85],
						"2.0": [0, -1.24, 0.56],
						"2.0417": [0, -1.11, 0.31],
						"2.0833": [0, -0.85, -0.19],
						"2.125": [0, -0.73, -0.58],
						"2.1667": [0, -0.54, -1.23],
						"2.2083": [0, -0.46, -1.36],
						"2.25": [0, -0.41, 0.06],
						"2.2917": [0, -0.34, 0.69],
						"2.3333": [0, -0.2, 0.41],
						"2.375": [0, -0.16, 0.15],
						"2.4167": [0, -0.05, 0.2],
						"2.4583": [0, 0.01, -0.01],
						"2.5": [0, 0.01, 0.02],
						"2.5417": [0, 0.01, 0.03],
						"2.5833": [0, 0, -0.01],
						"2.625": [0, 0, -0.01],
						"2.6667": [0, 0, 0]
					}
				},
				"mag_and_lefthand": {
					"rotation": {
						"0.4583": [-0.47, 0, 0],
						"0.5417": [-9.32, -1.9, -5.5],
						"0.6667": [-9.32, -1.9, -5.5],
						"0.875": [-13.68, -47.33, -127.97],
						"0.9167": [-13.58, -48.4, -129.99],
						"0.9583": [-13.51, -49.32, -131.27],
						"1.0": [-13.52, -49.43, -130.96],
						"1.0417": [-13.61, -48.7, -128.82],
						"1.0833": [-13.73, -47.55, -126.29],
						"1.125": [-13.98, -44.72, -120.89],
						"1.1667": [-14.55, -38.7, -110.63],
						"1.25": [-16.99, -15.09, -71.37],
						"1.3333": [-17.57, 16.98, -9.05],
						"1.375": [-6.47, 5.71, 4.53],
						"1.4167": [-3.75, 0, 0],
						"1.4583": [-3.75, 0, 0],
						"1.5": [-3.75, 0, 0],
						"1.5417": [-3.75, 0, 0],
						"1.5833": [-3.75, 0, 0],
						"1.625": [-1.25, 0, 0],
						"1.6667": [0, 0, 0]
					},
					"position": {
						"0.4583": [0, 0, 0],
						"0.5": [0.29, -4.07, -0.26],
						"0.5417": [0.29, -12.07, -0.26],
						"0.875": [3.43, -11.85, 6.62],
						"0.9167": [3.43, -12.57, 6.62],
						"0.9583": [3.43, -13.64, 6.62],
						"1.0": [3.43, -14.36, 6.62],
						"1.0417": [3.43, -15.43, 6.62],
						"1.0833": [3.43, -16.15, 6.62],
						"1.125": [3.2, -15.94, 5.87],
						"1.1667": [2.74, -14.08, 4.39],
						"1.25": [2.06, -11.29, 2.16],
						"1.3333": [0.97, -6.87, -0.23],
						"1.375": [0.11, -3.39, -0.57],
						"1.4167": [0, -2.89, -0.17],
						"1.4583": [0, -2.72, -0.16],
						"1.5": [0, -2.76, -0.16],
						"1.5833": [0, -2.76, -0.16],
						"1.625": [0, -0.83, -0.05],
						"1.6667": [0, 0, 0]
					}
				},
				"camera": {
					"rotation": {
						"0.4583": [0, 0, 0],
						"0.5": [1.2, -1, -1],
						"0.5833": [-0.5, 0.5, -0.5],
						"0.6667": [0, 0, 0],
						"1.625": [0, 0, 0],
						"1.6667": [-1, 1, 1],
						"1.75": [0.5, -0.5, 0.5],
						"1.8333": [0, 0, 0]
					}
				}
			},
			"sound_effects": {
				"0.375": {
					"effect": "halor6:s7/s7_reload_magout"
				},
				"1.4167": {
					"effect": "halor6:s7/s7_reload_magin"
				},
				"1.75": {
					"effect": "tacz:m4a1/m4a1_draw"
				}
			}
		},
		"reload_empty": {
			"loop": "hold_on_last_frame",
			"animation_length": 3.2083,
			"bones": {
				"lefthand": {
					"rotation": {
						"0.0": [97.57308, -36.58254, -147.98537],
						"0.0833": [97.57308, -36.58254, -147.98537],
						"0.2083": [97.57, -36.58, -147.99],
						"0.2917": [97.57, -36.58, -147.99],
						"1.6667": [97.57, -36.58, -147.99],
						"1.875": [90.07, -36.58, -130.49],
						"2.0": [90.07, -36.58, -130.49],
						"2.2083": [90.07, -36.58, -130.49],
						"2.25": [90.82, -36.58, -143.24],
						"2.625": [97.57308, -36.58254, -147.98537]
					},
					"position": {
						"0.0": [8.6062, -13.4325, -8.44187],
						"0.0833": [8.6062, -13.4325, -8.44187],
						"0.2083": [8.2975, -18.43, -2.44],
						"0.2917": [8.2975, -18.43, -2.44],
						"1.6667": [8.2975, -18.43, -2.44],
						"1.7917": [10.64, -13.9, -2.44],
						"1.875": [10.9875, -9.3675, -2.44],
						"2.0": [10.425, -9.3675, -2.44],
						"2.0833": [10.425, -9.37, 1.56],
						"2.2083": [10.425, -9.37, 1.56],
						"2.25": [11.59, -11.55, 4.89],
						"2.5417": [10.59, -15.55, 2.89],
						"2.625": [8.6062, -13.4325, -8.44187]
					},
					"scale": [1, 1.5, 1]
				},
				"righthand": {
					"rotation": [99.05188, 15.0716, -167.92777],
					"position": [-7.8125, -12.7375, 7.18281],
					"scale": [1, 1.5, 1]
				},
				"constraint": {
					"rotation": {
						"0.0": [0, 0, 0],
						"2.9583": [0.15, 0.15, 0.15],
						"3.0417": [0, 0, 0]
					},
					"position": {
						"0.0": [0, 0, 0],
						"2.9583": [0.1, 0.1, 0.1],
						"3.0417": [0, 0, 0]
					}
				},
				"root": {
					"rotation": {
						"0.0": [0, 0, 0],
						"0.0833": [-4.39, -1.4, -10.96],
						"0.2083": [-10.22, -2.88, -18.21],
						"0.25": [-10.26, -2.88, -19.58],
						"0.2917": [-10.29, -2.88, -20.42],
						"0.3333": [-10.33, -2.88, -20.91],
						"0.375": [-1.85, -2.88, -20.85],
						"0.5": [-8.82, -2.88, -18.34],
						"0.5417": [-9.43, -2.87, -19.64],
						"0.5833": [-9.7, -2.85, -20.61],
						"0.625": [-9.31, -2.84, -20.17],
						"0.6667": [-8.48, -2.82, -19.18],
						"0.7083": [-7.96, -2.8, -18.73],
						"0.75": [-7.08, -2.78, -18.08],
						"0.7917": [-6.55, -2.77, -17.77],
						"0.8333": [-6.22, -2.77, -17.8],
						"0.875": [-6.27, -2.75, -18.05],
						"0.9167": [-6.54, -2.73, -18.65],
						"0.9583": [-6.77, -2.74, -19.16],
						"1.0": [-7.07, -2.88, -19.99],
						"1.0417": [-7.31, -3.19, -20.93],
						"1.0833": [-7.68, -3.86, -22.62],
						"1.125": [-7.86, -4.26, -23.6],
						"1.1667": [-7.91, -4.52, -24.41],
						"1.2083": [-7.83, -4.58, -24.72],
						"1.25": [-7.66, -4.59, -24.98],
						"1.2917": [-7.4, -4.58, -25.9],
						"1.3333": [-8.6, -4.57, -24.43],
						"1.375": [-8.93, -4.56, -24.59],
						"1.4167": [-9.3, -4.47, -24.42],
						"1.4583": [-9.08, -3.88, -19.88],
						"1.5": [-5.87, -3.05, -14.55],
						"1.5417": [-8.19, -2.93, -18.52],
						"1.5833": [-8.6, -3.11, -16.76],
						"1.625": [-8.23, -3.09, -15.33],
						"1.75": [-8.23, -2.09, -15.33],
						"2.0": {
							"pre": [-9.73, -1.59, 3.17],
							"post": [-9.73, -1.59, 3.17],
							"lerp_mode": "catmullrom"
						},
						"2.0833": [-13.23, -0.59, 7.17],
						"2.2083": {
							"pre": [-14.23, -3.59, 10.17],
							"post": [-14.23, -3.59, 10.17],
							"lerp_mode": "catmullrom"
						},
						"2.25": [-19.23, -3.59, 15.17],
						"2.2917": [-16.1, -1.59, 7.17],
						"2.375": {
							"pre": [-11.1, -1.59, 9.67],
							"post": [-11.1, -1.59, 9.67],
							"lerp_mode": "catmullrom"
						},
						"2.4167": {
							"post": [-11.1, 0.91, 4.67],
							"lerp_mode": "catmullrom"
						},
						"2.5": {
							"post": [-8.6, 0.91, 4.67],
							"lerp_mode": "catmullrom"
						},
						"2.625": {
							"post": [0, -2.34, 2],
							"lerp_mode": "catmullrom"
						},
						"2.75": {
							"post": [0.71, 0.57, 0.78],
							"lerp_mode": "catmullrom"
						},
						"2.7917": [0.71, 0.57, 0.78],
						"2.8333": [0.03, 0.41, -0.59],
						"2.875": [-0.21, 0.14, -0.22],
						"2.9167": [-0.23, -0.18, 0.25],
						"2.9583": [0.03, -0.24, -0.07],
						"3.0": [0.11, -0.17, -0.16],
						"3.0417": [0.05, -0.07, -0.07],
						"3.0833": [0, 0, 0]
					},
					"position": {
						"0.0": [0, 0, 0],
						"0.0833": [0, -0.92, 0.03],
						"0.2083": [-0.01, -0.4, 0.2],
						"0.25": [-0.01, -0.34, 0.18],
						"0.2917": [-0.01, -0.3, 0.24],
						"0.3333": [-0.01, -0.3, 0.24],
						"0.375": [0, -1, 0.22],
						"0.5": [-0.12, -0.19, 0.25],
						"0.5417": [-0.08, -0.16, 0.2],
						"0.5833": [-0.02, -0.17, 0.14],
						"0.625": [0.02, -0.22, 0.14],
						"0.6667": [0.07, -0.37, 0.16],
						"0.7083": [0.11, -0.49, 0.19],
						"0.75": [0.16, -0.67, 0.23],
						"0.7917": [0.18, -0.76, 0.25],
						"0.8333": [0.19, -0.84, 0.26],
						"0.875": [0.19, -0.9, 0.26],
						"0.9167": [0.18, -0.95, 0.25],
						"0.9583": [0.18, -0.98, 0.25],
						"1.0": [0.18, -0.99, 0.25],
						"1.0417": [0.2, -0.94, 0.25],
						"1.0833": [0.24, -0.79, 0.25],
						"1.125": [0.27, -0.69, 0.25],
						"1.1667": [0.28, -0.63, 0.25],
						"1.2083": [0.29, -0.61, 0.25],
						"1.25": [0.28, -0.6, 0.25],
						"1.2917": [0.28, -0.31, 0.25],
						"1.3333": [0.28, -0.21, 0.25],
						"1.375": [0.28, -0.19, 0.25],
						"1.4167": [0.28, -0.19, 0.25],
						"1.4583": [0.26, -0.4, 0.24],
						"1.5": [0.17, -0.77, 0.26],
						"1.5417": [0.14, -0.52, 0.3],
						"1.5833": [0.08, -0.31, 0.38],
						"1.625": [0.04, -0.34, 0.44],
						"1.75": [0.04, -0.34, 0.44],
						"2.0": {
							"pre": [0.04, -0.34, 0.44],
							"post": [0.04, -0.34, 0.44],
							"lerp_mode": "catmullrom"
						},
						"2.0833": [0.04, -0.715, 3],
						"2.2083": {
							"pre": [-0.46, -0.7775, 3],
							"post": [-0.46, -0.7775, 3],
							"lerp_mode": "catmullrom"
						},
						"2.25": [-0.96, -2.7775, 2],
						"2.2917": [-0.96, -2.7775, 2],
						"2.4167": {
							"pre": [0.04, -1.78, 1],
							"post": [0.04, -1.78, 1],
							"lerp_mode": "catmullrom"
						},
						"2.625": {
							"post": [0.4375, -1.75, 1.56],
							"lerp_mode": "catmullrom"
						},
						"2.75": {
							"post": [0, -0.16, 0.15],
							"lerp_mode": "catmullrom"
						},
						"2.7917": [0, -0.16, 0.15],
						"2.8333": [0, -0.05, 0.2],
						"2.875": [0, 0.01, -0.01],
						"2.9167": [0, 0.01, 0.02],
						"2.9583": [0, 0.01, 0.03],
						"3.0": [0, 0, -0.01],
						"3.0417": [0, 0, -0.01],
						"3.0833": [0, 0, 0]
					}
				},
				"mag_and_lefthand": {
					"rotation": {
						"0.3333": [-0.47, 0, 0],
						"0.4167": [-9.32, -1.9, -5.5],
						"0.5417": [-9.32, -1.9, -5.5],
						"0.75": [-13.68, -47.33, -127.97],
						"0.7917": [-13.58, -48.4, -129.99],
						"0.8333": [-13.51, -49.32, -131.27],
						"0.875": [-13.52, -49.43, -130.96],
						"0.9167": [-13.61, -48.7, -128.82],
						"0.9583": [-13.73, -47.55, -126.29],
						"1.0": [-13.98, -44.72, -120.89],
						"1.0417": [-14.55, -38.7, -110.63],
						"1.125": [-16.99, -15.09, -71.37],
						"1.2083": [-17.57, 16.98, -9.05],
						"1.25": [-6.47, 5.71, 4.53],
						"1.2917": [-3.75, 0, 0],
						"1.3333": [-3.75, 0, 0],
						"1.375": [-3.75, 0, 0],
						"1.4167": [-3.75, 0, 0],
						"1.4583": [-1.25, 0, 0],
						"1.5": [0, 0, 0]
					},
					"position": {
						"0.3333": [0, 0, 0],
						"0.375": [0.29, -4.07, -0.26],
						"0.4167": [0.29, -12.07, -0.26],
						"0.75": [3.43, -11.85, 6.62],
						"0.7917": [3.43, -12.57, 6.62],
						"0.8333": [3.43, -13.64, 6.62],
						"0.875": [3.43, -14.36, 6.62],
						"0.9167": [3.43, -15.43, 6.62],
						"0.9583": [3.43, -16.15, 6.62],
						"1.0": [3.2, -15.94, 5.87],
						"1.0417": [2.74, -14.08, 4.39],
						"1.125": [2.06, -11.29, 2.16],
						"1.2083": [0.97, -6.87, -0.23],
						"1.25": [0.11, -3.39, -0.57],
						"1.2917": [0, -2.89, -0.17],
						"1.3333": [0, -2.76, -0.16],
						"1.4167": [0, -2.76, -0.16],
						"1.4583": [0, -0.83, -0.05],
						"1.5": [0, 0, 0]
					}
				},
				"bullet": {
					"position": {
						"0.7083": [0, -1, 0],
						"1.0833": [0, 0, 0]
					}
				},
				"bolt": {
					"position": {
						"2.0": [0, 0, 0],
						"2.0833": [4, 0, 0],
						"2.2083": [4, 0, 0],
						"2.2917": [0, 0, 0],
						"2.375": [1, 0, 0],
						"2.4583": [0, 0, 0]
					}
				},
				"camera": {
					"rotation": {
						"0.3333": [0, 0, 0],
						"0.375": [1.2, -1, -1],
						"0.4583": [-0.5, 0.5, -0.5],
						"0.5417": [0, 0, 0],
						"1.4583": [0, 0, 0],
						"1.5": [-1, 1, 1],
						"1.5833": [0.5, -0.5, 0.5],
						"1.6667": [0, 0, 0],
						"2.0": [0, 0, 0],
						"2.0833": [0.5, -0.5, -0.5],
						"2.2083": [0.8, -0.8, -0.8],
						"2.25": [-1, 1, 1],
						"2.3333": [0.7, -0.7, -0.7],
						"2.4583": [0, 0, 0]
					}
				}
			},
			"sound_effects": {
				"0.2917": {
					"effect": "halor6:s7/s7_reload_magout"
				},
				"1.2917": {
					"effect": "halor6:s7/s7_reload_magin"
				},
				"2.0": {
					"effect": "halor6:s7/s7_bolt_back"
				},
				"2.2083": {
					"effect": "halor6:s7/s7_bolt_forward"
				},
				"2.3333": {
					"effect": "tacz:m4a1/m4a1_draw"
				}
			}
		},
		"shoot": {
			"animation_length": 0.9583,
			"bones": {
				"root": {
					"rotation": {
						"0.0": {
							"post": [0, 0, 0],
							"lerp_mode": "catmullrom"
						},
						"0.0417": [-3, 0, -4],
						"0.0833": [-3.2, 0, 3],
						"0.125": [-3.4, 0, -2],
						"0.2917": [-4, 0, -3.5],
						"0.5833": {
							"pre": [-3.105, -0.4, 1.85],
							"post": [-3.105, -0.4, 1.85],
							"lerp_mode": "catmullrom"
						},
						"0.7917": {
							"post": [0.63844, 0.2275, -0.02844],
							"lerp_mode": "catmullrom"
						},
						"0.9583": {
							"post": [0, 0, 0],
							"lerp_mode": "catmullrom"
						}
					},
					"position": {
						"0.0": {
							"post": [0, 0, 0],
							"lerp_mode": "catmullrom"
						},
						"0.0417": [-1, -1, 5],
						"0.2917": {
							"pre": [-1.2, -1, 4.5],
							"post": [-1.2, -1, 4.5],
							"lerp_mode": "catmullrom"
						},
						"0.5833": {
							"post": [-0.5, -1.5, 3],
							"lerp_mode": "catmullrom"
						},
						"0.9583": {
							"post": [0, 0, 0],
							"lerp_mode": "catmullrom"
						}
					}
				},
				"bolt": {
					"position": {
						"0.0": [0, 0, 0],
						"0.0417": [4, 0, 0],
						"0.0833": [4, 0, 0],
						"0.1667": [0, 0, 0],
						"0.25": [1, 0, 0],
						"0.3333": [0, 0, 0]
					}
				},
				"camera": {
					"rotation": {
						"0.0": {
							"post": [0, 0, 0],
							"lerp_mode": "catmullrom"
						},
						"0.0417": {
							"post": [0, -2.5, 1.5],
							"lerp_mode": "catmullrom"
						},
						"0.0833": {
							"post": [0, 1.75, -1.35],
							"lerp_mode": "catmullrom"
						},
						"0.2083": {
							"post": [0, 0, 0.2],
							"lerp_mode": "catmullrom"
						},
						"0.3333": {
							"post": [0, 0, 0],
							"lerp_mode": "catmullrom"
						}
					}
				}
			}
		},
		"draw": {
			"animation_length": 0.75,
			"bones": {
				"lefthand": {
					"rotation": [97.57308, -36.58254, -147.98537],
					"position": [8.6062, -13.4325, -8.44187],
					"scale": [1, 1.5, 1]
				},
				"righthand": {
					"rotation": [99.05188, 15.0716, -167.92777],
					"position": [-7.8125, -12.7375, 7.18281],
					"scale": [1, 1.5, 1]
				},
				"root": {
					"rotation": {
						"0.0": [0.81, -42.64, 43.95],
						"0.0417": [0.41, -32.66, 32.03],
						"0.0833": [-0.85, -32.88, 26.12],
						"0.125": [-1.39, -32.15, 22.92],
						"0.1667": [-1.65, -30.23, 20.1],
						"0.25": [-0.68, -15.46, 12.92],
						"0.2917": [-0.21, -10.08, 10.79],
						"0.3333": [0.1, -6.07, 8.88],
						"0.375": [0.23, -3.2, 6.78],
						"0.4167": [0.16, -0.89, 3.43],
						"0.4583": [0.11, -0.29, 2.12],
						"0.5": [0.05, -0.02, 0.15],
						"0.5417": [-0.01, -0.43, -0.76],
						"0.5833": [-0.01, -0.17, 0.96],
						"0.625": [-0.01, -0.1, 0.8],
						"0.6667": [0, -0.04, 0.35],
						"0.7083": [0, 0, 0]
					},
					"position": {
						"0.0": [-3.18, -9.58, 13.53],
						"0.1667": [-0.61, -1.94, 1.29],
						"0.2083": [-0.45, -1.53, 0.43],
						"0.25": [-0.25, -0.94, -0.49],
						"0.2917": [-0.14, -0.69, -0.75],
						"0.3333": [-0.07, -0.55, -0.66],
						"0.375": [-0.03, -0.45, -0.5],
						"0.4167": [-0.02, -0.34, -0.02],
						"0.4583": [-0.03, -0.3, 0.16],
						"0.5": [-0.02, -0.21, 0.14],
						"0.5417": [-0.02, -0.12, 0.02],
						"0.5833": [-0.01, -0.02, -0.06],
						"0.625": [0, -0.01, -0.04],
						"0.6667": [0, 0, -0.02],
						"0.7083": [0, 0, 0]
					}
				},
				"camera": {
					"rotation": {
						"0.0": [0, 0, 0],
						"0.0417": [0.14, -0.01, 0.01],
						"0.0833": [0.55, -0.05, 0.1],
						"0.125": [0.77, -0.13, 0.3],
						"0.1667": [0.99, -0.24, 0.56],
						"0.2083": [1.1, -0.3, 0.7],
						"0.25": [1.03, -0.29, 0.59],
						"0.2917": [0.93, -0.26, 0.47],
						"0.3333": [0.82, -0.23, 0.36],
						"0.375": [0.7, -0.2, 0.3],
						"0.4167": [0.1, -0.06, 0.41],
						"0.4583": [-0.1, 0, 0.4],
						"0.5": [0.01, 0.07, 0.03],
						"0.5417": [0.2, 0.1, -0.3],
						"0.5833": [0.07, 0.03, -0.04],
						"0.625": [0, 0, 0.1],
						"0.6667": [-0.01, -0.01, 0.11],
						"0.7083": [-0.01, -0.01, 0.08],
						"0.75": [0, 0, 0]
					}
				},
				"constraint": {
					"rotation": [0, 0, 0],
					"position": [0, 0, 0]
				}
			}
		},
		"put_away": {
			"animation_length": 0.4167,
			"bones": {
				"lefthand": {
					"rotation": [97.57308, -36.58254, -147.98537],
					"position": [8.6062, -13.4325, -8.44187],
					"scale": [1, 1.5, 1]
				},
				"righthand": {
					"rotation": [99.05188, 15.0716, -167.92777],
					"position": [-7.8125, -12.7375, 7.18281],
					"scale": [1, 1.5, 1]
				},
				"root": {
					"rotation": {
						"0.0": {
							"post": [0, 0, 0],
							"lerp_mode": "catmullrom"
						},
						"0.125": {
							"post": [-1.5, -7, 10],
							"lerp_mode": "catmullrom"
						},
						"0.25": {
							"post": [3.57, 11.59, 13.58],
							"lerp_mode": "catmullrom"
						},
						"0.4167": {
							"post": [44, 9, 17],
							"lerp_mode": "catmullrom"
						}
					},
					"position": {
						"0.0": {
							"post": [0, 0, 0],
							"lerp_mode": "catmullrom"
						},
						"0.125": {
							"post": [-1, -1, 0],
							"lerp_mode": "catmullrom"
						},
						"0.4167": {
							"post": [-9, -10, 0],
							"lerp_mode": "catmullrom"
						}
					}
				},
				"constraint": {
					"rotation": [0, 0, 0],
					"position": [0, 0, 0]
				},
				"camera": {
					"rotation": {
						"0.0": {
							"post": [0, 0, 0],
							"lerp_mode": "catmullrom"
						},
						"0.0833": {
							"post": [0.3, 0, -0.125],
							"lerp_mode": "catmullrom"
						},
						"0.25": {
							"post": [0.64, 0, 0.3],
							"lerp_mode": "catmullrom"
						},
						"0.3333": {
							"post": [0.5, 0, 0.15],
							"lerp_mode": "catmullrom"
						},
						"0.4167": {
							"post": [0, 0, 0],
							"lerp_mode": "catmullrom"
						}
					}
				}
			}
		},
		"run": {
			"loop": true,
			"animation_length": 0.7917,
			"bones": {
				"root": {
					"rotation": {
						"0.0": {
							"post": [2.5, -40, 15],
							"lerp_mode": "catmullrom"
						},
						"0.125": {
							"post": [6.46, -37.29, 8.96],
							"lerp_mode": "catmullrom"
						},
						"0.25": {
							"post": [0, -20, 12.5],
							"lerp_mode": "catmullrom"
						},
						"0.375": {
							"post": [3.5, -18.5, 4.5],
							"lerp_mode": "catmullrom"
						},
						"0.5": {
							"post": [1.46, -22.29, 13.96],
							"lerp_mode": "catmullrom"
						},
						"0.6667": {
							"post": [1.5, -41, 15],
							"lerp_mode": "catmullrom"
						},
						"0.7917": {
							"post": [2.5, -40, 15],
							"lerp_mode": "catmullrom"
						}
					},
					"position": {
						"0.0": {
							"post": [3, -1.25, 0],
							"lerp_mode": "catmullrom"
						},
						"0.125": {
							"post": [1.17, -2.25, 0],
							"lerp_mode": "catmullrom"
						},
						"0.25": {
							"post": [1, -1.25, 0],
							"lerp_mode": "catmullrom"
						},
						"0.375": {
							"post": [2, -1.25, 0],
							"lerp_mode": "catmullrom"
						},
						"0.5": {
							"post": [1.7, -2.25, 0],
							"lerp_mode": "catmullrom"
						},
						"0.6667": {
							"post": [3, -1, 0],
							"lerp_mode": "catmullrom"
						},
						"0.7917": {
							"post": [3, -1.25, 0],
							"lerp_mode": "catmullrom"
						}
					}
				}
			}
		},
		"run_hold": {
			"loop": true,
			"animation_length": 0.5833,
			"bones": {
				"root": {
					"rotation": {
						"0.0": {
							"post": [6.46, -37.29, 8.96],
							"lerp_mode": "catmullrom"
						}
					},
					"position": {
						"0.0": {
							"post": [1.17, -2.25, 0],
							"lerp_mode": "catmullrom"
						}
					}
				}
			}
		},
		"run_start": {
			"animation_length": 0.1667,
			"bones": {
				"root": {
					"rotation": {
						"0.0": {
							"post": [0, 0, 0],
							"lerp_mode": "catmullrom"
						},
						"0.1667": {
							"post": [5.48, -31.62, 7.6],
							"lerp_mode": "catmullrom"
						}
					},
					"position": {
						"0.0": {
							"post": [0, 0, 0],
							"lerp_mode": "catmullrom"
						},
						"0.1667": {
							"post": [0.99, -1.91, 0],
							"lerp_mode": "catmullrom"
						}
					}
				}
			}
		},
		"melee_stock": {
			"animation_length": 1.125,
			"bones": {
				"root": {
					"rotation": {
						"0.0": {
							"post": [0, 0, 0],
							"lerp_mode": "catmullrom"
						},
						"0.0833": {
							"post": [-10, -7.5, 27.5],
							"lerp_mode": "catmullrom"
						},
						"0.125": {
							"post": [-112.92, 16.32, 92.3],
							"lerp_mode": "catmullrom"
						},
						"0.1667": {
							"post": [-112.92, 16.32, 92.3],
							"lerp_mode": "catmullrom"
						},
						"0.2083": {
							"post": [-115.17, 16.32, 92.3],
							"lerp_mode": "catmullrom"
						},
						"0.625": {
							"post": [-115.17, 16.32, 92.3],
							"lerp_mode": "catmullrom"
						},
						"0.75": {
							"post": [-75.01, -6.66, 61.31],
							"lerp_mode": "catmullrom"
						},
						"0.9583": {
							"post": [2.5, -2.5, 17.5],
							"lerp_mode": "catmullrom"
						},
						"1.0417": {
							"post": [5, -2.5, 2.5],
							"lerp_mode": "catmullrom"
						},
						"1.125": {
							"post": [0, 0, 0],
							"lerp_mode": "catmullrom"
						}
					},
					"position": {
						"0.0": {
							"post": [0, 0, 0],
							"lerp_mode": "catmullrom"
						},
						"0.0833": {
							"post": [-8, -4, 4],
							"lerp_mode": "catmullrom"
						},
						"0.125": {
							"post": [9.2479, 7.14632, -12.72319],
							"lerp_mode": "catmullrom"
						},
						"0.1667": {
							"post": [9.2479, 7.14632, -12.72319],
							"lerp_mode": "catmullrom"
						},
						"0.2083": {
							"post": [8.66776, 6.51921, -12.48837],
							"lerp_mode": "catmullrom"
						},
						"0.25": {
							"post": [9.12, 6.81, -12.96],
							"lerp_mode": "catmullrom"
						},
						"0.5833": {
							"post": [9.66776, 6.51921, -12.48837],
							"lerp_mode": "catmullrom"
						},
						"0.75": {
							"post": [5.6792, 1.08328, -11.40935],
							"lerp_mode": "catmullrom"
						},
						"0.9583": {
							"post": [-0.75, -2, -0.5],
							"lerp_mode": "catmullrom"
						},
						"1.125": {
							"post": [0, 0, 0],
							"lerp_mode": "catmullrom"
						}
					}
				},
				"lefthand": {
					"rotation": {
						"0.0": [97.57308, -36.58254, -147.98537],
						"0.125": [3.97085, -29.75242, -94.14579],
						"0.6667": [3.97085, -29.75242, -94.14579],
						"0.9167": [97.57308, -36.58254, -147.98537]
					},
					"position": {
						"0.0": [8.6062, -13.4325, -8.44187],
						"0.125": [5.6062, -13.4325, -8.44187],
						"0.6667": [5.6062, -13.4325, -8.44187],
						"0.9167": [8.6062, -13.4325, -8.44187]
					},
					"scale": [1, 1.5, 1]
				},
				"righthand": {
					"rotation": {
						"0.0": [99.05188, 15.0716, -167.92777],
						"0.0833": [3.92783, 5.09571, -191.13359],
						"0.6667": [3.92783, 5.09571, -191.13359],
						"0.75": [69.40223, 9.70429, -174.52807],
						"0.8333": [99.05188, 15.0716, -167.92777]
					},
					"position": {
						"0.0": [-7.8125, -12.7375, 7.18281],
						"0.0833": [-6.68, -7.62, 11.97],
						"0.6667": [-6.68, -7.62, 11.97],
						"0.75": [-9.43, -11.18, 8.98],
						"0.8333": [-7.8125, -12.7375, 7.18281]
					},
					"scale": [1, 1.5, 1]
				},
				"camera": {
					"rotation": {
						"0.0": {
							"post": [0, 0, 0],
							"lerp_mode": "catmullrom"
						},
						"0.125": {
							"post": [1, 2, 2.5],
							"lerp_mode": "catmullrom"
						},
						"0.1667": {
							"post": [-1.5, -1.1, -2.5],
							"lerp_mode": "catmullrom"
						},
						"0.2917": {
							"post": [1, 0.5, 1],
							"lerp_mode": "catmullrom"
						},
						"0.625": {
							"post": [0, 0, 0],
							"lerp_mode": "catmullrom"
						},
						"0.75": {
							"post": [1, 1.5, 0],
							"lerp_mode": "catmullrom"
						},
						"0.9167": {
							"post": [0, 0, 0],
							"lerp_mode": "catmullrom"
						},
						"1.0833": {
							"post": [0, 0, 0],
							"lerp_mode": "catmullrom"
						}
					}
				}
			}
		},
		"run_end": {
			"animation_length": 0.625,
			"bones": {
				"root": {
					"rotation": {
						"0.0": {
							"post": [6.46, -37.29, 8.96],
							"lerp_mode": "catmullrom"
						},
						"0.0833": {
							"post": [8.14, -33.67, 9.81],
							"lerp_mode": "catmullrom"
						},
						"0.25": {
							"post": [-1, -2, -1],
							"lerp_mode": "catmullrom"
						},
						"0.4583": {
							"post": [1, -2.5, 5],
							"lerp_mode": "catmullrom"
						},
						"0.5417": {
							"post": [0, -2.5, 2.5],
							"lerp_mode": "catmullrom"
						},
						"0.625": {
							"post": [0, 0, 0],
							"lerp_mode": "catmullrom"
						}
					},
					"position": {
						"0.0": {
							"post": [1.17, -2.25, 0],
							"lerp_mode": "catmullrom"
						},
						"0.0833": {
							"post": [1, -2.62, 0],
							"lerp_mode": "catmullrom"
						},
						"0.25": {
							"post": [-0.25, -1.25, 0],
							"lerp_mode": "catmullrom"
						},
						"0.3333": {
							"post": [-0.75, -0.75, 0],
							"lerp_mode": "catmullrom"
						},
						"0.4583": {
							"post": [-0.75, -0.5, -0.5],
							"lerp_mode": "catmullrom"
						},
						"0.625": {
							"post": [0, 0, 0],
							"lerp_mode": "catmullrom"
						}
					}
				}
			}
		},
		"inspect": {
			"loop": "hold_on_last_frame",
			"animation_length": 6.9583,
			"bones": {
				"root": {
					"rotation": {
						"0.0": {
							"post": [0, 0, 0],
							"lerp_mode": "catmullrom"
						},
						"0.5417": {
							"post": [-4.31, -13.78, -59.57],
							"lerp_mode": "catmullrom"
						},
						"1.9167": [-3.6, -15.32, -62.45],
						"2.5833": {
							"pre": [-3.6, -17.82, -62.4],
							"post": [-3.6, -17.82, -62.4],
							"lerp_mode": "catmullrom"
						},
						"3.9583": {
							"post": [-3.61, -15.29, -50.11],
							"lerp_mode": "catmullrom"
						},
						"4.4583": {
							"post": [-11.91, 17.79, 79.66],
							"lerp_mode": "catmullrom"
						},
						"6.2917": {
							"post": [-9.5, 21.18, 81.04],
							"lerp_mode": "catmullrom"
						},
						"6.7083": {
							"post": [-0.62, 0.45, 9.02],
							"lerp_mode": "catmullrom"
						},
						"7.0833": {
							"post": [0, 0, 0],
							"lerp_mode": "catmullrom"
						}
					},
					"position": {
						"0.0": {
							"post": [0, 0, 0],
							"lerp_mode": "catmullrom"
						},
						"0.375": {
							"post": [2, -0.5, -1.5],
							"lerp_mode": "catmullrom"
						},
						"2.5833": {
							"post": [2, 0.5, -2.5],
							"lerp_mode": "catmullrom"
						},
						"3.9167": {
							"post": [1, -2.125, -2.5],
							"lerp_mode": "catmullrom"
						},
						"4.3333": {
							"post": [1, 0.38, -2],
							"lerp_mode": "catmullrom"
						},
						"6.2917": [1, 0.38, -2],
						"6.6667": [0.1875, -0.375, 0],
						"6.9583": [0, 0, 0]
					}
				},
				"lefthand": {
					"rotation": {
						"0.0": [97.57308, -36.58254, -147.98537],
						"0.25": [49.15418, -31.28151, -48.8045],
						"3.9167": [49.15418, -31.28151, -48.8045],
						"4.4167": [80.55499, -31.97941, -202.6067],
						"6.2917": [80.55499, -31.97941, -202.6067],
						"6.625": [97.57308, -36.58254, -147.98537]
					},
					"position": {
						"0.0": [8.6062, -13.4325, -8.44187],
						"0.25": [5.6062, -18.4325, -1.94187],
						"3.9167": [5.6062, -18.4325, -1.94187],
						"4.4167": [8.6062, -8.4325, -4.44187],
						"6.2917": [8.6062, -8.4325, -4.44187],
						"6.625": [8.6062, -13.4325, -8.44187]
					},
					"scale": [1, 1.5, 1]
				},
				"righthand": {
					"rotation": [99.05188, 15.0716, -167.92777],
					"position": [-7.8125, -12.7375, 7.18281],
					"scale": [1, 1.5, 1]
				},
				"camera": {
					"rotation": {
						"0.0": [0, 0, 0],
						"1.25": {
							"pre": [-0.5, 0, 0],
							"post": [-0.5, 0, 0],
							"lerp_mode": "catmullrom"
						},
						"2.5417": [13, 4, 0],
						"3.5": {
							"pre": [15.5, 1.5, 0],
							"post": [15.5, 1.5, 0],
							"lerp_mode": "catmullrom"
						},
						"4.3333": {
							"post": [5, 5, 0],
							"lerp_mode": "catmullrom"
						},
						"5.2917": {
							"post": [3.28, 0.72, 0],
							"lerp_mode": "catmullrom"
						},
						"6.25": {
							"post": [4, 0, 0],
							"lerp_mode": "catmullrom"
						},
						"6.7083": {
							"post": [0.5, -0.25, 0.25],
							"lerp_mode": "catmullrom"
						},
						"7.125": {
							"post": [0, 0, 0],
							"lerp_mode": "catmullrom"
						}
					}
				}
			}
		},
		"inspect_empty": {
			"loop": "hold_on_last_frame",
			"animation_length": 6.9583,
			"bones": {
				"root": {
					"rotation": {
						"0.0": {
							"post": [0, 0, 0],
							"lerp_mode": "catmullrom"
						},
						"0.5417": {
							"post": [-4.31, -13.78, -59.57],
							"lerp_mode": "catmullrom"
						},
						"1.9167": [-3.6, -15.32, -62.45],
						"2.5833": {
							"pre": [-3.6, -17.82, -62.4],
							"post": [-3.6, -17.82, -62.4],
							"lerp_mode": "catmullrom"
						},
						"3.9583": {
							"post": [-3.61, -15.29, -50.11],
							"lerp_mode": "catmullrom"
						},
						"4.4583": {
							"post": [-11.91, 17.79, 79.66],
							"lerp_mode": "catmullrom"
						},
						"6.2917": {
							"post": [-9.5, 21.18, 81.04],
							"lerp_mode": "catmullrom"
						},
						"6.7083": {
							"post": [-0.62, 0.45, 9.02],
							"lerp_mode": "catmullrom"
						},
						"7.0833": {
							"post": [0, 0, 0],
							"lerp_mode": "catmullrom"
						}
					},
					"position": {
						"0.0": {
							"post": [0, 0, 0],
							"lerp_mode": "catmullrom"
						},
						"0.375": {
							"post": [2, -0.5, -1.5],
							"lerp_mode": "catmullrom"
						},
						"2.5833": {
							"post": [2, 0.5, -2.5],
							"lerp_mode": "catmullrom"
						},
						"3.9167": {
							"post": [1, -2.125, -2.5],
							"lerp_mode": "catmullrom"
						},
						"4.3333": {
							"post": [1, 0.38, -2],
							"lerp_mode": "catmullrom"
						},
						"6.2917": [1, 0.38, -2],
						"6.6667": [0.1875, -0.375, 0],
						"6.9583": [0, 0, 0]
					}
				},
				"lefthand": {
					"rotation": {
						"0.0": [97.57308, -36.58254, -147.98537],
						"0.25": [49.15418, -31.28151, -48.8045],
						"3.9167": [49.15418, -31.28151, -48.8045],
						"4.4167": [80.55499, -31.97941, -202.6067],
						"6.2917": [80.55499, -31.97941, -202.6067],
						"6.625": [97.57308, -36.58254, -147.98537]
					},
					"position": {
						"0.0": [8.6062, -13.4325, -8.44187],
						"0.25": [5.6062, -18.4325, -1.94187],
						"3.9167": [5.6062, -18.4325, -1.94187],
						"4.4167": [8.6062, -8.4325, -4.44187],
						"6.2917": [8.6062, -8.4325, -4.44187],
						"6.625": [8.6062, -13.4325, -8.44187]
					},
					"scale": [1, 1.5, 1]
				},
				"righthand": {
					"rotation": [99.05188, 15.0716, -167.92777],
					"position": [-7.8125, -12.7375, 7.18281],
					"scale": [1, 1.5, 1]
				},
				"camera": {
					"rotation": {
						"0.0": [0, 0, 0],
						"1.25": {
							"pre": [-0.5, 0, 0],
							"post": [-0.5, 0, 0],
							"lerp_mode": "catmullrom"
						},
						"2.5417": [13, 4, 0],
						"3.5": {
							"pre": [15.5, 1.5, 0],
							"post": [15.5, 1.5, 0],
							"lerp_mode": "catmullrom"
						},
						"4.3333": {
							"post": [5, 5, 0],
							"lerp_mode": "catmullrom"
						},
						"5.2917": {
							"post": [3.28, 0.72, 0],
							"lerp_mode": "catmullrom"
						},
						"6.25": {
							"post": [4, 0, 0],
							"lerp_mode": "catmullrom"
						},
						"6.7083": {
							"post": [0.5, -0.25, 0.25],
							"lerp_mode": "catmullrom"
						},
						"7.125": {
							"post": [0, 0, 0],
							"lerp_mode": "catmullrom"
						}
					}
				}
			}
		}
	}
}