{
	"format_version": "1.8.0",
	"animations": {
		"static_idle": {
			"loop": true,
			"bones": {
				"lefthand": {
					"rotation": [126.62571, 6.60067, -260.36246],
					"position": [10.80151, -9.79187, -11.34031],
					"scale": [1, 1.5, 1]
				},
				"righthand": {
					"rotation": [99.05188, 15.0716, -167.92777],
					"position": [-6.86719, -11.95625, 6.9875],
					"scale": [1, 1.5, 1]
				},
				"laser_beam": {
					"position": [0, 0, 0],
					"scale": [1, 1, 0.01]
				},
				"ml_illuminated": {
					"scale": 0
				},
				"mr_illuminated": {
					"scale": 0
				},
				"rrl_illuminated": {
					"scale": 0
				},
				"rrr_illuminated": {
					"scale": 0
				}
			}
		},
		"run_start": {
			"animation_length": 0.1667,
			"bones": {
				"root": {
					"rotation": {
						"0.0": {
							"post": [0, 0, 0],
							"lerp_mode": "catmullrom"
						},
						"0.1667": {
							"post": [5.48, -31.62, 7.6],
							"lerp_mode": "catmullrom"
						}
					},
					"position": {
						"0.0": {
							"post": [0, 0, 0],
							"lerp_mode": "catmullrom"
						},
						"0.1667": {
							"post": [0.99, -0.91, 0],
							"lerp_mode": "catmullrom"
						}
					}
				}
			}
		},
		"run_hold": {
			"loop": true,
			"animation_length": 0.5833,
			"bones": {
				"root": {
					"rotation": [6.46, -37.29, 8.96],
					"position": [1.17, -2.25, 0]
				}
			}
		},
		"run": {
			"loop": true,
			"animation_length": 0.7917,
			"bones": {
				"root": {
					"rotation": {
						"0.0": {
							"post": [2.5, -40, 15],
							"lerp_mode": "catmullrom"
						},
						"0.125": {
							"post": [6.46, -37.29, 8.96],
							"lerp_mode": "catmullrom"
						},
						"0.25": {
							"post": [0, -20, 12.5],
							"lerp_mode": "catmullrom"
						},
						"0.375": {
							"post": [3.5, -18.5, 4.5],
							"lerp_mode": "catmullrom"
						},
						"0.5": {
							"post": [1.46, -22.29, 13.96],
							"lerp_mode": "catmullrom"
						},
						"0.6667": {
							"post": [1.5, -41, 15],
							"lerp_mode": "catmullrom"
						},
						"0.7917": {
							"post": [2.5, -40, 15],
							"lerp_mode": "catmullrom"
						}
					},
					"position": {
						"0.0": {
							"post": [3, -0.25, 0],
							"lerp_mode": "catmullrom"
						},
						"0.125": {
							"post": [1.17, -1.25, 0],
							"lerp_mode": "catmullrom"
						},
						"0.25": {
							"post": [1, -0.25, 0],
							"lerp_mode": "catmullrom"
						},
						"0.375": {
							"post": [2, -0.25, 0],
							"lerp_mode": "catmullrom"
						},
						"0.5": {
							"post": [1.7, -1.25, 0],
							"lerp_mode": "catmullrom"
						},
						"0.6667": {
							"post": [3, 0, 0],
							"lerp_mode": "catmullrom"
						},
						"0.7917": {
							"post": [3, -0.25, 0],
							"lerp_mode": "catmullrom"
						}
					}
				}
			}
		},
		"run_end": {
			"animation_length": 0.625,
			"bones": {
				"root": {
					"rotation": {
						"0.0": {
							"post": [6.46, -37.29, 8.96],
							"lerp_mode": "catmullrom"
						},
						"0.0833": {
							"post": [8.14, -33.67, 9.81],
							"lerp_mode": "catmullrom"
						},
						"0.25": {
							"post": [-1, -2, -1],
							"lerp_mode": "catmullrom"
						},
						"0.4583": {
							"post": [1, -2.5, 5],
							"lerp_mode": "catmullrom"
						},
						"0.5417": {
							"post": [0, -2.5, 2.5],
							"lerp_mode": "catmullrom"
						},
						"0.625": {
							"post": [0, 0, 0],
							"lerp_mode": "catmullrom"
						}
					},
					"position": {
						"0.0": {
							"post": [1.17, -1.25, 0],
							"lerp_mode": "catmullrom"
						},
						"0.0833": {
							"post": [1, -1.62, 0],
							"lerp_mode": "catmullrom"
						},
						"0.25": {
							"post": [-0.25, -0.75, 0],
							"lerp_mode": "catmullrom"
						},
						"0.3333": {
							"post": [-0.75, -0.75, 0],
							"lerp_mode": "catmullrom"
						},
						"0.4583": {
							"post": [-0.75, -0.5, -0.5],
							"lerp_mode": "catmullrom"
						},
						"0.625": {
							"post": [0, 0, 0],
							"lerp_mode": "catmullrom"
						}
					}
				}
			}
		},
		"put_away": {
			"animation_length": 0.4167,
			"bones": {
				"root": {
					"rotation": {
						"0.0": {
							"post": [0, 0, 0],
							"lerp_mode": "catmullrom"
						},
						"0.125": {
							"post": [-1.5, -7, 10],
							"lerp_mode": "catmullrom"
						},
						"0.2083": {
							"post": [3.57, 11.59, 13.58],
							"lerp_mode": "catmullrom"
						},
						"0.375": [41.5, 9, 17]
					},
					"position": {
						"0.0": {
							"post": [0, 0, 0],
							"lerp_mode": "catmullrom"
						},
						"0.125": {
							"post": [-1, -1, 0],
							"lerp_mode": "catmullrom"
						},
						"0.375": [-9, -10, 0]
					}
				},
				"lefthand": {
					"rotation": {
						"0.0": [126.62571, 6.60067, -260.36246],
						"0.2083": [129.4974, -21.29143, -281.90881]
					},
					"position": {
						"0.0": [10.80151, -9.79187, -11.34031],
						"0.2083": [22.8, -17.79, -11.34]
					},
					"scale": [1, 1.5, 1]
				},
				"righthand": {
					"rotation": [99.05188, 15.0716, -167.92777],
					"position": [-6.86719, -11.95625, 6.9875],
					"scale": [1, 1.5, 1]
				},
				"camera": {
					"rotation": {
						"0.0": [0, 0, 0],
						"0.0417": [0.05, 0, -0.04],
						"0.0833": [0.22, 0, -0.13],
						"0.125": [0.3, 0, -0.12],
						"0.1667": [0.43, 0, 0],
						"0.2083": [0.56, 0, 0.18],
						"0.25": [0.64, 0, 0.29],
						"0.2917": [0.59, 0, 0.22],
						"0.3333": [0.5, 0, 0.15],
						"0.4167": [0, 0, 0]
					}
				},
				"grip": {
					"rotation": {
						"0.0": {
							"post": [0, 0, 0],
							"lerp_mode": "catmullrom"
						},
						"0.1667": {
							"post": [0, -54.5, 0],
							"lerp_mode": "catmullrom"
						}
					},
					"position": {
						"0.0": {
							"post": [0, 0, 0],
							"lerp_mode": "catmullrom"
						},
						"0.1667": {
							"post": [0.375, 0, -1.0625],
							"lerp_mode": "catmullrom"
						}
					}
				},
				"rear_left": {
					"rotation": {
						"0.0": {
							"post": [0, 0, 0],
							"lerp_mode": "catmullrom"
						},
						"0.2083": {
							"post": [0, 2.5, 10],
							"lerp_mode": "catmullrom"
						}
					},
					"position": {
						"0.0": {
							"post": [0, 0, 0],
							"lerp_mode": "catmullrom"
						},
						"0.2083": {
							"post": [-0.5, -0.25, -1.5],
							"lerp_mode": "catmullrom"
						}
					}
				},
				"rear_right": {
					"rotation": {
						"0.0": {
							"post": [0, 0, 0],
							"lerp_mode": "catmullrom"
						},
						"0.2083": {
							"post": [0, -2.5, -10],
							"lerp_mode": "catmullrom"
						}
					},
					"position": {
						"0.0": {
							"post": [0, 0, 0],
							"lerp_mode": "catmullrom"
						},
						"0.2083": {
							"post": [0.5, -0.25, -1.5],
							"lerp_mode": "catmullrom"
						}
					}
				},
				"mid_left": {
					"rotation": {
						"0.0": {
							"post": [0, 0, 0],
							"lerp_mode": "catmullrom"
						},
						"0.2083": {
							"post": [12.5, -20, 47.5],
							"lerp_mode": "catmullrom"
						}
					},
					"position": {
						"0.0": {
							"post": [0, 0, 0],
							"lerp_mode": "catmullrom"
						},
						"0.2083": {
							"post": [-3, -1, 5.125],
							"lerp_mode": "catmullrom"
						}
					}
				},
				"mid_right": {
					"rotation": {
						"0.0": {
							"post": [0, 0, 0],
							"lerp_mode": "catmullrom"
						},
						"0.2083": {
							"post": [12.5, 20, -47.5],
							"lerp_mode": "catmullrom"
						}
					},
					"position": {
						"0.0": {
							"post": [0, 0, 0],
							"lerp_mode": "catmullrom"
						},
						"0.2083": {
							"post": [3, -1, 5.125],
							"lerp_mode": "catmullrom"
						}
					}
				},
				"fwd_left": {
					"rotation": {
						"0.0": {
							"post": [0, 0, 0],
							"lerp_mode": "catmullrom"
						},
						"0.2083": {
							"post": [-172.5, 0, 0],
							"lerp_mode": "catmullrom"
						}
					},
					"position": {
						"0.0": {
							"post": [0, 0, 0],
							"lerp_mode": "catmullrom"
						},
						"0.2083": {
							"post": [-1, 1.8125, 5],
							"lerp_mode": "catmullrom"
						}
					}
				},
				"fwd_right": {
					"rotation": {
						"0.0": {
							"post": [0, 0, 0],
							"lerp_mode": "catmullrom"
						},
						"0.2083": {
							"post": [-172.5, 0, 0],
							"lerp_mode": "catmullrom"
						}
					},
					"position": {
						"0.0": {
							"post": [0, 0, 0],
							"lerp_mode": "catmullrom"
						},
						"0.2083": {
							"post": [1, 1.8125, 5],
							"lerp_mode": "catmullrom"
						}
					}
				}
			}
		},
		"reload_tactical": {
			"animation_length": 2.6667,
			"bones": {
				"root": {
					"rotation": {
						"0.0": {
							"post": [0, 0, 0],
							"lerp_mode": "catmullrom"
						},
						"0.1333": [-44, 19, -17.5],
						"0.2": [-46.5, 16.5, -17.5],
						"0.2667": [-51.5, 19, -17.5],
						"0.3": {
							"pre": [-47.01, 21, -16],
							"post": [-47.01, 21, -16],
							"lerp_mode": "catmullrom"
						},
						"0.3333": [-49.52, 23.5, -16],
						"0.4333": {
							"pre": [-46.5, 21.5, -17.5],
							"post": [-46.5, 21.5, -17.5],
							"lerp_mode": "catmullrom"
						},
						"0.7": {
							"post": [-44.24, 18.63, -17.69],
							"lerp_mode": "catmullrom"
						},
						"1.2": {
							"post": [-43.73, 18.57, -20.5],
							"lerp_mode": "catmullrom"
						},
						"2.0333": {
							"post": [-50.18, 18.73, -18.55],
							"lerp_mode": "catmullrom"
						},
						"2.0667": {
							"post": [-47.87, 16.09, -18.6],
							"lerp_mode": "catmullrom"
						},
						"2.1333": {
							"post": [-46.5, 19, -17.5],
							"lerp_mode": "catmullrom"
						},
						"2.3667": {
							"post": [-44, 3, -17.5],
							"lerp_mode": "catmullrom"
						},
						"2.5333": {
							"post": [-2.5, -2.5, -2.5],
							"lerp_mode": "catmullrom"
						},
						"2.6667": {
							"post": [0, 0, 0],
							"lerp_mode": "catmullrom"
						}
					},
					"position": {
						"0.0": {
							"post": [0, 0, 0],
							"lerp_mode": "catmullrom"
						},
						"0.1333": [-3.5, -4.25, -1],
						"0.2": [-3.5, -4.25, -1],
						"0.2667": {
							"pre": [-3, -5, -1],
							"post": [-3, -5, -1],
							"lerp_mode": "catmullrom"
						},
						"0.3": {
							"post": [-2.75, -5.25, -1],
							"lerp_mode": "catmullrom"
						},
						"1.2": {
							"post": [-2.69, -6.31, -1.04],
							"lerp_mode": "catmullrom"
						},
						"2.0333": {
							"post": [-2.53, -5.51, -1.31],
							"lerp_mode": "catmullrom"
						},
						"2.0667": {
							"post": [-3.04, -5.51, -1.81],
							"lerp_mode": "catmullrom"
						},
						"2.2": {
							"post": [-3, -5, -1],
							"lerp_mode": "catmullrom"
						},
						"2.3667": {
							"post": [-3, -5, -1],
							"lerp_mode": "catmullrom"
						},
						"2.5333": {
							"post": [-1, -1, 0],
							"lerp_mode": "catmullrom"
						},
						"2.6667": {
							"post": [0, 0, 0],
							"lerp_mode": "catmullrom"
						}
					}
				},
				"lefthand": {
					"rotation": {
						"0.0": [126.62571, 6.60067, -260.36246],
						"0.1333": [110.63, 6.6, -260.36],
						"2.3667": [110.63, 6.6, -260.36],
						"2.5333": [126.62571, 6.60067, -260.36246]
					},
					"position": {
						"0.0": [10.80151, -9.79187, -11.34031],
						"0.1333": [10.8, -9.79, -11.34],
						"2.3667": [10.8, -9.79, -11.34],
						"2.5333": [10.80151, -9.79187, -11.34031]
					},
					"scale": [1, 1.5, 1]
				},
				"righthand": {
					"rotation": [99.05188, 15.0716, -167.92777],
					"position": [-6.86719, -11.95625, 6.9875],
					"scale": [1, 1.5, 1]
				},
				"mag_and_lefthand": {
					"position": {
						"0.0": [0, 0, 0],
						"0.2": [0, 0, 0],
						"0.2667": [0, 0, 3],
						"1.9667": [0, 0, 3],
						"2.0333": [0, 0, 0]
					}
				},
				"top": {
					"rotation": {
						"0.2333": [0, 0, 0],
						"0.3": [5, 0, 0],
						"2.0667": [5, 0, 0],
						"2.1333": [0, 0, 0]
					},
					"position": {
						"0.2333": [0, 0, 0],
						"0.3": [0, 1, 5],
						"2.0667": [0, 1, 5],
						"2.1333": [0, 0, 0]
					}
				},
				"core": {
					"rotation": {
						"0.0": [0, 0, 0],
						"0.0333": {
							"pre": [0, 0, 0],
							"post": [0, 0, 2400]
						},
						"0.3": {
							"pre": [0, 0, 2400],
							"post": [0, 0, 2400],
							"lerp_mode": "catmullrom"
						},
						"1.6333": {
							"post": [0, 0, 180],
							"lerp_mode": "catmullrom"
						},
						"2.2": {
							"post": [0, 0, 0],
							"lerp_mode": "catmullrom"
						}
					}
				},
				"mid_left": {
					"rotation": {
						"0.2667": [0, 0, 0],
						"0.3333": {
							"pre": [-37.5, -20, 47.5],
							"post": [-37.5, -20, 47.5],
							"lerp_mode": "catmullrom"
						},
						"2.0667": {
							"post": [-37.5, -20, 47.5],
							"lerp_mode": "catmullrom"
						},
						"2.1333": [0, 0, 0]
					},
					"position": {
						"0.2667": [0, 0, 0],
						"0.3333": {
							"pre": [-2, 0, 1.125],
							"post": [-2, 0, 1.125],
							"lerp_mode": "catmullrom"
						},
						"2.0667": {
							"post": [-2, 0, 1.125],
							"lerp_mode": "catmullrom"
						},
						"2.1333": [0, 0, 0]
					}
				},
				"grip": {
					"rotation": {
						"0.2": [0, 0, 0],
						"0.2667": [0, -27.5, 0],
						"1.9667": [0, -27.5, 0],
						"2.0333": [0, 0, 0]
					},
					"position": {
						"0.2": [0, 0, 0],
						"0.2667": [1.25, 0, -2.5],
						"1.9667": [1.25, 0, -2.5],
						"2.0333": [0, 0, 0]
					}
				},
				"grip_illuminated": {
					"position": {
						"0.2": [0, 0, 0],
						"0.2667": [0, 0, -0.5],
						"1.9667": [0, 0, -0.5],
						"2.0333": [0, 0, 0]
					}
				},
				"rear_left": {
					"rotation": {
						"0.2": {
							"pre": [0, 0, 0],
							"post": [0, 0, 0],
							"lerp_mode": "catmullrom"
						},
						"0.2667": {
							"post": [-27.5, 1.25, -10],
							"lerp_mode": "catmullrom"
						},
						"2.0667": {
							"post": [-27.5, 1.25, -10],
							"lerp_mode": "catmullrom"
						},
						"2.1667": {
							"post": [0, 0, 0],
							"lerp_mode": "catmullrom"
						}
					},
					"position": {
						"0.2": {
							"pre": [0, 0, 0],
							"post": [0, 0, 0],
							"lerp_mode": "catmullrom"
						},
						"0.2667": {
							"post": [-0.25, -0.12, -0.25],
							"lerp_mode": "catmullrom"
						},
						"2.0667": {
							"post": [-0.25, -0.12, -0.25],
							"lerp_mode": "catmullrom"
						},
						"2.1667": {
							"post": [0, 0, 0],
							"lerp_mode": "catmullrom"
						}
					}
				},
				"rear_right": {
					"rotation": {
						"0.2": {
							"pre": [0, 0, 0],
							"post": [0, 0, 0],
							"lerp_mode": "catmullrom"
						},
						"0.2667": {
							"post": [-27.5, 1.25, 10],
							"lerp_mode": "catmullrom"
						},
						"2.0667": {
							"post": [-27.5, 1.25, 10],
							"lerp_mode": "catmullrom"
						},
						"2.1667": {
							"post": [0, 0, 0],
							"lerp_mode": "catmullrom"
						}
					},
					"position": {
						"0.2": {
							"pre": [0, 0, 0],
							"post": [0, 0, 0],
							"lerp_mode": "catmullrom"
						},
						"0.2667": {
							"post": [0.25, -0.12, -0.25],
							"lerp_mode": "catmullrom"
						},
						"2.0667": {
							"post": [0.25, -0.12, -0.25],
							"lerp_mode": "catmullrom"
						},
						"2.1667": {
							"post": [0, 0, 0],
							"lerp_mode": "catmullrom"
						}
					}
				},
				"mid_right": {
					"rotation": {
						"0.2667": [0, 0, 0],
						"0.3333": {
							"pre": [-37.5, 20, -47.5],
							"post": [-37.5, 20, -47.5],
							"lerp_mode": "catmullrom"
						},
						"2.0667": {
							"post": [-37.5, 20, -47.5],
							"lerp_mode": "catmullrom"
						},
						"2.1333": [0, 0, 0]
					},
					"position": {
						"0.2667": [0, 0, 0],
						"0.3333": {
							"pre": [2, 0, 1.125],
							"post": [2, 0, 1.125],
							"lerp_mode": "catmullrom"
						},
						"2.0667": {
							"post": [2, 0, 1.125],
							"lerp_mode": "catmullrom"
						},
						"2.1333": [0, 0, 0]
					}
				},
				"fwd_left": {
					"rotation": {
						"0.2": {
							"pre": [0, 0, 0],
							"post": [0, 0, 0],
							"lerp_mode": "catmullrom"
						},
						"0.2667": {
							"post": [0, -22.5, 0],
							"lerp_mode": "catmullrom"
						},
						"2.0667": {
							"post": [0, -22.5, 0],
							"lerp_mode": "catmullrom"
						},
						"2.1333": {
							"post": [0, 0, 0],
							"lerp_mode": "catmullrom"
						}
					}
				},
				"fwd_right": {
					"rotation": {
						"0.2": {
							"pre": [0, 0, 0],
							"post": [0, 0, 0],
							"lerp_mode": "catmullrom"
						},
						"0.2667": {
							"post": [0, 22.5, 0],
							"lerp_mode": "catmullrom"
						},
						"2.0667": {
							"post": [0, 22.5, 0],
							"lerp_mode": "catmullrom"
						},
						"2.1333": {
							"post": [0, 0, 0],
							"lerp_mode": "catmullrom"
						}
					}
				},
				"constraint": {
					"rotation": {
						"2.5333": [0.1, 0.1, 0.1],
						"2.6333": [0, 0, 0]
					},
					"position": {
						"2.5333": [0, 0.2, 0.2],
						"2.6333": [0, 0, 0]
					}
				},
				"camera": {
					"rotation": {
						"0.0": {
							"post": [0, 0, 0],
							"lerp_mode": "catmullrom"
						},
						"0.2": {
							"post": [-0.5, 0, 0],
							"lerp_mode": "catmullrom"
						},
						"0.2667": {
							"post": [0.75, -0.25, 0.5],
							"lerp_mode": "catmullrom"
						},
						"0.3": {
							"post": [0.25, 0.25, -0.25],
							"lerp_mode": "catmullrom"
						},
						"1.0667": {
							"post": [0.5, 0.5, 0.25],
							"lerp_mode": "catmullrom"
						},
						"2.0": {
							"post": [0, 0.25, 0.25],
							"lerp_mode": "catmullrom"
						},
						"2.0667": {
							"post": [-0.75, 0.25, 1],
							"lerp_mode": "catmullrom"
						},
						"2.1": {
							"post": [-0.25, -0.25, 0.25],
							"lerp_mode": "catmullrom"
						},
						"2.3333": {
							"post": [0.5, 0.25, -0.25],
							"lerp_mode": "catmullrom"
						},
						"2.5667": {
							"post": [0, 0, 0],
							"lerp_mode": "catmullrom"
						}
					}
				}
			},
			"sound_effects": {
				"0.1667": {
					"effect": "halor6:sentinel_beam_h5/oh_in"
				},
				"0.2667": {
					"effect": "halor6:sentinel_beam_h5/oh_loop"
				},
				"1.9333": {
					"effect": "halor6:sentinel_beam_h5/oh_out"
				}
			}
		},
		"reload_empty": {
			"animation_length": 2.6667,
			"bones": {
				"root": {
					"rotation": {
						"0.0": {
							"post": [0, 0, 0],
							"lerp_mode": "catmullrom"
						},
						"0.1333": [-44, 19, -17.5],
						"0.2": [-46.5, 16.5, -17.5],
						"0.2667": [-51.5, 19, -17.5],
						"0.3": {
							"pre": [-47.01, 21, -16],
							"post": [-47.01, 21, -16],
							"lerp_mode": "catmullrom"
						},
						"0.3333": [-49.52, 23.5, -16],
						"0.4333": {
							"pre": [-46.5, 21.5, -17.5],
							"post": [-46.5, 21.5, -17.5],
							"lerp_mode": "catmullrom"
						},
						"0.7": {
							"post": [-44.24, 18.63, -17.69],
							"lerp_mode": "catmullrom"
						},
						"1.2": {
							"post": [-43.73, 18.57, -20.5],
							"lerp_mode": "catmullrom"
						},
						"2.0333": {
							"post": [-50.18, 18.73, -18.55],
							"lerp_mode": "catmullrom"
						},
						"2.0667": {
							"post": [-47.87, 16.09, -18.6],
							"lerp_mode": "catmullrom"
						},
						"2.1333": {
							"post": [-46.5, 19, -17.5],
							"lerp_mode": "catmullrom"
						},
						"2.3667": {
							"post": [-44, 3, -17.5],
							"lerp_mode": "catmullrom"
						},
						"2.5333": {
							"post": [-2.5, -2.5, -2.5],
							"lerp_mode": "catmullrom"
						},
						"2.6667": {
							"post": [0, 0, 0],
							"lerp_mode": "catmullrom"
						}
					},
					"position": {
						"0.0": {
							"post": [0, 0, 0],
							"lerp_mode": "catmullrom"
						},
						"0.1333": [-3.5, -4.25, -1],
						"0.2": [-3.5, -4.25, -1],
						"0.2667": {
							"pre": [-3, -5, -1],
							"post": [-3, -5, -1],
							"lerp_mode": "catmullrom"
						},
						"0.3": {
							"post": [-2.75, -5.25, -1],
							"lerp_mode": "catmullrom"
						},
						"1.2": {
							"post": [-2.69, -6.31, -1.04],
							"lerp_mode": "catmullrom"
						},
						"2.0333": {
							"post": [-2.53, -5.51, -1.31],
							"lerp_mode": "catmullrom"
						},
						"2.0667": {
							"post": [-3.04, -5.51, -1.81],
							"lerp_mode": "catmullrom"
						},
						"2.2": {
							"post": [-3, -5, -1],
							"lerp_mode": "catmullrom"
						},
						"2.3667": {
							"post": [-3, -5, -1],
							"lerp_mode": "catmullrom"
						},
						"2.5333": {
							"post": [-1, -1, 0],
							"lerp_mode": "catmullrom"
						},
						"2.6667": {
							"post": [0, 0, 0],
							"lerp_mode": "catmullrom"
						}
					}
				},
				"lefthand": {
					"rotation": {
						"0.0": [126.62571, 6.60067, -260.36246],
						"0.1333": [110.63, 6.6, -260.36],
						"2.3667": [110.63, 6.6, -260.36],
						"2.5333": [126.62571, 6.60067, -260.36246]
					},
					"position": {
						"0.0": [10.80151, -9.79187, -11.34031],
						"0.1333": [10.8, -9.79, -11.34],
						"2.3667": [10.8, -9.79, -11.34],
						"2.5333": [10.80151, -9.79187, -11.34031]
					},
					"scale": [1, 1.5, 1]
				},
				"righthand": {
					"rotation": [99.05188, 15.0716, -167.92777],
					"position": [-6.86719, -11.95625, 6.9875],
					"scale": [1, 1.5, 1]
				},
				"mag_and_lefthand": {
					"position": {
						"0.0": [0, 0, 0],
						"0.2": [0, 0, 0],
						"0.2667": [0, 0, 3],
						"1.9667": [0, 0, 3],
						"2.0333": [0, 0, 0]
					}
				},
				"top": {
					"rotation": {
						"0.2333": [0, 0, 0],
						"0.3": [5, 0, 0],
						"2.0667": [5, 0, 0],
						"2.1333": [0, 0, 0]
					},
					"position": {
						"0.2333": [0, 0, 0],
						"0.3": [0, 1, 5],
						"2.0667": [0, 1, 5],
						"2.1333": [0, 0, 0]
					}
				},
				"core": {
					"rotation": {
						"0.0": [0, 0, 0],
						"0.0333": {
							"pre": [0, 0, 0],
							"post": [0, 0, 2400]
						},
						"0.3": {
							"pre": [0, 0, 2400],
							"post": [0, 0, 2400],
							"lerp_mode": "catmullrom"
						},
						"1.6333": {
							"post": [0, 0, 180],
							"lerp_mode": "catmullrom"
						},
						"2.2": {
							"post": [0, 0, 0],
							"lerp_mode": "catmullrom"
						}
					}
				},
				"mid_left": {
					"rotation": {
						"0.2667": [0, 0, 0],
						"0.3333": {
							"pre": [-37.5, -20, 47.5],
							"post": [-37.5, -20, 47.5],
							"lerp_mode": "catmullrom"
						},
						"2.0667": {
							"post": [-37.5, -20, 47.5],
							"lerp_mode": "catmullrom"
						},
						"2.1333": [0, 0, 0]
					},
					"position": {
						"0.2667": [0, 0, 0],
						"0.3333": {
							"pre": [-2, 0, 1.125],
							"post": [-2, 0, 1.125],
							"lerp_mode": "catmullrom"
						},
						"2.0667": {
							"post": [-2, 0, 1.125],
							"lerp_mode": "catmullrom"
						},
						"2.1333": [0, 0, 0]
					}
				},
				"grip": {
					"rotation": {
						"0.2": [0, 0, 0],
						"0.2667": [0, -27.5, 0],
						"1.9667": [0, -27.5, 0],
						"2.0333": [0, 0, 0]
					},
					"position": {
						"0.2": [0, 0, 0],
						"0.2667": [1.25, 0, -2.5],
						"1.9667": [1.25, 0, -2.5],
						"2.0333": [0, 0, 0]
					}
				},
				"grip_illuminated": {
					"position": {
						"0.2": [0, 0, 0],
						"0.2667": [0, 0, -0.5],
						"1.9667": [0, 0, -0.5],
						"2.0333": [0, 0, 0]
					}
				},
				"rear_left": {
					"rotation": {
						"0.2": {
							"pre": [0, 0, 0],
							"post": [0, 0, 0],
							"lerp_mode": "catmullrom"
						},
						"0.2667": {
							"post": [-27.5, 1.25, -10],
							"lerp_mode": "catmullrom"
						},
						"2.0667": {
							"post": [-27.5, 1.25, -10],
							"lerp_mode": "catmullrom"
						},
						"2.1667": {
							"post": [0, 0, 0],
							"lerp_mode": "catmullrom"
						}
					},
					"position": {
						"0.2": {
							"pre": [0, 0, 0],
							"post": [0, 0, 0],
							"lerp_mode": "catmullrom"
						},
						"0.2667": {
							"post": [-0.25, -0.12, -0.25],
							"lerp_mode": "catmullrom"
						},
						"2.0667": {
							"post": [-0.25, -0.12, -0.25],
							"lerp_mode": "catmullrom"
						},
						"2.1667": {
							"post": [0, 0, 0],
							"lerp_mode": "catmullrom"
						}
					}
				},
				"rear_right": {
					"rotation": {
						"0.2": {
							"pre": [0, 0, 0],
							"post": [0, 0, 0],
							"lerp_mode": "catmullrom"
						},
						"0.2667": {
							"post": [-27.5, 1.25, 10],
							"lerp_mode": "catmullrom"
						},
						"2.0667": {
							"post": [-27.5, 1.25, 10],
							"lerp_mode": "catmullrom"
						},
						"2.1667": {
							"post": [0, 0, 0],
							"lerp_mode": "catmullrom"
						}
					},
					"position": {
						"0.2": {
							"pre": [0, 0, 0],
							"post": [0, 0, 0],
							"lerp_mode": "catmullrom"
						},
						"0.2667": {
							"post": [0.25, -0.12, -0.25],
							"lerp_mode": "catmullrom"
						},
						"2.0667": {
							"post": [0.25, -0.12, -0.25],
							"lerp_mode": "catmullrom"
						},
						"2.1667": {
							"post": [0, 0, 0],
							"lerp_mode": "catmullrom"
						}
					}
				},
				"mid_right": {
					"rotation": {
						"0.2667": [0, 0, 0],
						"0.3333": {
							"pre": [-37.5, 20, -47.5],
							"post": [-37.5, 20, -47.5],
							"lerp_mode": "catmullrom"
						},
						"2.0667": {
							"post": [-37.5, 20, -47.5],
							"lerp_mode": "catmullrom"
						},
						"2.1333": [0, 0, 0]
					},
					"position": {
						"0.2667": [0, 0, 0],
						"0.3333": {
							"pre": [2, 0, 1.125],
							"post": [2, 0, 1.125],
							"lerp_mode": "catmullrom"
						},
						"2.0667": {
							"post": [2, 0, 1.125],
							"lerp_mode": "catmullrom"
						},
						"2.1333": [0, 0, 0]
					}
				},
				"fwd_left": {
					"rotation": {
						"0.2": {
							"pre": [0, 0, 0],
							"post": [0, 0, 0],
							"lerp_mode": "catmullrom"
						},
						"0.2667": {
							"post": [0, -22.5, 0],
							"lerp_mode": "catmullrom"
						},
						"2.0667": {
							"post": [0, -22.5, 0],
							"lerp_mode": "catmullrom"
						},
						"2.1333": {
							"post": [0, 0, 0],
							"lerp_mode": "catmullrom"
						}
					}
				},
				"fwd_right": {
					"rotation": {
						"0.2": {
							"pre": [0, 0, 0],
							"post": [0, 0, 0],
							"lerp_mode": "catmullrom"
						},
						"0.2667": {
							"post": [0, 22.5, 0],
							"lerp_mode": "catmullrom"
						},
						"2.0667": {
							"post": [0, 22.5, 0],
							"lerp_mode": "catmullrom"
						},
						"2.1333": {
							"post": [0, 0, 0],
							"lerp_mode": "catmullrom"
						}
					}
				},
				"constraint": {
					"rotation": {
						"2.5333": [0.1, 0.1, 0.1],
						"2.6333": [0, 0, 0]
					},
					"position": {
						"2.5333": [0, 0.2, 0.2],
						"2.6333": [0, 0, 0]
					}
				},
				"camera": {
					"rotation": {
						"0.0": {
							"post": [0, 0, 0],
							"lerp_mode": "catmullrom"
						},
						"0.2": {
							"post": [-0.5, 0, 0],
							"lerp_mode": "catmullrom"
						},
						"0.2667": {
							"post": [0.75, -0.25, 0.5],
							"lerp_mode": "catmullrom"
						},
						"0.3": {
							"post": [0.25, 0.25, -0.25],
							"lerp_mode": "catmullrom"
						},
						"1.0667": {
							"post": [0.5, 0.5, 0.25],
							"lerp_mode": "catmullrom"
						},
						"2.0": {
							"post": [0, 0.25, 0.25],
							"lerp_mode": "catmullrom"
						},
						"2.0667": {
							"post": [-0.75, 0.25, 1],
							"lerp_mode": "catmullrom"
						},
						"2.1": {
							"post": [-0.25, -0.25, 0.25],
							"lerp_mode": "catmullrom"
						},
						"2.3333": {
							"post": [0.5, 0.25, -0.25],
							"lerp_mode": "catmullrom"
						},
						"2.5667": {
							"post": [0, 0, 0],
							"lerp_mode": "catmullrom"
						}
					}
				}
			},
			"sound_effects": {
				"0.1667": {
					"effect": "halor6:sentinel_beam_h5/oh_in"
				},
				"0.2667": {
					"effect": "halor6:sentinel_beam_h5/oh_loop"
				},
				"1.9333": {
					"effect": "halor6:sentinel_beam_h5/oh_out"
				}
			}
		},
		"draw": {
			"animation_length": 0.5667,
			"bones": {
				"root": {
					"rotation": {
						"0.0": {
							"post": [30, -2.5, 2.5],
							"lerp_mode": "catmullrom"
						},
						"0.1333": {
							"post": [10, 0, -7.5],
							"lerp_mode": "catmullrom"
						},
						"0.3": {
							"post": [-7.5, 0, -7.5],
							"lerp_mode": "catmullrom"
						},
						"0.4667": {
							"post": [2.5, -2.5, 0],
							"lerp_mode": "catmullrom"
						},
						"0.5667": {
							"post": [0, 0, 0],
							"lerp_mode": "catmullrom"
						}
					},
					"position": {
						"0.0": {
							"post": [-2, -8, 0],
							"lerp_mode": "catmullrom"
						},
						"0.1333": {
							"post": [-2, -1, -1],
							"lerp_mode": "catmullrom"
						},
						"0.3": {
							"post": [-2, 0.5, -1],
							"lerp_mode": "catmullrom"
						},
						"0.4667": {
							"post": [0, -0.5, 0],
							"lerp_mode": "catmullrom"
						},
						"0.5667": {
							"post": [0, 0, 0],
							"lerp_mode": "catmullrom"
						}
					}
				},
				"lefthand": {
					"rotation": {
						"0.2": {
							"pre": [54.18391, -29.42595, -211.90785],
							"post": [54.18391, -29.42595, -211.90785],
							"lerp_mode": "catmullrom"
						},
						"0.3": {
							"post": [94.13, -8.4, -235.36],
							"lerp_mode": "catmullrom"
						},
						"0.3667": {
							"post": [126.63, 6.6, -235.36],
							"lerp_mode": "catmullrom"
						},
						"0.4667": {
							"post": [126.62571, 6.60067, -260.36246],
							"lerp_mode": "catmullrom"
						}
					},
					"position": {
						"0.2": {
							"pre": [18.8, -27.79, -12.34],
							"post": [18.8, -27.79, -12.34],
							"lerp_mode": "catmullrom"
						},
						"0.3": {
							"post": [17.8, -12.79, -11.34],
							"lerp_mode": "catmullrom"
						},
						"0.3667": {
							"post": [17.8, -8.79, -11.34],
							"lerp_mode": "catmullrom"
						},
						"0.4667": {
							"post": [10.80151, -9.79187, -11.34031],
							"lerp_mode": "catmullrom"
						}
					},
					"scale": [1, 1.5, 1]
				},
				"righthand": {
					"rotation": [99.05188, 15.0716, -167.92777],
					"position": [-6.86719, -11.95625, 6.9875],
					"scale": [1, 1.5, 1]
				},
				"camera": {
					"rotation": {
						"0.0333": {
							"pre": [0, 0, 0],
							"post": [0, 0, 0],
							"lerp_mode": "catmullrom"
						},
						"0.1333": {
							"post": [-0.5, 0.25, -0.25],
							"lerp_mode": "catmullrom"
						},
						"0.3": {
							"post": [-1, 0.5, -0.5],
							"lerp_mode": "catmullrom"
						},
						"0.4333": {
							"post": [1, -0.25, -0.25],
							"lerp_mode": "catmullrom"
						},
						"0.5667": {
							"post": [0, 0, 0],
							"lerp_mode": "catmullrom"
						}
					}
				},
				"grip": {
					"rotation": {
						"0.2333": {
							"pre": [0, -54.5, 0],
							"post": [0, -54.5, 0],
							"lerp_mode": "catmullrom"
						},
						"0.3667": {
							"post": [0, 20, 0],
							"lerp_mode": "catmullrom"
						},
						"0.4333": {
							"post": [0, 0, 0],
							"lerp_mode": "catmullrom"
						}
					},
					"position": {
						"0.2333": {
							"pre": [0.375, 0, -1.0625],
							"post": [0.375, 0, -1.0625],
							"lerp_mode": "catmullrom"
						},
						"0.3667": {
							"post": [0, 0, 0],
							"lerp_mode": "catmullrom"
						},
						"0.4333": {
							"post": [0, 0, 0],
							"lerp_mode": "catmullrom"
						}
					}
				},
				"grip_illuminated": {
					"position": {
						"0.3": [0, 0, 0.4375],
						"0.4333": [0, 0, 0]
					}
				},
				"rear_left": {
					"rotation": {
						"0.1667": {
							"pre": [0, 2.5, 10],
							"post": [0, 2.5, 10],
							"lerp_mode": "catmullrom"
						},
						"0.2333": {
							"post": [2.5, 1.25, -10],
							"lerp_mode": "catmullrom"
						},
						"0.3333": {
							"post": [-27.5, 1.25, -10],
							"lerp_mode": "catmullrom"
						},
						"0.4333": {
							"post": [2.5, 0, 0],
							"lerp_mode": "catmullrom"
						},
						"0.5": {
							"post": [0, 0, 0],
							"lerp_mode": "catmullrom"
						}
					},
					"position": {
						"0.1667": {
							"pre": [-0.5, -0.25, -1.5],
							"post": [-0.5, -0.25, -1.5],
							"lerp_mode": "catmullrom"
						},
						"0.2333": {
							"post": [-0.25, -0.12, -0.25],
							"lerp_mode": "catmullrom"
						},
						"0.3333": {
							"post": [-0.25, -0.12, -0.25],
							"lerp_mode": "catmullrom"
						},
						"0.4333": {
							"post": [0, -0.25, -0.5],
							"lerp_mode": "catmullrom"
						},
						"0.5": {
							"post": [0, 0, 0],
							"lerp_mode": "catmullrom"
						}
					}
				},
				"rear_right": {
					"rotation": {
						"0.1667": {
							"pre": [0, -2.5, -10],
							"post": [0, -2.5, -10],
							"lerp_mode": "catmullrom"
						},
						"0.2333": {
							"post": [2.5, 1.25, 10],
							"lerp_mode": "catmullrom"
						},
						"0.3333": {
							"post": [-27.5, 1.25, 10],
							"lerp_mode": "catmullrom"
						},
						"0.4333": {
							"post": [2.5, 0, 0],
							"lerp_mode": "catmullrom"
						},
						"0.5": {
							"post": [0, 0, 0],
							"lerp_mode": "catmullrom"
						}
					},
					"position": {
						"0.1667": {
							"pre": [0.5, -0.25, -1.5],
							"post": [0.5, -0.25, -1.5],
							"lerp_mode": "catmullrom"
						},
						"0.2333": {
							"post": [0.25, -0.12, -0.25],
							"lerp_mode": "catmullrom"
						},
						"0.3333": {
							"post": [0.25, -0.12, -0.25],
							"lerp_mode": "catmullrom"
						},
						"0.4333": {
							"post": [0, -0.25, -0.5],
							"lerp_mode": "catmullrom"
						},
						"0.5": {
							"post": [0, 0, 0],
							"lerp_mode": "catmullrom"
						}
					}
				},
				"mid_left": {
					"rotation": {
						"0.1": {
							"pre": [12.5, -20, 47.5],
							"post": [12.5, -20, 47.5],
							"lerp_mode": "catmullrom"
						},
						"0.2667": {
							"post": [0, -12.5, 0],
							"lerp_mode": "catmullrom"
						},
						"0.3667": {
							"post": [0, -9.64, 0],
							"lerp_mode": "catmullrom"
						},
						"0.4667": {
							"post": [0, 0, 0],
							"lerp_mode": "catmullrom"
						},
						"0.5333": {
							"post": [0, 0, 0],
							"lerp_mode": "catmullrom"
						}
					},
					"position": {
						"0.1": {
							"pre": [-3, -1, 5.125],
							"post": [-3, -1, 5.125],
							"lerp_mode": "catmullrom"
						},
						"0.2667": {
							"post": [1, 2, 0],
							"lerp_mode": "catmullrom"
						},
						"0.3667": {
							"post": [1, 2, 0],
							"lerp_mode": "catmullrom"
						},
						"0.4667": {
							"post": [0, 0, 0],
							"lerp_mode": "catmullrom"
						},
						"0.5333": {
							"post": [0, 0, 0],
							"lerp_mode": "catmullrom"
						}
					}
				},
				"mid_right": {
					"rotation": {
						"0.1": {
							"pre": [12.5, 20, -47.5],
							"post": [12.5, 20, -47.5],
							"lerp_mode": "catmullrom"
						},
						"0.2667": {
							"post": [0, 12.5, 0],
							"lerp_mode": "catmullrom"
						},
						"0.3667": {
							"post": [0, 9.64, 0],
							"lerp_mode": "catmullrom"
						},
						"0.4667": {
							"post": [0, 0, 0],
							"lerp_mode": "catmullrom"
						},
						"0.5333": {
							"post": [0, 0, 0],
							"lerp_mode": "catmullrom"
						}
					},
					"position": {
						"0.1": {
							"pre": [3, -1, 5.125],
							"post": [3, -1, 5.125],
							"lerp_mode": "catmullrom"
						},
						"0.2667": {
							"post": [-1, 2, 0],
							"lerp_mode": "catmullrom"
						},
						"0.3667": {
							"post": [-1, 2, 0],
							"lerp_mode": "catmullrom"
						},
						"0.4667": {
							"post": [0, 0, 0],
							"lerp_mode": "catmullrom"
						},
						"0.5333": {
							"post": [0, 0, 0],
							"lerp_mode": "catmullrom"
						}
					}
				},
				"fwd_right": {
					"rotation": {
						"0.1667": {
							"pre": [-172.5, 0, 0],
							"post": [-172.5, 0, 0],
							"lerp_mode": "catmullrom"
						},
						"0.4": {
							"post": [0, 0, 0],
							"lerp_mode": "catmullrom"
						},
						"0.5": {
							"post": [0, 0, 0],
							"lerp_mode": "catmullrom"
						}
					},
					"position": {
						"0.1667": {
							"pre": [1, 1.8125, 5],
							"post": [1, 1.8125, 5],
							"lerp_mode": "catmullrom"
						},
						"0.2667": {
							"post": [-1, 1.8125, 5],
							"lerp_mode": "catmullrom"
						},
						"0.4": {
							"post": [0, 0, 0],
							"lerp_mode": "catmullrom"
						},
						"0.5": {
							"post": [0, 0, 0],
							"lerp_mode": "catmullrom"
						}
					}
				},
				"fwd_left": {
					"rotation": {
						"0.1667": {
							"pre": [-172.5, 0, 0],
							"post": [-172.5, 0, 0],
							"lerp_mode": "catmullrom"
						},
						"0.4": {
							"post": [0, 0, 0],
							"lerp_mode": "catmullrom"
						},
						"0.5": {
							"post": [0, 0, 0],
							"lerp_mode": "catmullrom"
						}
					},
					"position": {
						"0.1667": {
							"pre": [-1, 1.8125, 5],
							"post": [-1, 1.8125, 5],
							"lerp_mode": "catmullrom"
						},
						"0.2667": {
							"post": [1, 1.8125, 5],
							"lerp_mode": "catmullrom"
						},
						"0.4": {
							"post": [0, 0, 0],
							"lerp_mode": "catmullrom"
						},
						"0.5": {
							"post": [0, 0, 0],
							"lerp_mode": "catmullrom"
						}
					}
				}
			},
			"sound_effects": {
				"0.0": {
					"effect": "halor6:sentinel_beam_h5/ready"
				}
			}
		},
		"aim": {
			"loop": true,
			"bones": {
				"rear_left": {
					"rotation": [-7.5, 7.5, -30],
					"position": [2.25, 0.75, -2]
				},
				"mid_left": {
					"rotation": [-5, -6, -27.5],
					"position": [2, 9, 0]
				},
				"fwd_right": {
					"rotation": [187, -15.5, 5],
					"position": [-3, 4.75, 3]
				},
				"crosshair_illuminated": {
					"position": [0, 4.3, -99]
				},
				"laser_beam": {
					"rotation": [0, 0, -90]
				},
				"scope": {
					"rotation": [0, 0, -90],
					"position": [-3.13281, -4.76562, 0]
				},
				"ml_illuminated": {
					"scale": 1
				},
				"mid_right": {
					"rotation": [-5, 6, 27.5],
					"position": [-2, 9, 0]
				},
				"mr_illuminated": {
					"scale": 1
				},
				"rrl_illuminated": {
					"scale": 1
				},
				"rear_right": {
					"rotation": [-7.5, -7.5, 30],
					"position": [-2.25, 0.75, -2]
				},
				"rrr_illuminated": {
					"scale": 1
				},
				"fwd_left": {
					"rotation": [187, 15.5, -5],
					"position": [3, 4.75, 3]
				}
			}
		},
		"aim_start": {
			"animation_length": 0.2917,
			"bones": {
				"rear_left": {
					"rotation": {
						"0.0": [0, 0, 0],
						"0.1667": [-7.5, 7.5, -30]
					},
					"position": {
						"0.0": [0, 0, 0],
						"0.1667": [2.25, 0.75, -2]
					}
				},
				"mid_left": {
					"rotation": {
						"0.0": [0, 0, 0],
						"0.1667": [-5, -6, -27.5]
					},
					"position": {
						"0.0": [0, 0, 0],
						"0.1667": [2, 9, 0]
					}
				},
				"fwd_right": {
					"rotation": {
						"0.0": [0, 0, 0],
						"0.1667": [187, -15.5, 5]
					},
					"position": {
						"0.0": [0, 0, 0],
						"0.1667": [-3, 4.75, 3]
					}
				},
				"mid_right": {
					"rotation": {
						"0.0": [0, 0, 0],
						"0.1667": [-5, 6, 27.5]
					},
					"position": {
						"0.0": [0, 0, 0],
						"0.1667": [-2, 9, 0]
					}
				},
				"scope": {
					"rotation": {
						"0.0": [0, 0, 0],
						"0.1667": [0, 0, -90]
					},
					"position": {
						"0.0": [0, 0, 0],
						"0.1667": [-3.13281, -4.76562, 0]
					}
				},
				"ml_illuminated": {
					"scale": {
						"0.0": [0, 0, 0],
						"0.1667": [1, 1, 1]
					}
				},
				"mr_illuminated": {
					"scale": {
						"0.0": [0, 0, 0],
						"0.1667": [1, 1, 1]
					}
				},
				"crosshair_illuminated": {
					"position": {
						"0.0": [0, 0, 0],
						"0.1667": [0, 4.3, -99]
					},
					"scale": {
						"0.0": [0, 0, 0],
						"0.1667": [1, 1, 1]
					}
				},
				"laser_beam": {
					"rotation": {
						"0.0": [0, 0, 0],
						"0.1667": [0, 0, -90]
					}
				},
				"rear_right": {
					"rotation": {
						"0.0": [0, 0, 0],
						"0.1667": [-7.5, -7.5, 30]
					},
					"position": {
						"0.0": [0, 0, 0],
						"0.1667": [-2.25, 0.75, -2]
					}
				},
				"rrl_illuminated": {
					"scale": {
						"0.0": [0, 0, 0],
						"0.1667": [1, 1, 1]
					}
				},
				"rrr_illuminated": {
					"scale": {
						"0.0": [0, 0, 0],
						"0.1667": [1, 1, 1]
					}
				},
				"fwd_left": {
					"rotation": {
						"0.0": [0, 0, 0],
						"0.1667": [187, 15.5, -5]
					},
					"position": {
						"0.0": [0, 0, 0],
						"0.1667": [3, 4.75, 3]
					}
				}
			}
		},
		"aim_end": {
			"animation_length": 0.3333,
			"bones": {
				"rear_left": {
					"rotation": {
						"0.0": [-7.5, 7.5, -30],
						"0.1667": [0, 0, 0]
					},
					"position": {
						"0.0": [2.25, 0.75, -2],
						"0.1667": [0, 0, 0]
					}
				},
				"mid_left": {
					"rotation": {
						"0.0": [-5, -6, -27.5],
						"0.1667": [0, 0, 0]
					},
					"position": {
						"0.0": [2, 9, 0],
						"0.1667": [0, 0, 0]
					}
				},
				"fwd_right": {
					"rotation": {
						"0.0": [187, -15.5, 5],
						"0.1667": [0, 0, 0]
					},
					"position": {
						"0.0": [-3, 4.75, 3],
						"0.1667": [0, 0, 0]
					}
				},
				"mid_right": {
					"rotation": {
						"0.0": [-5, 6, 27.5],
						"0.1667": [0, 0, 0]
					},
					"position": {
						"0.0": [-2, 9, 0],
						"0.1667": [0, 0, 0]
					}
				},
				"scope": {
					"rotation": {
						"0.0": [0, 0, -90],
						"0.1667": [0, 0, 0]
					},
					"position": {
						"0.0": [-3.13281, -4.76562, 0],
						"0.1667": [0, 0, 0]
					}
				},
				"ml_illuminated": {
					"scale": {
						"0.0": [1, 1, 1],
						"0.1667": [0, 0, 0]
					}
				},
				"mr_illuminated": {
					"scale": {
						"0.0": [1, 1, 1],
						"0.1667": [0, 0, 0]
					}
				},
				"crosshair_illuminated": {
					"position": {
						"0.0": [0, 4.3, -99],
						"0.1667": [0, 0, 0]
					},
					"scale": {
						"0.0": [1, 1, 1],
						"0.1667": [0, 0, 0]
					}
				},
				"laser_beam": {
					"rotation": {
						"0.0": [0, 0, -90],
						"0.1667": [0, 0, 0]
					}
				},
				"rear_right": {
					"rotation": {
						"0.0": [-7.5, -7.5, 30],
						"0.1667": [0, 0, 0]
					},
					"position": {
						"0.0": [-2.25, 0.75, -2],
						"0.1667": [0, 0, 0]
					}
				},
				"rrl_illuminated": {
					"scale": {
						"0.0": [1, 1, 1],
						"0.1667": [0, 0, 0]
					}
				},
				"rrr_illuminated": {
					"scale": {
						"0.0": [1, 1, 1],
						"0.1667": [0, 0, 0]
					}
				},
				"fwd_left": {
					"rotation": {
						"0.0": [187, 15.5, -5],
						"0.1667": [0, 0, 0]
					},
					"position": {
						"0.0": [3, 4.75, 3],
						"0.1667": [0, 0, 0]
					}
				}
			}
		},
		"shoot": {
			"animation_length": 0.2,
			"bones": {
				"root": {
					"position": {
						"0.0": {
							"post": [0, 0, 0],
							"lerp_mode": "catmullrom"
						},
						"0.1": {
							"post": [0, -0.02812, 1.0925],
							"lerp_mode": "catmullrom"
						},
						"0.2": {
							"post": [0, 0, 0],
							"lerp_mode": "catmullrom"
						}
					}
				},
				"core": {
					"rotation": {
						"0.0": [0, 0, 360],
						"0.1667": [0, 0, 0]
					}
				},
				"laser_beam": {
					"scale": {
						"0.0": [0.5, 1, 60],
						"0.0667": [15, 1, 60],
						"0.1333": [0.5, 1, 60]
					}
				},
				"constraint": {
					"position": {
						"0.1": [0.1, 0.1, 0.7],
						"0.2": [0, 0, 0]
					}
				}
			}
		},
		"melee_stock": {
			"animation_length": 1.125,
			"bones": {
				"root": {
					"rotation": {
						"0.0": {
							"post": [0, 0, 0],
							"lerp_mode": "catmullrom"
						},
						"0.0833": {
							"post": [-10, -7.5, 27.5],
							"lerp_mode": "catmullrom"
						},
						"0.125": {
							"post": [-112.92, 16.32, 81.05],
							"lerp_mode": "catmullrom"
						},
						"0.1667": {
							"post": [-112.92, 16.32, 81.05],
							"lerp_mode": "catmullrom"
						},
						"0.2083": {
							"post": [-115.17, 16.32, 81.05],
							"lerp_mode": "catmullrom"
						},
						"0.625": {
							"post": [-115.17, 16.32, 81.05],
							"lerp_mode": "catmullrom"
						},
						"0.75": {
							"post": [-75.01, -6.66, 50.06],
							"lerp_mode": "catmullrom"
						},
						"0.9583": {
							"post": [2.5, -2.5, 17.5],
							"lerp_mode": "catmullrom"
						},
						"1.0417": {
							"post": [5, -2.5, 2.5],
							"lerp_mode": "catmullrom"
						},
						"1.125": {
							"post": [0, 0, 0],
							"lerp_mode": "catmullrom"
						}
					},
					"position": {
						"0.0": {
							"post": [0, 0, 0],
							"lerp_mode": "catmullrom"
						},
						"0.0833": {
							"post": [-8, -4, 4],
							"lerp_mode": "catmullrom"
						},
						"0.125": {
							"post": [6.4979, 6.39632, -6.72319],
							"lerp_mode": "catmullrom"
						},
						"0.1667": {
							"post": [6.4979, 6.39632, -6.72319],
							"lerp_mode": "catmullrom"
						},
						"0.2083": {
							"post": [5.91776, 5.76921, -6.48837],
							"lerp_mode": "catmullrom"
						},
						"0.25": {
							"post": [6.37, 6.06, -6.96],
							"lerp_mode": "catmullrom"
						},
						"0.5833": {
							"post": [6.91776, 5.76921, -6.48837],
							"lerp_mode": "catmullrom"
						},
						"0.75": {
							"post": [2.9292, 0.33328, -5.40935],
							"lerp_mode": "catmullrom"
						},
						"0.9583": {
							"post": [-0.25, -1.5, -0.5],
							"lerp_mode": "catmullrom"
						},
						"1.125": {
							"post": [0, 0, 0],
							"lerp_mode": "catmullrom"
						}
					}
				},
				"mag_and_lefthand": {
					"rotation": {
						"0.0": [0, 0, 0],
						"0.125": [0, 32.5, 0],
						"0.7083": [0, 32.5, 0],
						"0.9583": [0, 0, 0]
					},
					"position": {
						"0.0": [0, 0, 0],
						"0.125": [1.5, 0, 0],
						"0.7083": [1.5, 0, 0],
						"0.9583": [0, 0, 0]
					}
				},
				"lefthand": {
					"rotation": {
						"0.0833": [126.62571, 6.60067, -260.36246],
						"0.125": [126.62571, -103.39933, -307.86246],
						"0.7083": [126.62571, -103.39933, -307.86246],
						"0.9583": [126.62571, 6.60067, -260.36246]
					},
					"position": {
						"0.0833": [10.80151, -9.79187, -11.34031],
						"0.125": [11.3, -9.79, -11.34],
						"0.7083": [11.3, -9.79, -11.34],
						"0.9583": [10.80151, -9.79187, -11.34031]
					},
					"scale": [1, 1.5, 1]
				},
				"righthand": {
					"rotation": {
						"0.0": [99.05188, 15.0716, -167.92777],
						"0.0833": [3.92783, 5.09571, -191.13359],
						"0.8333": [3.92783, 5.09571, -191.13359],
						"0.9583": [99.05188, 15.0716, -167.92777]
					},
					"position": {
						"0.0": [-6.86719, -11.95625, 6.9875],
						"0.0833": [-6.68035, -11.11945, 6.96623],
						"0.8333": [-6.68035, -11.11945, 6.96623],
						"0.9583": [-6.86719, -11.95625, 6.9875]
					},
					"scale": [1, 1.5, 1]
				},
				"camera": {
					"rotation": {
						"0.0": {
							"post": [0, 0, 0],
							"lerp_mode": "catmullrom"
						},
						"0.0833": {
							"post": [1, 2, 2.5],
							"lerp_mode": "catmullrom"
						},
						"0.125": {
							"post": [-1.5, -1.1, -2.5],
							"lerp_mode": "catmullrom"
						},
						"0.2083": {
							"post": [1, 0.5, 1],
							"lerp_mode": "catmullrom"
						},
						"0.2917": {
							"post": [-0.6, -0.7, -1],
							"lerp_mode": "catmullrom"
						},
						"0.4167": {
							"post": [0.4, 0.6, 0],
							"lerp_mode": "catmullrom"
						},
						"0.625": {
							"post": [0, 0, 0],
							"lerp_mode": "catmullrom"
						},
						"0.75": {
							"post": [1, 1.5, 0],
							"lerp_mode": "catmullrom"
						},
						"0.9167": {
							"post": [0, 0, 0],
							"lerp_mode": "catmullrom"
						},
						"1.0833": {
							"post": [0, 0, 0],
							"lerp_mode": "catmullrom"
						}
					}
				}
			}
		},
		"inspect": {
			"loop": "hold_on_last_frame",
			"animation_length": 7.05,
			"bones": {
				"handle": {
					"rotation": {
						"3.1833": {
							"pre": [0, 0, 0],
							"post": [0, 0, 0],
							"lerp_mode": "catmullrom"
						},
						"3.35": {
							"post": [0, 0, -20],
							"lerp_mode": "catmullrom"
						},
						"3.45": {
							"post": [0, 0, 20],
							"lerp_mode": "catmullrom"
						},
						"3.5667": {
							"post": [0, 0, 0],
							"lerp_mode": "catmullrom"
						},
						"6.15": {
							"post": [0, 0, 0],
							"lerp_mode": "catmullrom"
						},
						"6.4": {
							"post": [0, 0, 25],
							"lerp_mode": "catmullrom"
						},
						"6.6167": {
							"post": [0, 0, -25],
							"lerp_mode": "catmullrom"
						},
						"6.8": {
							"post": [0, 0, 0],
							"lerp_mode": "catmullrom"
						},
						"6.8667": {
							"post": [0, 0, 0],
							"lerp_mode": "catmullrom"
						}
					}
				},
				"root": {
					"rotation": {
						"0.0": {
							"post": [0, 0, 0],
							"lerp_mode": "catmullrom"
						},
						"0.1667": {
							"post": [-4.09882, -4.5091, 15.43498],
							"lerp_mode": "catmullrom"
						},
						"0.5": {
							"post": [-5.41629, -41.63247, -14.00811],
							"lerp_mode": "catmullrom"
						},
						"0.7333": {
							"post": [-6.46, -41.85, -10.81],
							"lerp_mode": "catmullrom"
						},
						"0.7667": {
							"post": [-6.39, -41.9, -10.99],
							"lerp_mode": "catmullrom"
						},
						"0.8": {
							"post": [-6.3, -41.97, -11.19],
							"lerp_mode": "catmullrom"
						},
						"0.8333": {
							"post": [-6.21, -42.04, -11.42],
							"lerp_mode": "catmullrom"
						},
						"0.8667": {
							"post": [-6.12, -42.12, -11.66],
							"lerp_mode": "catmullrom"
						},
						"0.9": {
							"post": [-6.03, -42.19, -11.89],
							"lerp_mode": "catmullrom"
						},
						"1.7": {
							"post": [-5.06, -41.97, -11.78],
							"lerp_mode": "catmullrom"
						},
						"2.7667": [-6.13, -41.61, -11.53],
						"2.8": [-6.23, -41.26, -11.19],
						"2.8333": [-6.31, -40.87, -10.86],
						"2.8667": [-6.47, -40.4, -10.34],
						"2.9": [-6.76, -39.81, -9.46],
						"2.9333": [-7.27, -39.07, -8.04],
						"2.9667": [-8.07, -38.14, -5.89],
						"3.0": [-9.24, -36.99, -2.84],
						"3.0333": [-10.84, -35.57, 1.3],
						"3.3333": {
							"pre": [-33.39, 15.04, 78.95],
							"post": [-33.39, 15.04, 78.95],
							"lerp_mode": "catmullrom"
						},
						"3.4333": {
							"post": [-37.03832, 13.45511, 82.32435],
							"lerp_mode": "catmullrom"
						},
						"3.6": {
							"post": [-39.11597, 13.50829, 84.48083],
							"lerp_mode": "catmullrom"
						},
						"3.7333": {
							"post": [-39.19802, 12.56109, 83.31483],
							"lerp_mode": "catmullrom"
						},
						"3.9333": {
							"post": [-39.12119, 12.25823, 84.52516],
							"lerp_mode": "catmullrom"
						},
						"4.1": {
							"post": [-39.12185, 12.23874, 84.18842],
							"lerp_mode": "catmullrom"
						},
						"4.3167": {
							"post": [-39.18533, 11.15323, 83.16661],
							"lerp_mode": "catmullrom"
						},
						"4.5": {
							"post": [-39.90167, 10.88756, 84.02848],
							"lerp_mode": "catmullrom"
						},
						"4.7": {
							"post": [-39.9, 10.89, 84.03],
							"lerp_mode": "catmullrom"
						},
						"4.7667": {
							"post": [-40.28893, 11.40247, 83.69991],
							"lerp_mode": "catmullrom"
						},
						"4.9": {
							"post": [-41.15319, 14.53992, 84.88983],
							"lerp_mode": "catmullrom"
						},
						"5.0667": {
							"post": [-41.38793, 16.81647, 85.21797],
							"lerp_mode": "catmullrom"
						},
						"5.4667": {
							"post": [-41.59894, 16.09056, 85.53113],
							"lerp_mode": "catmullrom"
						},
						"5.7833": [-41.80456, 16.06945, 85.88676],
						"6.15": [-42.11945, 15.21748, 85.30858],
						"6.2167": [-38.26232, 6.02793, 72.61152],
						"6.4167": {
							"pre": [-13.14, 0.83, 33.75],
							"post": [-13.14, 0.83, 33.75],
							"lerp_mode": "catmullrom"
						},
						"6.4667": [-7.42, -2.84, 26.12],
						"6.5": [-3.06, -3.62, 18.13],
						"6.55": [-0.62, -2.05, 11.52],
						"6.5833": [0.81, -0.65, 6.5],
						"6.6333": [1.18, -0.29, 3.45],
						"6.6667": [0.55, -0.11, 2],
						"6.7167": [0, 0, 1.25],
						"6.75": [-0.05, 0.04, 2.33],
						"6.8": [-0.03, 0.02, 1.51],
						"6.8333": [0, 0, 0.5],
						"6.8833": [0, 0, 0.22],
						"6.9167": [0, 0, 0.08],
						"6.9667": [0, 0, 0],
						"7.0": [0, 0, -0.03],
						"7.05": [0, 0, -0.03]
					},
					"position": {
						"0.0": {
							"post": [0, 0, 0],
							"lerp_mode": "catmullrom"
						},
						"0.1667": {
							"post": [0, -0.94, -0.22],
							"lerp_mode": "catmullrom"
						},
						"0.3667": {
							"post": [-0.775, 2.425, -2.875],
							"lerp_mode": "catmullrom"
						},
						"0.7333": {
							"post": [0.2, 2.61, -2.77],
							"lerp_mode": "catmullrom"
						},
						"0.7667": {
							"post": [0.19, 2.61, -2.77],
							"lerp_mode": "catmullrom"
						},
						"0.8": {
							"post": [0.19, 2.62, -2.76],
							"lerp_mode": "catmullrom"
						},
						"0.8333": {
							"post": [0.18, 2.63, -2.76],
							"lerp_mode": "catmullrom"
						},
						"0.8667": {
							"post": [0.17, 2.64, -2.76],
							"lerp_mode": "catmullrom"
						},
						"0.9": {
							"post": [0.17, 2.64, -2.76],
							"lerp_mode": "catmullrom"
						},
						"1.7": {
							"post": [0.18, 2.64, -2.76],
							"lerp_mode": "catmullrom"
						},
						"2.7667": [0.2, 2.63, -2.77],
						"2.8": [0.24, 2.58, -2.77],
						"2.8333": [0.27, 2.51, -2.77],
						"2.8667": [0.31, 2.44, -2.78],
						"2.9": [0.37, 2.37, -2.78],
						"2.9333": [0.43, 2.31, -2.78],
						"2.9667": [0.51, 2.27, -2.78],
						"3.0": [0.61, 2.25, -2.77],
						"3.0333": [0.72, 2.26, -2.77],
						"3.3667": {
							"pre": [-0.145, 1.41, -4.77],
							"post": [-0.145, 1.41, -4.77],
							"lerp_mode": "catmullrom"
						},
						"3.6": {
							"post": [-0.065, 1.41, -4.77],
							"lerp_mode": "catmullrom"
						},
						"3.7333": {
							"post": [-0.07, 1.46, -4.67],
							"lerp_mode": "catmullrom"
						},
						"3.9333": {
							"post": [-0.07, 1.535, -4.67],
							"lerp_mode": "catmullrom"
						},
						"4.3167": {
							"post": [-0.07, 1.565, -4.67],
							"lerp_mode": "catmullrom"
						},
						"4.7": {
							"post": [-0.07, 1.57, -4.67],
							"lerp_mode": "catmullrom"
						},
						"4.9": {
							"post": [-0.07, 1.72, -4.37],
							"lerp_mode": "catmullrom"
						},
						"5.0667": {
							"post": [-0.07, 1.795, -4.32],
							"lerp_mode": "catmullrom"
						},
						"5.4667": {
							"post": [-0.07, 1.825, -4.445],
							"lerp_mode": "catmullrom"
						},
						"5.7833": [-0.07, 1.805, -4.4],
						"6.15": [-0.095, 1.75, -4.4],
						"6.2167": [0.02, 0.47, -4.29],
						"6.55": [0, 0, 0]
					}
				},
				"lefthand": {
					"rotation": {
						"0.0": [126.62571, 6.60067, -260.36246],
						"0.3333": [75.07308, -34.08254, -122.98537],
						"3.0333": [75.07308, -34.08254, -122.98537],
						"3.3333": [37.55, -39.75, -168],
						"6.15": [37.55, -39.75, -168],
						"6.5833": [126.62571, 6.60067, -260.36246]
					},
					"position": {
						"0.0": [10.80151, -9.79187, -11.34031],
						"0.1833": [12.15, -12.82, -12.99],
						"0.3333": [7.8, -15.29, -14.34],
						"3.0333": [7.8, -15.29, -14.34],
						"3.3333": [9.42, -12.12, -10.44],
						"6.15": [9.42, -12.12, -10.44],
						"6.35": [12.06, -11.05, -10.86],
						"6.5833": [10.80151, -9.79187, -11.34031]
					},
					"scale": [1, 1.5, 1]
				},
				"righthand": {
					"rotation": [99.05188, 15.0716, -167.92777],
					"position": [-6.86719, -11.95625, 6.9875],
					"scale": [1, 1.5, 1]
				},
				"camera": {
					"rotation": {
						"0.0": {
							"post": [0, 0, 0],
							"lerp_mode": "catmullrom"
						},
						"0.3333": {
							"post": [4.725, -0.17, 0.025],
							"lerp_mode": "catmullrom"
						},
						"2.8": {
							"post": [12.53, 16.21, -2.325],
							"lerp_mode": "catmullrom"
						},
						"4.1667": {
							"post": [9.71, 8.585, -0.195],
							"lerp_mode": "catmullrom"
						},
						"5.0333": {
							"post": [8.99, 1.21, -0.945],
							"lerp_mode": "catmullrom"
						},
						"5.7333": {
							"post": [1.49, -1.29, -0.045],
							"lerp_mode": "catmullrom"
						},
						"6.5167": {
							"post": [-0.315, -0.05, 0.3],
							"lerp_mode": "catmullrom"
						},
						"6.6167": {
							"post": [-0.19, -0.05, 0.4],
							"lerp_mode": "catmullrom"
						},
						"6.6833": {
							"post": [0.135, 0.225, 0.225],
							"lerp_mode": "catmullrom"
						},
						"6.8167": {
							"post": [0.01, -0.175, 0.085],
							"lerp_mode": "catmullrom"
						},
						"6.9833": {
							"post": [0, 0, 0],
							"lerp_mode": "catmullrom"
						}
					}
				}
			}
		},
		"inspect_empty": {
			"loop": "hold_on_last_frame",
			"animation_length": 7.05,
			"bones": {
				"handle": {
					"rotation": {
						"3.1833": {
							"pre": [0, 0, 0],
							"post": [0, 0, 0],
							"lerp_mode": "catmullrom"
						},
						"3.35": {
							"post": [0, 0, -20],
							"lerp_mode": "catmullrom"
						},
						"3.45": {
							"post": [0, 0, 20],
							"lerp_mode": "catmullrom"
						},
						"3.5667": {
							"post": [0, 0, 0],
							"lerp_mode": "catmullrom"
						},
						"6.15": {
							"post": [0, 0, 0],
							"lerp_mode": "catmullrom"
						},
						"6.4": {
							"post": [0, 0, 25],
							"lerp_mode": "catmullrom"
						},
						"6.6167": {
							"post": [0, 0, -25],
							"lerp_mode": "catmullrom"
						},
						"6.8": {
							"post": [0, 0, 0],
							"lerp_mode": "catmullrom"
						},
						"6.8667": {
							"post": [0, 0, 0],
							"lerp_mode": "catmullrom"
						}
					}
				},
				"root": {
					"rotation": {
						"0.0": {
							"post": [0, 0, 0],
							"lerp_mode": "catmullrom"
						},
						"0.1667": {
							"post": [-4.09882, -4.5091, 15.43498],
							"lerp_mode": "catmullrom"
						},
						"0.5": {
							"post": [-5.41629, -41.63247, -14.00811],
							"lerp_mode": "catmullrom"
						},
						"0.7333": {
							"post": [-6.46, -41.85, -10.81],
							"lerp_mode": "catmullrom"
						},
						"0.7667": {
							"post": [-6.39, -41.9, -10.99],
							"lerp_mode": "catmullrom"
						},
						"0.8": {
							"post": [-6.3, -41.97, -11.19],
							"lerp_mode": "catmullrom"
						},
						"0.8333": {
							"post": [-6.21, -42.04, -11.42],
							"lerp_mode": "catmullrom"
						},
						"0.8667": {
							"post": [-6.12, -42.12, -11.66],
							"lerp_mode": "catmullrom"
						},
						"0.9": {
							"post": [-6.03, -42.19, -11.89],
							"lerp_mode": "catmullrom"
						},
						"1.7": {
							"post": [-5.06, -41.97, -11.78],
							"lerp_mode": "catmullrom"
						},
						"2.7667": [-6.13, -41.61, -11.53],
						"2.8": [-6.23, -41.26, -11.19],
						"2.8333": [-6.31, -40.87, -10.86],
						"2.8667": [-6.47, -40.4, -10.34],
						"2.9": [-6.76, -39.81, -9.46],
						"2.9333": [-7.27, -39.07, -8.04],
						"2.9667": [-8.07, -38.14, -5.89],
						"3.0": [-9.24, -36.99, -2.84],
						"3.0333": [-10.84, -35.57, 1.3],
						"3.3333": {
							"pre": [-33.39, 15.04, 78.95],
							"post": [-33.39, 15.04, 78.95],
							"lerp_mode": "catmullrom"
						},
						"3.4333": {
							"post": [-37.03832, 13.45511, 82.32435],
							"lerp_mode": "catmullrom"
						},
						"3.6": {
							"post": [-39.11597, 13.50829, 84.48083],
							"lerp_mode": "catmullrom"
						},
						"3.7333": {
							"post": [-39.19802, 12.56109, 83.31483],
							"lerp_mode": "catmullrom"
						},
						"3.9333": {
							"post": [-39.12119, 12.25823, 84.52516],
							"lerp_mode": "catmullrom"
						},
						"4.1": {
							"post": [-39.12185, 12.23874, 84.18842],
							"lerp_mode": "catmullrom"
						},
						"4.3167": {
							"post": [-39.18533, 11.15323, 83.16661],
							"lerp_mode": "catmullrom"
						},
						"4.5": {
							"post": [-39.90167, 10.88756, 84.02848],
							"lerp_mode": "catmullrom"
						},
						"4.7": {
							"post": [-39.9, 10.89, 84.03],
							"lerp_mode": "catmullrom"
						},
						"4.7667": {
							"post": [-40.28893, 11.40247, 83.69991],
							"lerp_mode": "catmullrom"
						},
						"4.9": {
							"post": [-41.15319, 14.53992, 84.88983],
							"lerp_mode": "catmullrom"
						},
						"5.0667": {
							"post": [-41.38793, 16.81647, 85.21797],
							"lerp_mode": "catmullrom"
						},
						"5.4667": {
							"post": [-41.59894, 16.09056, 85.53113],
							"lerp_mode": "catmullrom"
						},
						"5.7833": [-41.80456, 16.06945, 85.88676],
						"6.15": [-42.11945, 15.21748, 85.30858],
						"6.2167": [-38.26232, 6.02793, 72.61152],
						"6.4167": {
							"pre": [-13.14, 0.83, 33.75],
							"post": [-13.14, 0.83, 33.75],
							"lerp_mode": "catmullrom"
						},
						"6.4667": [-7.42, -2.84, 26.12],
						"6.5": [-3.06, -3.62, 18.13],
						"6.55": [-0.62, -2.05, 11.52],
						"6.5833": [0.81, -0.65, 6.5],
						"6.6333": [1.18, -0.29, 3.45],
						"6.6667": [0.55, -0.11, 2],
						"6.7167": [0, 0, 1.25],
						"6.75": [-0.05, 0.04, 2.33],
						"6.8": [-0.03, 0.02, 1.51],
						"6.8333": [0, 0, 0.5],
						"6.8833": [0, 0, 0.22],
						"6.9167": [0, 0, 0.08],
						"6.9667": [0, 0, 0],
						"7.0": [0, 0, -0.03],
						"7.05": [0, 0, -0.03]
					},
					"position": {
						"0.0": {
							"post": [0, 0, 0],
							"lerp_mode": "catmullrom"
						},
						"0.1667": {
							"post": [0, -0.94, -0.22],
							"lerp_mode": "catmullrom"
						},
						"0.3667": {
							"post": [-0.775, 2.425, -2.875],
							"lerp_mode": "catmullrom"
						},
						"0.7333": {
							"post": [0.2, 2.61, -2.77],
							"lerp_mode": "catmullrom"
						},
						"0.7667": {
							"post": [0.19, 2.61, -2.77],
							"lerp_mode": "catmullrom"
						},
						"0.8": {
							"post": [0.19, 2.62, -2.76],
							"lerp_mode": "catmullrom"
						},
						"0.8333": {
							"post": [0.18, 2.63, -2.76],
							"lerp_mode": "catmullrom"
						},
						"0.8667": {
							"post": [0.17, 2.64, -2.76],
							"lerp_mode": "catmullrom"
						},
						"0.9": {
							"post": [0.17, 2.64, -2.76],
							"lerp_mode": "catmullrom"
						},
						"1.7": {
							"post": [0.18, 2.64, -2.76],
							"lerp_mode": "catmullrom"
						},
						"2.7667": [0.2, 2.63, -2.77],
						"2.8": [0.24, 2.58, -2.77],
						"2.8333": [0.27, 2.51, -2.77],
						"2.8667": [0.31, 2.44, -2.78],
						"2.9": [0.37, 2.37, -2.78],
						"2.9333": [0.43, 2.31, -2.78],
						"2.9667": [0.51, 2.27, -2.78],
						"3.0": [0.61, 2.25, -2.77],
						"3.0333": [0.72, 2.26, -2.77],
						"3.3667": {
							"pre": [-0.145, 1.41, -4.77],
							"post": [-0.145, 1.41, -4.77],
							"lerp_mode": "catmullrom"
						},
						"3.6": {
							"post": [-0.065, 1.41, -4.77],
							"lerp_mode": "catmullrom"
						},
						"3.7333": {
							"post": [-0.07, 1.46, -4.67],
							"lerp_mode": "catmullrom"
						},
						"3.9333": {
							"post": [-0.07, 1.535, -4.67],
							"lerp_mode": "catmullrom"
						},
						"4.3167": {
							"post": [-0.07, 1.565, -4.67],
							"lerp_mode": "catmullrom"
						},
						"4.7": {
							"post": [-0.07, 1.57, -4.67],
							"lerp_mode": "catmullrom"
						},
						"4.9": {
							"post": [-0.07, 1.72, -4.37],
							"lerp_mode": "catmullrom"
						},
						"5.0667": {
							"post": [-0.07, 1.795, -4.32],
							"lerp_mode": "catmullrom"
						},
						"5.4667": {
							"post": [-0.07, 1.825, -4.445],
							"lerp_mode": "catmullrom"
						},
						"5.7833": [-0.07, 1.805, -4.4],
						"6.15": [-0.095, 1.75, -4.4],
						"6.2167": [0.02, 0.47, -4.29],
						"6.55": [0, 0, 0]
					}
				},
				"lefthand": {
					"rotation": {
						"0.0": [126.62571, 6.60067, -260.36246],
						"0.3333": [75.07308, -34.08254, -122.98537],
						"3.0333": [75.07308, -34.08254, -122.98537],
						"3.3333": [37.55, -39.75, -168],
						"6.15": [37.55, -39.75, -168],
						"6.5833": [126.62571, 6.60067, -260.36246]
					},
					"position": {
						"0.0": [10.80151, -9.79187, -11.34031],
						"0.1833": [12.15, -12.82, -12.99],
						"0.3333": [7.8, -15.29, -14.34],
						"3.0333": [7.8, -15.29, -14.34],
						"3.3333": [9.42, -12.12, -10.44],
						"6.15": [9.42, -12.12, -10.44],
						"6.35": [12.06, -11.05, -10.86],
						"6.5833": [10.80151, -9.79187, -11.34031]
					},
					"scale": [1, 1.5, 1]
				},
				"righthand": {
					"rotation": [99.05188, 15.0716, -167.92777],
					"position": [-6.86719, -11.95625, 6.9875],
					"scale": [1, 1.5, 1]
				},
				"camera": {
					"rotation": {
						"0.0": {
							"post": [0, 0, 0],
							"lerp_mode": "catmullrom"
						},
						"0.3333": {
							"post": [4.725, -0.17, 0.025],
							"lerp_mode": "catmullrom"
						},
						"2.8": {
							"post": [12.53, 16.21, -2.325],
							"lerp_mode": "catmullrom"
						},
						"4.1667": {
							"post": [9.71, 8.585, -0.195],
							"lerp_mode": "catmullrom"
						},
						"5.0333": {
							"post": [8.99, 1.21, -0.945],
							"lerp_mode": "catmullrom"
						},
						"5.7333": {
							"post": [1.49, -1.29, -0.045],
							"lerp_mode": "catmullrom"
						},
						"6.5167": {
							"post": [-0.315, -0.05, 0.3],
							"lerp_mode": "catmullrom"
						},
						"6.6167": {
							"post": [-0.19, -0.05, 0.4],
							"lerp_mode": "catmullrom"
						},
						"6.6833": {
							"post": [0.135, 0.225, 0.225],
							"lerp_mode": "catmullrom"
						},
						"6.8167": {
							"post": [0.01, -0.175, 0.085],
							"lerp_mode": "catmullrom"
						},
						"6.9833": {
							"post": [0, 0, 0],
							"lerp_mode": "catmullrom"
						}
					}
				}
			}
		}
	}
}