{
	"format_version": "1.8.0",
	"animations": {
		"static_idle": {
			"animation_length": 0.6667,
			"bones": {
				"lefthand": {
					"rotation": [90.07308, -49.08254, -135.48537],
					"position": [6.8562, -15.6825, -5.94187],
					"scale": [1, 1.5, 1]
				},
				"righthand": {
					"rotation": [99.05188, 15.0716, -167.92777],
					"position": [-6.90625, -11.8, 5.91719],
					"scale": [1, 1.5, 1]
				}
			}
		},
		"reload_tactical": {
			"animation_length": 2.7083,
			"bones": {
				"lefthand": {
					"rotation": {
						"0.0": [90.07308, -49.08254, -135.48537],
						"0.1667": [43.40037, -33.65434, -166.29754],
						"1.125": [156.57159, -23.49599, -236.84759],
						"1.9583": [156.57159, -23.49599, -236.84759],
						"2.2917": {
							"pre": [151.14893, -58.93121, -235.36675],
							"post": [151.14893, -58.93121, -235.36675],
							"lerp_mode": "catmullrom"
						},
						"2.5": {
							"post": [90.07308, -49.08254, -135.48537],
							"lerp_mode": "catmullrom"
						}
					},
					"position": {
						"0.0": [6.8562, -15.6825, -5.94187],
						"0.1667": [11.8562, -35.6825, -11.94187],
						"0.3333": [14.87, -46.02, -7.16],
						"0.7917": [23.15, -29.46, -5.27],
						"1.125": [6.985, -4.68, 0.06],
						"1.9583": [6.985, -4.68, 0.06],
						"2.2917": {
							"pre": [12.99, -10.68, 0.06],
							"post": [12.99, -10.68, 0.06],
							"lerp_mode": "catmullrom"
						},
						"2.5": {
							"post": [6.8562, -15.6825, -5.94187],
							"lerp_mode": "catmullrom"
						}
					},
					"scale": [1, 1.5, 1]
				},
				"righthand": {
					"rotation": [99.05188, 15.0716, -167.92777],
					"position": [-6.90625, -11.8, 5.91719],
					"scale": [1, 1.5, 1]
				},
				"root": {
					"rotation": {
						"0.0": {
							"post": [0, 0, 0],
							"lerp_mode": "catmullrom"
						},
						"0.1667": {
							"post": [0.71, 2.14, -2.14],
							"lerp_mode": "catmullrom"
						},
						"0.3333": {
							"post": [-10, 5, -7.5],
							"lerp_mode": "catmullrom"
						},
						"0.375": {
							"post": [-8.75, 5, 6.25],
							"lerp_mode": "catmullrom"
						},
						"0.4167": {
							"post": [7.5, 0, 5],
							"lerp_mode": "catmullrom"
						},
						"0.4583": {
							"post": [7.5, -5, 7.5],
							"lerp_mode": "catmullrom"
						},
						"0.7917": {
							"post": [0, -2.5, 2.5],
							"lerp_mode": "catmullrom"
						},
						"1.25": {
							"post": [2.5, -2.5, 5],
							"lerp_mode": "catmullrom"
						},
						"1.5417": {
							"post": [7.5, -5, 12.5],
							"lerp_mode": "catmullrom"
						},
						"1.7083": {
							"post": [7.5, -5, 12.5],
							"lerp_mode": "catmullrom"
						},
						"1.75": {
							"post": [12.5, -10, 17.5],
							"lerp_mode": "catmullrom"
						},
						"1.7917": {
							"post": [15, -12.5, 20],
							"lerp_mode": "catmullrom"
						},
						"1.8333": {
							"post": [14.64, -11.94, 15.28],
							"lerp_mode": "catmullrom"
						},
						"2.0": {
							"post": [10, -7.5, 20],
							"lerp_mode": "catmullrom"
						},
						"2.3333": {
							"post": [-5, -5, 12.5],
							"lerp_mode": "catmullrom"
						},
						"2.5417": {
							"post": [2, -2.5, 2.5],
							"lerp_mode": "catmullrom"
						},
						"2.6667": {
							"post": [0, 0, 0],
							"lerp_mode": "catmullrom"
						}
					},
					"position": {
						"0.0": {
							"post": [0, 0, 0],
							"lerp_mode": "catmullrom"
						},
						"0.3333": {
							"post": [-0.5, 0.5, 1],
							"lerp_mode": "catmullrom"
						},
						"0.375": {
							"post": [-0.5, 0.13, -0.5],
							"lerp_mode": "catmullrom"
						},
						"0.4167": {
							"post": [-0.5, -0.75, -2],
							"lerp_mode": "catmullrom"
						},
						"0.7917": {
							"post": [-0.5, -0.25, -2],
							"lerp_mode": "catmullrom"
						},
						"1.25": {
							"post": [-0.5, -1, -2],
							"lerp_mode": "catmullrom"
						},
						"1.75": {
							"post": [-0.5, -1.42, -2],
							"lerp_mode": "catmullrom"
						},
						"2.0": {
							"post": [-0.5, -0.92, -2],
							"lerp_mode": "catmullrom"
						},
						"2.5417": {
							"post": [0, -0.25, 0],
							"lerp_mode": "catmullrom"
						},
						"2.6667": {
							"post": [0, 0, 0],
							"lerp_mode": "catmullrom"
						}
					}
				},
				"mag_and_lefthand": {
					"rotation": {
						"1.25": {
							"pre": [0, 0, 0],
							"post": [0, 0, 0],
							"lerp_mode": "catmullrom"
						},
						"1.4583": {
							"post": [26.77542, -37.24081, -22.99024],
							"lerp_mode": "catmullrom"
						},
						"1.5833": {
							"post": [-2.5, 12.5, 0],
							"lerp_mode": "catmullrom"
						},
						"1.6667": {
							"post": [-2.5, 40, 5],
							"lerp_mode": "catmullrom"
						},
						"1.75": [0, 0, 0]
					},
					"position": {
						"0.5417": [0, 0, 0],
						"1.25": {
							"pre": [12, -20, 0],
							"post": [12, -20, 0],
							"lerp_mode": "catmullrom"
						},
						"1.4583": {
							"post": [8, -6, 0],
							"lerp_mode": "catmullrom"
						},
						"1.5833": {
							"post": [3, 2.5, 5],
							"lerp_mode": "catmullrom"
						},
						"1.6667": {
							"post": [3.5, 3, 5.25],
							"lerp_mode": "catmullrom"
						},
						"1.75": [0, 0, 0]
					}
				},
				"mag_and_bullet": {
					"rotation": {
						"0.375": [0, 0, 0],
						"0.4167": [50, 0, 0],
						"0.5833": [135, 0, 0],
						"1.0": [59.06, 0, 0],
						"1.1667": [0, 0, 0]
					},
					"position": {
						"0.125": [0, 0, 0],
						"0.2083": [0, 0.1, 0],
						"0.375": [0, 0.1, 0],
						"0.4167": [0, 5.1, 7],
						"0.5833": [0, 15.1, 18],
						"1.0": [0, 6.61, 47.88],
						"1.125": [0, -19.22, 27.36],
						"1.2917": [0, 0, 0]
					}
				},
				"shround": {
					"rotation": {
						"0.0833": [0, 0, 0],
						"0.1667": [24, 0, 0],
						"2.25": [24, 0, 0],
						"2.375": [0, 0, 0]
					}
				},
				"bolt": {
					"position": {
						"0.0417": [0, 0, 0],
						"0.125": [0, 0, 2.5],
						"2.25": [0, 0, 2.5],
						"2.3333": [0, 0, 0]
					}
				},
				"constraint": {
					"rotation": {
						"2.4583": [0.15, 0.15, 0.15],
						"2.5417": [0, 0, 0]
					},
					"position": {
						"2.4583": [-0.15, 0.1, 0.1],
						"2.5417": [0, 0, 0]
					}
				},
				"camera": {
					"rotation": {
						"0.375": [0, 0, 0],
						"0.4167": [2, -1, 2],
						"0.5": [0, 1, -1],
						"0.5833": [0, 0, 0],
						"1.7083": [0, 0, 0],
						"1.75": [1, -1, 1],
						"1.8333": [0, 0.5, -1],
						"1.9167": [0, 0, 0]
					}
				}
			},
			"sound_effects": {
				"0.0": {
					"effect": "halor6:type-57b_carbine/carbine_shell_open"
				},
				"0.3333": {
					"effect": "halor6:type-57b_carbine/carbine_magout"
				},
				"1.7083": {
					"effect": "halor6:type-57b_carbine/carbine_magin"
				},
				"2.25": {
					"effect": "halor6:type-57b_carbine/carbine_shell_close"
				}
			}
		},
		"reload_empty": {
			"animation_length": 2.7083,
			"bones": {
				"lefthand": {
					"rotation": {
						"0.0": [90.07308, -49.08254, -135.48537],
						"0.1667": [43.40037, -33.65434, -166.29754],
						"1.125": [156.57159, -23.49599, -236.84759],
						"1.9583": [156.57159, -23.49599, -236.84759],
						"2.2917": {
							"pre": [151.14893, -58.93121, -235.36675],
							"post": [151.14893, -58.93121, -235.36675],
							"lerp_mode": "catmullrom"
						},
						"2.5": {
							"post": [90.07308, -49.08254, -135.48537],
							"lerp_mode": "catmullrom"
						}
					},
					"position": {
						"0.0": [6.8562, -15.6825, -5.94187],
						"0.1667": [11.8562, -35.6825, -11.94187],
						"0.3333": [14.87, -46.02, -7.16],
						"0.7917": [23.15, -29.46, -5.27],
						"1.125": [6.985, -4.68, 0.06],
						"1.9583": [6.985, -4.68, 0.06],
						"2.2917": {
							"pre": [12.99, -10.68, 0.06],
							"post": [12.99, -10.68, 0.06],
							"lerp_mode": "catmullrom"
						},
						"2.5": {
							"post": [6.8562, -15.6825, -5.94187],
							"lerp_mode": "catmullrom"
						}
					},
					"scale": [1, 1.5, 1]
				},
				"righthand": {
					"rotation": [99.05188, 15.0716, -167.92777],
					"position": [-6.90625, -11.8, 5.91719],
					"scale": [1, 1.5, 1]
				},
				"root": {
					"rotation": {
						"0.0": {
							"post": [0, 0, 0],
							"lerp_mode": "catmullrom"
						},
						"0.1667": {
							"post": [0.71, 2.14, -2.14],
							"lerp_mode": "catmullrom"
						},
						"0.3333": {
							"post": [-10, 5, -7.5],
							"lerp_mode": "catmullrom"
						},
						"0.375": {
							"post": [-8.75, 5, 6.25],
							"lerp_mode": "catmullrom"
						},
						"0.4167": {
							"post": [7.5, 0, 5],
							"lerp_mode": "catmullrom"
						},
						"0.4583": {
							"post": [7.5, -5, 7.5],
							"lerp_mode": "catmullrom"
						},
						"0.7917": {
							"post": [0, -2.5, 2.5],
							"lerp_mode": "catmullrom"
						},
						"1.25": {
							"post": [2.5, -2.5, 5],
							"lerp_mode": "catmullrom"
						},
						"1.5417": {
							"post": [7.5, -5, 12.5],
							"lerp_mode": "catmullrom"
						},
						"1.7083": {
							"post": [7.5, -5, 12.5],
							"lerp_mode": "catmullrom"
						},
						"1.75": {
							"post": [12.5, -10, 17.5],
							"lerp_mode": "catmullrom"
						},
						"1.7917": {
							"post": [15, -12.5, 20],
							"lerp_mode": "catmullrom"
						},
						"1.8333": {
							"post": [14.64, -11.94, 15.28],
							"lerp_mode": "catmullrom"
						},
						"2.0": {
							"post": [10, -7.5, 20],
							"lerp_mode": "catmullrom"
						},
						"2.3333": {
							"post": [-5, -5, 12.5],
							"lerp_mode": "catmullrom"
						},
						"2.5417": {
							"post": [2, -2.5, 2.5],
							"lerp_mode": "catmullrom"
						},
						"2.6667": {
							"post": [0, 0, 0],
							"lerp_mode": "catmullrom"
						}
					},
					"position": {
						"0.0": {
							"post": [0, 0, 0],
							"lerp_mode": "catmullrom"
						},
						"0.3333": {
							"post": [-0.5, 0.5, 1],
							"lerp_mode": "catmullrom"
						},
						"0.375": {
							"post": [-0.5, 0.13, -0.5],
							"lerp_mode": "catmullrom"
						},
						"0.4167": {
							"post": [-0.5, -0.75, -2],
							"lerp_mode": "catmullrom"
						},
						"0.7917": {
							"post": [-0.5, -0.25, -2],
							"lerp_mode": "catmullrom"
						},
						"1.25": {
							"post": [-0.5, -1, -2],
							"lerp_mode": "catmullrom"
						},
						"1.75": {
							"post": [-0.5, -1.42, -2],
							"lerp_mode": "catmullrom"
						},
						"2.0": {
							"post": [-0.5, -0.92, -2],
							"lerp_mode": "catmullrom"
						},
						"2.5417": {
							"post": [0, -0.25, 0],
							"lerp_mode": "catmullrom"
						},
						"2.6667": {
							"post": [0, 0, 0],
							"lerp_mode": "catmullrom"
						}
					}
				},
				"mag_and_lefthand": {
					"rotation": {
						"1.25": {
							"pre": [0, 0, 0],
							"post": [0, 0, 0],
							"lerp_mode": "catmullrom"
						},
						"1.4583": {
							"post": [26.77542, -37.24081, -22.99024],
							"lerp_mode": "catmullrom"
						},
						"1.5833": {
							"post": [-2.5, 12.5, 0],
							"lerp_mode": "catmullrom"
						},
						"1.6667": {
							"post": [-2.5, 40, 5],
							"lerp_mode": "catmullrom"
						},
						"1.75": [0, 0, 0]
					},
					"position": {
						"0.5417": [0, 0, 0],
						"1.25": {
							"pre": [12, -20, 0],
							"post": [12, -20, 0],
							"lerp_mode": "catmullrom"
						},
						"1.4583": {
							"post": [8, -6, 0],
							"lerp_mode": "catmullrom"
						},
						"1.5833": {
							"post": [3, 2.5, 5],
							"lerp_mode": "catmullrom"
						},
						"1.6667": {
							"post": [3.5, 3, 5.25],
							"lerp_mode": "catmullrom"
						},
						"1.75": [0, 0, 0]
					}
				},
				"mag_and_bullet": {
					"rotation": {
						"0.375": [0, 0, 0],
						"0.4167": [50, 0, 0],
						"0.5833": [135, 0, 0],
						"1.0": [59.06, 0, 0],
						"1.1667": [0, 0, 0]
					},
					"position": {
						"0.125": [0, 0, 0],
						"0.2083": [0, 0.1, 0],
						"0.375": [0, 0.1, 0],
						"0.4167": [0, 5.1, 7],
						"0.5833": [0, 15.1, 18],
						"1.0": [0, 6.61, 47.88],
						"1.125": [0, -19.22, 27.36],
						"1.2917": [0, 0, 0]
					}
				},
				"shround": {
					"rotation": {
						"0.0833": [0, 0, 0],
						"0.1667": [24, 0, 0],
						"2.25": [24, 0, 0],
						"2.375": [0, 0, 0]
					}
				},
				"bolt": {
					"position": {
						"2.25": [0, 0, 2.5],
						"2.3333": [0, 0, 0]
					}
				},
				"constraint": {
					"rotation": {
						"2.4583": [0.15, 0.15, 0.15],
						"2.5417": [0, 0, 0]
					},
					"position": {
						"2.4583": [0.1, 0.1, 0.1],
						"2.5417": [0, 0, 0]
					}
				},
				"camera": {
					"rotation": {
						"0.375": [0, 0, 0],
						"0.4167": [2, -1, 2],
						"0.5": [0, 1, -1],
						"0.5833": [0, 0, 0],
						"1.7083": [0, 0, 0],
						"1.75": [1, -1, 1],
						"1.8333": [0, 0.5, -1],
						"1.9167": [0, 0, 0]
					}
				}
			},
			"sound_effects": {
				"0.0": {
					"effect": "halor6:type-57b_carbine/carbine_shell_open"
				},
				"0.3333": {
					"effect": "halor6:type-57b_carbine/carbine_magout"
				},
				"1.7083": {
					"effect": "halor6:type-57b_carbine/carbine_magin"
				},
				"2.25": {
					"effect": "halor6:type-57b_carbine/carbine_shell_close"
				}
			}
		},
		"static_bolt_caught": {
			"loop": true,
			"bones": {
				"bolt": {
					"position": [0, 0, 2.5]
				}
			}
		},
		"aim_start": {
			"animation_length": 0.4167,
			"bones": {
				"sight_illuminated": {
					"rotation": {
						"0.0": [0, 0, 0],
						"0.125": [-100, 0, 0]
					},
					"position": {
						"0.0": [0, 0, 0],
						"0.125": [0, 0.2, 0]
					},
					"scale": {
						"0.0417": [1, 1, 1],
						"0.125": [2, 2, 2]
					}
				},
				"dot_illuminated": {
					"position": [0, 0, -45]
				}
			}
		},
		"aim_end": {
			"animation_length": 0.6667,
			"bones": {
				"sight_illuminated": {
					"rotation": {
						"0.0": [-100, 0, 0],
						"0.125": [0, 0, 0]
					},
					"position": {
						"0.0": [0, 0.2, 0],
						"0.125": [0, 0, 0]
					},
					"scale": {
						"0.0": [2, 2, 2],
						"0.0833": [1, 1, 1]
					}
				},
				"dot_illuminated": {
					"position": {
						"0.0": [0, 0, -45],
						"0.125": [0, 0, 0]
					}
				}
			}
		},
		"aim": {
			"loop": true,
			"animation_length": 0.6667,
			"bones": {
				"sight_illuminated": {
					"rotation": [-100, 0, 0],
					"position": [0, 0.2, 0],
					"scale": 2
				},
				"dot_illuminated": {
					"position": [0, 0, -45]
				}
			}
		},
		"shoot": {
			"animation_length": 0.6667,
			"bones": {
				"root": {
					"rotation": {
						"0.0": {
							"post": [0, 0, 0],
							"lerp_mode": "catmullrom"
						},
						"0.0417": {
							"post": [0.24839, 0.0283, -6.49994],
							"lerp_mode": "catmullrom"
						},
						"0.0833": {
							"post": [-2.16351, -0.12391, -1.41431],
							"lerp_mode": "catmullrom"
						},
						"0.1667": {
							"post": [-0.9984, 0.06651, 0.74977],
							"lerp_mode": "catmullrom"
						},
						"0.25": {
							"post": [0.37499, -0.00327, 0.24998],
							"lerp_mode": "catmullrom"
						},
						"0.4167": {
							"post": [-0.135, 0, -0.18],
							"lerp_mode": "catmullrom"
						},
						"0.5417": [0.125, 0, 0],
						"0.6667": [0, 0, 0]
					},
					"position": {
						"0.0": {
							"post": [0, 0, 0],
							"lerp_mode": "catmullrom"
						},
						"0.0417": {
							"post": [0, -0.3, 1.65],
							"lerp_mode": "catmullrom"
						},
						"0.25": {
							"post": [0, -0.0625, -0.075],
							"lerp_mode": "catmullrom"
						},
						"0.375": {
							"post": [0, -0.0625, 0.03125],
							"lerp_mode": "catmullrom"
						},
						"0.5417": [0, 0, 0],
						"0.6667": [0, 0, 0]
					}
				},
				"bolt": {
					"position": {
						"0.0": [0, 0, 0],
						"0.0417": [0, 0, 2.5],
						"0.0833": [0, 0, 2.5],
						"0.1667": [0, 0, 0]
					}
				},
				"camera": {
					"rotation": {
						"0.0": {
							"post": [0, 0, 0],
							"lerp_mode": "catmullrom"
						},
						"0.0417": {
							"post": [0, 0, 0.5],
							"lerp_mode": "catmullrom"
						},
						"0.0833": {
							"post": [0, 0, -0.3],
							"lerp_mode": "catmullrom"
						},
						"0.125": {
							"post": [0, 0, -0.2],
							"lerp_mode": "catmullrom"
						},
						"0.1667": {
							"post": [0, 0, 0.1],
							"lerp_mode": "catmullrom"
						},
						"0.25": {
							"post": [0, 0, -0.07],
							"lerp_mode": "catmullrom"
						},
						"0.2917": {
							"post": [0, 0, 0],
							"lerp_mode": "catmullrom"
						}
					}
				},
				"constraint": {
					"rotation": {
						"0.25": [0.15, 0.15, 0.15],
						"0.3333": [0, 0, 0]
					},
					"position": {
						"0.25": [0.1, 0.1, 0.1],
						"0.3333": [0, 0, 0]
					}
				}
			}
		},
		"draw": {
			"animation_length": 0.75,
			"bones": {
				"root": {
					"rotation": {
						"0.0": {
							"post": [-40.13913, -20.46944, 41.88579],
							"lerp_mode": "catmullrom"
						},
						"0.2083": {
							"post": [-39.30059, -7.75648, 28.79983],
							"lerp_mode": "catmullrom"
						},
						"0.3333": {
							"post": [-7.45883, -1.51391, 10.10231],
							"lerp_mode": "catmullrom"
						},
						"0.4167": {
							"post": [1.37749, -0.08367, -1.55166],
							"lerp_mode": "catmullrom"
						},
						"0.5": {
							"post": [-0.45456, -0.10457, 0.82333],
							"lerp_mode": "catmullrom"
						},
						"0.5833": [-0.065, -0.44, -0.27],
						"0.7083": [0, 0, 0]
					},
					"position": {
						"0.0": {
							"post": [0, -22.6875, 7.8125],
							"lerp_mode": "catmullrom"
						},
						"0.125": {
							"post": [-0.14, -9.4725, -0.195],
							"lerp_mode": "catmullrom"
						},
						"0.25": {
							"post": [-0.22, -2.29, -1.425],
							"lerp_mode": "catmullrom"
						},
						"0.3333": {
							"post": [-0.125, -1.635, -1.975],
							"lerp_mode": "catmullrom"
						},
						"0.4167": {
							"post": [0, -0.305, 0.05],
							"lerp_mode": "catmullrom"
						},
						"0.5417": {
							"post": [0.05, 0, -0.15],
							"lerp_mode": "catmullrom"
						},
						"0.625": [-0.025, 0, 0.05],
						"0.75": [0, 0, 0]
					}
				},
				"lefthand": {
					"rotation": [90.07308, -49.08254, -135.48537],
					"position": [6.8562, -15.6825, -5.94187],
					"scale": [1, 1.5, 1]
				},
				"righthand": {
					"rotation": [99.05188, 15.0716, -167.92777],
					"position": [-6.90625, -11.8, 5.91719],
					"scale": [1, 1.5, 1]
				},
				"camera": {
					"rotation": {
						"0.0": {
							"post": [0, 0, 0],
							"lerp_mode": "catmullrom"
						},
						"0.1667": {
							"post": [0.45, -0.175, 0.6],
							"lerp_mode": "catmullrom"
						},
						"0.4167": {
							"post": [-0.1, 0.05, -0.175],
							"lerp_mode": "catmullrom"
						},
						"0.5": {
							"post": [0.05, 0, 0.05],
							"lerp_mode": "catmullrom"
						},
						"0.6667": {
							"post": [0, 0, 0],
							"lerp_mode": "catmullrom"
						}
					}
				}
			}
		},
		"inspect": {
			"animation_length": 5.25,
			"bones": {
				"root": {
					"rotation": {
						"0.0": [0, 0, 0],
						"0.0417": [-1.15, 0.01, -0.57],
						"0.0833": [-2.8, 0.11, -1.25],
						"0.125": [-4.67, -0.36, -2.89],
						"0.1667": [-6.5, -2.07, -6.35],
						"0.2083": [-8.7, -5.62, -12.48],
						"0.25": [-11.25, -10.49, -20.61],
						"0.2917": [-13.25, -15.76, -29.32],
						"0.3333": [-13.79, -20.46, -37.21],
						"0.375": [-12.04, -24.63, -44.41],
						"0.4167": [-8.68, -28.68, -51.5],
						"0.4583": [-5.08, -32.24, -57.74],
						"0.5": [-2.6, -34.94, -62.39],
						"0.5417": [-1.81, -36.28, -64.57],
						"0.5833": [-1.62, -36.99, -65.62],
						"0.625": [-1.77, -37.31, -65.94],
						"0.6667": [-1.99, -37.45, -65.98],
						"0.7083": [-2.02, -37.63, -66.14],
						"0.75": [-1.93, -37.76, -66.3],
						"0.7917": [-1.83, -37.84, -66.37],
						"0.8333": [-1.71, -37.87, -66.38],
						"0.875": [-1.59, -37.87, -66.34],
						"0.9167": [-1.48, -37.85, -66.28],
						"0.9583": [-1.36, -37.83, -66.2],
						"1.0": [-1.26, -37.8, -66.14],
						"1.0417": [-1.18, -37.78, -66.1],
						"1.0833": [-1.11, -37.79, -66.11],
						"1.125": [-1.04, -37.83, -66.2],
						"1.1667": [-1.02, -37.87, -66.34],
						"1.2083": [-1.03, -37.92, -66.5],
						"1.25": [-1.05, -37.96, -66.66],
						"1.2917": [-1.05, -37.98, -66.79],
						"1.3333": [-1.05, -37.99, -66.88],
						"1.375": [-1.05, -38, -66.96],
						"1.4167": [-1.05, -37.99, -67.03],
						"1.4583": [-1.05, -37.98, -67.1],
						"1.5": [-1.05, -37.97, -67.18],
						"1.5417": [-1.05, -37.97, -67.26],
						"1.5833": [-1.06, -37.96, -67.41],
						"1.625": [-1.06, -37.95, -67.59],
						"1.6667": [-1.07, -37.94, -67.77],
						"1.7083": [-1.07, -37.92, -67.87],
						"1.75": [-1.07, -37.9, -67.83],
						"1.7917": [-1.08, -37.89, -67.79],
						"1.8333": [-1.09, -37.87, -67.77],
						"1.875": [-1.09, -37.84, -67.69],
						"1.9167": [-1.1, -37.82, -67.45],
						"1.9583": [-1.11, -37.8, -66.96],
						"2.0": [-1.11, -37.79, -66.11],
						"2.0417": [-0.77, -38.16, -64.83],
						"2.0833": [-0.2, -38.8, -63.37],
						"2.125": [-0.09, -38.94, -60.53],
						"2.1667": [-1.11, -37.79, -55.11],
						"2.2083": [-7.29, -30.97, -34.42],
						"2.25": [-15.62, -21.36, -9.19],
						"2.2917": [-25, -10.06, 16],
						"2.3333": [-32.91, 0.97, 38.17],
						"2.375": [-34.65, 5.41, 45.94],
						"2.4167": [-35.29, 9.45, 52.05],
						"2.4583": [-35.41, 12.79, 56.66],
						"2.5": [-35.64, 15.19, 59.92],
						"2.5417": [-36.05, 16.27, 61.33],
						"2.5833": [-36.35, 16.27, 60.97],
						"2.625": [-36.57, 15.83, 59.93],
						"2.6667": [-36.72, 15.58, 59.25],
						"2.7083": [-36.8, 15.6, 58.91],
						"2.75": [-36.73, 15.56, 58.77],
						"2.7917": [-36.74, 15.54, 58.83],
						"2.8333": [-36.75, 15.52, 58.96],
						"2.875": [-36.76, 15.49, 59.13],
						"2.9167": [-36.77, 15.47, 59.3],
						"2.9583": [-36.77, 15.45, 59.45],
						"3.0": [-36.77, 15.45, 59.55],
						"3.0417": [-36.78, 15.44, 59.51],
						"3.0833": [-36.78, 15.42, 59.36],
						"3.125": [-36.79, 15.4, 59.16],
						"3.1667": [-36.79, 15.39, 58.97],
						"3.2083": [-36.79, 15.39, 58.84],
						"3.25": [-36.78, 15.42, 58.84],
						"3.2917": [-36.76, 15.49, 59.01],
						"3.3333": [-36.72, 15.6, 59.43],
						"3.375": [-36.61, 15.92, 60.8],
						"3.4167": [-36.45, 16.38, 62.81],
						"3.4583": [-36.28, 16.88, 65.05],
						"3.5": [-36.12, 17.34, 67.1],
						"3.5417": [-36, 17.68, 68.54],
						"3.5833": [-35.97, 17.79, 68.97],
						"3.625": [-35.95, 17.88, 69.27],
						"3.6667": [-35.94, 17.94, 69.48],
						"3.7083": [-35.94, 17.98, 69.59],
						"3.75": [-35.94, 18.01, 69.63],
						"3.7917": [-35.95, 18.03, 69.62],
						"3.8333": [-35.95, 18.04, 69.57],
						"3.875": [-35.95, 18.05, 69.51],
						"3.9167": [-35.95, 18.05, 69.44],
						"3.9583": [-35.93, 18.05, 69.4],
						"4.0": [-35.92, 18.05, 69.38],
						"4.0417": [-35.93, 18.05, 69.37],
						"4.0833": [-35.94, 18.05, 69.37],
						"4.125": [-35.95, 18.04, 69.33],
						"4.1667": [-35.94, 18.01, 69.25],
						"4.2083": [-35.92, 17.98, 69.08],
						"4.25": [-35.86, 17.92, 68.81],
						"4.2917": [-35.77, 17.85, 68.41],
						"4.3333": [-35.63, 17.76, 67.86],
						"4.375": [-35.68, 17.86, 66.51],
						"4.4167": [-35.9, 18.14, 64.85],
						"4.4583": [-35.33, 17.83, 62.24],
						"4.5": [-33, 16.18, 58.04],
						"4.5417": [-27.82, 12.16, 51.32],
						"4.5833": [-20.56, 6.43, 42.69],
						"4.625": [-13.14, 0.83, 33.75],
						"4.6667": [-7.42, -2.84, 26.12],
						"4.7083": [-3.06, -3.62, 18.13],
						"4.75": [-0.62, -2.05, 11.52],
						"4.7917": [0.81, -0.65, 6.5],
						"4.8333": [1.18, -0.29, 3.45],
						"4.875": [0.55, -0.11, 2],
						"4.9167": [0, 0, 1.25],
						"4.9583": [-0.05, 0.04, 2.33],
						"5.0": [-0.03, 0.02, 1.51],
						"5.0417": [0, 0, 0.5],
						"5.0833": [0, 0, 0.22],
						"5.125": [0, 0, 0.08],
						"5.1667": [0, 0, 0],
						"5.2083": [0, 0, -0.03],
						"5.25": [0, 0, -0.03]
					},
					"position": {
						"0.0": {
							"post": [0, 0, 0],
							"lerp_mode": "catmullrom"
						},
						"0.5417": {
							"post": [0, 0, -6],
							"lerp_mode": "catmullrom"
						},
						"2.0833": {
							"post": [0.25, 0.25, -6],
							"lerp_mode": "catmullrom"
						},
						"2.625": {
							"post": [4.75, 0.25, -6],
							"lerp_mode": "catmullrom"
						},
						"4.5": {
							"post": [5, 0.25, -6],
							"lerp_mode": "catmullrom"
						},
						"4.875": {
							"post": [0, 0, 0],
							"lerp_mode": "catmullrom"
						}
					}
				},
				"lefthand": {
					"rotation": {
						"0.0": {
							"post": [90.07308, -49.08254, -135.48537],
							"lerp_mode": "catmullrom"
						},
						"0.25": {
							"post": [90.07308, -49.08254, -135.48537],
							"lerp_mode": "catmullrom"
						},
						"0.5": [90.07, -49.08, -135.49],
						"2.2083": [90.07, -49.08, -135.49],
						"2.4583": [90.07, -31.58, -185.49],
						"4.5417": [90.07, -31.58, -185.49],
						"4.7917": {
							"pre": [90.07308, -49.08254, -135.48537],
							"post": [90.07308, -49.08254, -135.48537],
							"lerp_mode": "catmullrom"
						}
					},
					"position": {
						"0.0": {
							"post": [6.8562, -15.6825, -5.94187],
							"lerp_mode": "catmullrom"
						},
						"0.25": {
							"post": [6.8562, -15.6825, -5.94187],
							"lerp_mode": "catmullrom"
						},
						"0.5": [6.86, -19.68, -1.94],
						"2.2083": [6.86, -19.68, -1.94],
						"2.3333": [11.99, -13.68, -1.94],
						"2.4583": [9.11, -7.68, -1.94],
						"4.5417": [9.11, -7.68, -1.94],
						"4.6667": {
							"pre": [9.98, -11.68, -3.94],
							"post": [9.98, -11.68, -3.94],
							"lerp_mode": "catmullrom"
						},
						"4.7917": {
							"post": [6.8562, -15.6825, -5.94187],
							"lerp_mode": "catmullrom"
						}
					},
					"scale": {
						"0.0": {
							"post": [1, 1.5, 1],
							"lerp_mode": "catmullrom"
						}
					}
				},
				"righthand": {
					"rotation": [99.05188, 15.0716, -167.92777],
					"position": [-6.90625, -11.8, 5.91719],
					"scale": [1, 1.5, 1]
				},
				"camera": {
					"rotation": {
						"0.0": [0, 0, 0],
						"0.875": {
							"pre": [29.5, 7.5, 0],
							"post": [29.5, 7.5, 0],
							"lerp_mode": "catmullrom"
						},
						"2.0417": [20, 2.5, 0],
						"3.125": {
							"pre": [5, -7.5, 0],
							"post": [5, -7.5, 0],
							"lerp_mode": "catmullrom"
						},
						"4.2083": {
							"post": [10, -5, 0],
							"lerp_mode": "catmullrom"
						},
						"4.875": {
							"post": [0, 0, 0],
							"lerp_mode": "catmullrom"
						}
					}
				}
			}
		},
		"run_start": {
			"animation_length": 0.1667,
			"bones": {
				"root": {
					"rotation": {
						"0.0": {
							"post": [0, 0, 0],
							"lerp_mode": "catmullrom"
						},
						"0.1667": {
							"post": [5.48, -31.62, 7.6],
							"lerp_mode": "catmullrom"
						}
					},
					"position": {
						"0.0": {
							"post": [0, 0, 0],
							"lerp_mode": "catmullrom"
						},
						"0.1667": {
							"post": [0.99, -1.91, 0],
							"lerp_mode": "catmullrom"
						}
					}
				}
			}
		},
		"run_hold": {
			"loop": true,
			"animation_length": 0.5833,
			"bones": {
				"root": {
					"rotation": {
						"0.0": {
							"post": [6.46, -37.29, 8.96],
							"lerp_mode": "catmullrom"
						}
					},
					"position": {
						"0.0": {
							"post": [1.17, -2.25, 0],
							"lerp_mode": "catmullrom"
						}
					}
				}
			}
		},
		"run": {
			"loop": true,
			"animation_length": 0.7917,
			"bones": {
				"root": {
					"rotation": {
						"0.0": {
							"post": [2.5, -40, 15],
							"lerp_mode": "catmullrom"
						},
						"0.125": {
							"post": [6.46, -37.29, 8.96],
							"lerp_mode": "catmullrom"
						},
						"0.25": {
							"post": [0, -20, 12.5],
							"lerp_mode": "catmullrom"
						},
						"0.375": {
							"post": [3.5, -18.5, 4.5],
							"lerp_mode": "catmullrom"
						},
						"0.5": {
							"post": [1.46, -22.29, 13.96],
							"lerp_mode": "catmullrom"
						},
						"0.6667": {
							"post": [1.5, -41, 15],
							"lerp_mode": "catmullrom"
						},
						"0.7917": {
							"post": [2.5, -40, 15],
							"lerp_mode": "catmullrom"
						}
					},
					"position": {
						"0.0": {
							"post": [3, -1.25, 0],
							"lerp_mode": "catmullrom"
						},
						"0.125": {
							"post": [1.17, -2.25, 0],
							"lerp_mode": "catmullrom"
						},
						"0.25": {
							"post": [1, -1.25, 0],
							"lerp_mode": "catmullrom"
						},
						"0.375": {
							"post": [2, -1.25, 0],
							"lerp_mode": "catmullrom"
						},
						"0.5": {
							"post": [1.7, -2.25, 0],
							"lerp_mode": "catmullrom"
						},
						"0.6667": {
							"post": [3, -1, 0],
							"lerp_mode": "catmullrom"
						},
						"0.7917": {
							"post": [3, -1.25, 0],
							"lerp_mode": "catmullrom"
						}
					}
				}
			}
		},
		"melee_stock": {
			"animation_length": 1.125,
			"bones": {
				"root": {
					"rotation": {
						"0.0": {
							"post": [0, 0, 0],
							"lerp_mode": "catmullrom"
						},
						"0.0833": {
							"post": [-10, -7.5, 27.5],
							"lerp_mode": "catmullrom"
						},
						"0.125": {
							"post": [-112.92, 16.32, 92.3],
							"lerp_mode": "catmullrom"
						},
						"0.1667": {
							"post": [-112.92, 16.32, 92.3],
							"lerp_mode": "catmullrom"
						},
						"0.2083": {
							"post": [-115.17, 16.32, 92.3],
							"lerp_mode": "catmullrom"
						},
						"0.625": {
							"post": [-115.17, 16.32, 92.3],
							"lerp_mode": "catmullrom"
						},
						"0.75": {
							"post": [-75.01, -6.66, 61.31],
							"lerp_mode": "catmullrom"
						},
						"0.9583": {
							"post": [2.5, -2.5, 17.5],
							"lerp_mode": "catmullrom"
						},
						"1.0417": {
							"post": [5, -2.5, 2.5],
							"lerp_mode": "catmullrom"
						},
						"1.125": {
							"post": [0, 0, 0],
							"lerp_mode": "catmullrom"
						}
					},
					"position": {
						"0.0": {
							"post": [0, 0, 0],
							"lerp_mode": "catmullrom"
						},
						"0.0833": {
							"post": [-8, -4, 4],
							"lerp_mode": "catmullrom"
						},
						"0.125": {
							"post": [9.2479, 6.14632, -11.22319],
							"lerp_mode": "catmullrom"
						},
						"0.1667": {
							"post": [9.2479, 6.14632, -11.22319],
							"lerp_mode": "catmullrom"
						},
						"0.2083": {
							"post": [8.66776, 5.51921, -10.98837],
							"lerp_mode": "catmullrom"
						},
						"0.25": {
							"post": [9.12, 5.81, -11.46],
							"lerp_mode": "catmullrom"
						},
						"0.5833": {
							"post": [9.66776, 5.51921, -10.98837],
							"lerp_mode": "catmullrom"
						},
						"0.75": {
							"post": [5.6792, 0.08328, -9.90935],
							"lerp_mode": "catmullrom"
						},
						"0.9583": {
							"post": [-0.75, -2, -0.5],
							"lerp_mode": "catmullrom"
						},
						"1.125": {
							"post": [0, 0, 0],
							"lerp_mode": "catmullrom"
						}
					}
				},
				"lefthand": {
					"rotation": {
						"0.0": [90.07308, -49.08254, -135.48537],
						"0.125": [3.82586, -14.66758, -100.76687],
						"0.6667": [3.82586, -14.66758, -100.76687],
						"0.9167": [90.07308, -49.08254, -135.48537]
					},
					"position": {
						"0.0": [6.8562, -15.6825, -5.94187],
						"0.125": [6.3562, -14.9325, -9.94187],
						"0.6667": [6.3562, -14.9325, -9.94187],
						"0.9167": [6.8562, -15.6825, -5.94187]
					},
					"scale": [1, 1.5, 1]
				},
				"righthand": {
					"rotation": {
						"0.0": [99.05188, 15.0716, -167.92777],
						"0.125": [4.75259, 4.33699, -181.12838],
						"0.7083": [4.75259, 4.33699, -181.12838],
						"0.8333": [69.40223, 9.70429, -174.52807],
						"0.9167": [99.05188, 15.0716, -167.92777]
					},
					"position": {
						"0.0": [-6.90625, -11.8, 5.91719],
						"0.125": [-6.68035, -8.61945, 8.96623],
						"0.7083": [-6.68035, -8.61945, 8.96623],
						"0.8333": [-9.43, -11.18, 3.98],
						"0.9167": [-6.90625, -11.8, 5.91719]
					},
					"scale": [1, 1.5, 1]
				},
				"camera": {
					"rotation": {
						"0.0": {
							"post": [0, 0, 0],
							"lerp_mode": "catmullrom"
						},
						"0.0833": {
							"post": [1, 2, 2.5],
							"lerp_mode": "catmullrom"
						},
						"0.125": {
							"post": [-1.5, -1.1, -2.5],
							"lerp_mode": "catmullrom"
						},
						"0.2083": {
							"post": [1, 0.5, 1],
							"lerp_mode": "catmullrom"
						},
						"0.2917": {
							"post": [-0.6, -0.7, -1],
							"lerp_mode": "catmullrom"
						},
						"0.4167": {
							"post": [0.4, 0.6, 0],
							"lerp_mode": "catmullrom"
						},
						"0.625": {
							"post": [0, 0, 0],
							"lerp_mode": "catmullrom"
						},
						"0.75": {
							"post": [1, 1.5, 0],
							"lerp_mode": "catmullrom"
						},
						"0.9167": {
							"post": [0, 0, 0],
							"lerp_mode": "catmullrom"
						},
						"1.0833": {
							"post": [0, 0, 0],
							"lerp_mode": "catmullrom"
						}
					}
				}
			}
		},
		"run_end": {
			"animation_length": 0.625,
			"bones": {
				"root": {
					"rotation": {
						"0.0": {
							"post": [6.46, -37.29, 8.96],
							"lerp_mode": "catmullrom"
						},
						"0.0833": {
							"post": [8.14, -33.67, 9.81],
							"lerp_mode": "catmullrom"
						},
						"0.25": {
							"post": [-1, -2, -1],
							"lerp_mode": "catmullrom"
						},
						"0.4583": {
							"post": [1, -2.5, 5],
							"lerp_mode": "catmullrom"
						},
						"0.5417": {
							"post": [0, -2.5, 2.5],
							"lerp_mode": "catmullrom"
						},
						"0.625": {
							"post": [0, 0, 0],
							"lerp_mode": "catmullrom"
						}
					},
					"position": {
						"0.0": {
							"post": [1.17, -2.25, 0],
							"lerp_mode": "catmullrom"
						},
						"0.0833": {
							"post": [1, -2.62, 0],
							"lerp_mode": "catmullrom"
						},
						"0.25": {
							"post": [-0.25, -1.25, 0],
							"lerp_mode": "catmullrom"
						},
						"0.3333": {
							"post": [-0.75, -0.75, 0],
							"lerp_mode": "catmullrom"
						},
						"0.4583": {
							"post": [-0.75, -0.5, -0.5],
							"lerp_mode": "catmullrom"
						},
						"0.625": {
							"post": [0, 0, 0],
							"lerp_mode": "catmullrom"
						}
					}
				}
			}
		},
		"put_away": {
			"animation_length": 0.375,
			"bones": {
				"root": {
					"rotation": {
						"0.0": {
							"post": [0, 0, 0],
							"lerp_mode": "catmullrom"
						},
						"0.125": {
							"post": [-1.5, -7, 10],
							"lerp_mode": "catmullrom"
						},
						"0.2083": {
							"post": [3.57, 11.59, 13.58],
							"lerp_mode": "catmullrom"
						},
						"0.375": {
							"post": [41.5, 9, 17],
							"lerp_mode": "catmullrom"
						}
					},
					"position": {
						"0.0": {
							"post": [0, 0, 0],
							"lerp_mode": "catmullrom"
						},
						"0.125": {
							"post": [-1, -1, 0],
							"lerp_mode": "catmullrom"
						},
						"0.375": {
							"post": [-9, -10, 0],
							"lerp_mode": "catmullrom"
						}
					}
				},
				"lefthand": {
					"rotation": [90.07308, -49.08254, -135.48537],
					"position": [6.8562, -15.6825, -5.94187],
					"scale": [1, 1.5, 1]
				},
				"righthand": {
					"rotation": [99.05188, 15.0716, -167.92777],
					"position": [-6.90625, -11.8, 5.91719],
					"scale": [1, 1.5, 1]
				},
				"camera": {
					"rotation": {
						"0.0": [0, 0, 0],
						"0.0417": [0.05, 0, -0.04],
						"0.0833": [0.22, 0, -0.13],
						"0.125": [0.3, 0, -0.12],
						"0.1667": [0.43, 0, 0],
						"0.2083": [0.56, 0, 0.18],
						"0.25": [0.64, 0, 0.29],
						"0.2917": [0.59, 0, 0.22],
						"0.375": [0, 0, 0]
					}
				}
			}
		}
	}
}