{
	"format_version": "1.8.0",
	"animations": {
		"static_idle": {
			"loop": true,
			"bones": {
				"lefthand": {
					"rotation": [90.07308, -49.08254, -135.48537],
					"position": [7.33276, -14.94031, -23.94187],
					"scale": [1, 1.5, 1]
				},
				"righthand": {
					"rotation": [99.05188, 15.0716, -167.92777],
					"position": [-6.96094, -14.95625, -9.30156],
					"scale": [1, 1.5, 1]
				}
			}
		},
		"reload_tactical": {
			"animation_length": 2.1667,
			"bones": {
				"lefthand": {
					"rotation": {
						"0.0": [90.07308, -49.08254, -135.48537],
						"0.1333": [90.07308, -49.08254, -135.48537],
						"0.7333": [41.52216, -6.79397, -82.79062],
						"1.4": [41.52216, -6.79397, -82.79062],
						"1.5": [46.52216, -11.79397, -90.29062],
						"1.6333": [65.90772, -37.4925, -113.79951],
						"1.7": {
							"pre": [90.07308, -49.08254, -135.48537],
							"post": [90.07308, -49.08254, -135.48537],
							"lerp_mode": "catmullrom"
						}
					},
					"position": {
						"0.0": [7.33276, -14.94031, -23.94187],
						"0.1333": [17.33, -30.94, -9.94],
						"0.2": [34.59, -29.54, 1.4],
						"0.3333": [17.33, -30.94, -9.94],
						"0.7333": [6.03313, -21.84687, -14.24969],
						"1.4": [6.03313, -21.84687, -14.24969],
						"1.5": [7.03313, -22.84687, -15.24969],
						"1.6333": [8.52875, -18.39, -20.1],
						"1.7": {
							"pre": [7.33276, -14.94031, -23.94187],
							"post": [7.33276, -14.94031, -23.94187],
							"lerp_mode": "catmullrom"
						}
					},
					"scale": [1, 1.5, 1]
				},
				"righthand": {
					"rotation": [99.05188, 15.0716, -167.92777],
					"position": [-6.96094, -14.95625, -9.30156],
					"scale": [1, 1.5, 1]
				},
				"root": {
					"rotation": {
						"0.0": {
							"post": [0, 0, 0],
							"lerp_mode": "catmullrom"
						},
						"0.1667": {
							"post": [-5, 10, 52.5],
							"lerp_mode": "catmullrom"
						},
						"0.2333": {
							"post": [-5, 10, 57.5],
							"lerp_mode": "catmullrom"
						},
						"0.3": {
							"post": [-17.22, -4.11, -18.52],
							"lerp_mode": "catmullrom"
						},
						"0.3667": {
							"post": [-17.5, -0.5, -20],
							"lerp_mode": "catmullrom"
						},
						"0.5": {
							"post": [-21.45, -4.88, -10.63],
							"lerp_mode": "catmullrom"
						},
						"0.6333": {
							"post": [-20, -3, -5],
							"lerp_mode": "catmullrom"
						},
						"0.8": {
							"post": [-17.58, -7.13, -10.57],
							"lerp_mode": "catmullrom"
						},
						"1.0667": {
							"post": [-24.13133, -10.39199, -11.43718],
							"lerp_mode": "catmullrom"
						},
						"1.2667": {
							"post": [-22.55987, -10.15229, -15.54352],
							"lerp_mode": "catmullrom"
						},
						"1.3": {
							"post": [-27.16525, -4.57494, -12.21179],
							"lerp_mode": "catmullrom"
						},
						"1.3333": {
							"post": [-23.52, -9.71, -14.11],
							"lerp_mode": "catmullrom"
						},
						"1.4667": {
							"post": [-14.63925, -10.59772, -11.08451],
							"lerp_mode": "catmullrom"
						},
						"1.6333": {
							"post": [-7.44299, 2.36511, -3.28294],
							"lerp_mode": "catmullrom"
						},
						"1.8333": {
							"post": [0.23203, 0, -1.4],
							"lerp_mode": "catmullrom"
						},
						"1.9333": {
							"post": [-0.36328, 0.125, 0.725],
							"lerp_mode": "catmullrom"
						},
						"2.0333": {
							"post": [0, 0, 0],
							"lerp_mode": "catmullrom"
						},
						"2.1667": {
							"post": [0, 0, 0],
							"lerp_mode": "catmullrom"
						}
					},
					"position": {
						"0.0": {
							"post": [0, 0, 0],
							"lerp_mode": "catmullrom"
						},
						"0.1667": {
							"post": [-4, 4.5, -4],
							"lerp_mode": "catmullrom"
						},
						"0.2333": {
							"post": [-4, 5, -4],
							"lerp_mode": "catmullrom"
						},
						"0.3": {
							"post": [-1.5, -0.5, -4],
							"lerp_mode": "catmullrom"
						},
						"0.4667": {
							"post": [-3, 1, -4],
							"lerp_mode": "catmullrom"
						},
						"0.8": {
							"post": [-3, 2, -4],
							"lerp_mode": "catmullrom"
						},
						"1.1": {
							"post": [-2, 1.25, -4],
							"lerp_mode": "catmullrom"
						},
						"1.2667": {
							"post": [-2, 1.25, -4],
							"lerp_mode": "catmullrom"
						},
						"1.3": {
							"post": [-1.75, 2, -4],
							"lerp_mode": "catmullrom"
						},
						"1.5333": {
							"post": [-2, 1.25, -3],
							"lerp_mode": "catmullrom"
						},
						"1.7333": {
							"post": [-0.275, -0.725, -1.25],
							"lerp_mode": "catmullrom"
						},
						"1.8333": {
							"post": [0.025, -0.075, 0.2],
							"lerp_mode": "catmullrom"
						},
						"1.9333": {
							"post": [0, -0.025, -0.075],
							"lerp_mode": "catmullrom"
						},
						"2.0333": {
							"post": [0, 0, 0],
							"lerp_mode": "catmullrom"
						},
						"2.1667": {
							"post": [0, 0, 0],
							"lerp_mode": "catmullrom"
						}
					}
				},
				"mag_and_lefthand": {
					"rotation": {
						"0.2667": [0, 0, 0],
						"0.3333": [0, 0, 0],
						"0.4": [0, 0, 0],
						"0.4667": {
							"pre": [25, 0, -32.5],
							"post": [25, 0, -32.5],
							"lerp_mode": "catmullrom"
						},
						"0.8667": {
							"post": [25, 0, -32.5],
							"lerp_mode": "catmullrom"
						},
						"0.9": {
							"post": [25, 0, -32.5],
							"lerp_mode": "catmullrom"
						},
						"0.9667": [12.52528, 5.20454, -2.6863],
						"1.0333": [0, 0, 0],
						"1.2333": [0, 0, 0],
						"1.2667": [0, 0, 0]
					},
					"position": {
						"0.2667": [0, 0, 0],
						"0.3333": [0, -8.1, 3.85],
						"0.4": [0, -16.1, 7.85],
						"0.4667": {
							"pre": [-4, -25, 48.75],
							"post": [-4, -25, 48.75],
							"lerp_mode": "catmullrom"
						},
						"0.8667": {
							"post": [-4, -25, 48.75],
							"lerp_mode": "catmullrom"
						},
						"0.9": {
							"post": [3, -15, 16.75],
							"lerp_mode": "catmullrom"
						},
						"0.9667": [0.53906, -8.38281, 5.50781],
						"1.0333": [0, -8, 3.75],
						"1.2333": [0, -8, 3.75],
						"1.2667": [0, 0, 0]
					}
				},
				"constraint": {
					"rotation": {
						"1.8": [0.15, 0.15, 0.15],
						"1.9": [0, 0, 0]
					},
					"position": {
						"1.8": [0.1, 0.1, 0.1],
						"1.9": [0, 0, 0]
					}
				},
				"camera": {
					"rotation": {
						"0.2333": {
							"pre": [0, 0, 0],
							"post": [0, 0, 0],
							"lerp_mode": "catmullrom"
						},
						"0.3": {
							"post": [0.5, -0.5, 0.5],
							"lerp_mode": "catmullrom"
						},
						"0.3333": {
							"post": [-0.3, 0.5, -0.3],
							"lerp_mode": "catmullrom"
						},
						"0.4": {
							"post": [0, 0, 0],
							"lerp_mode": "catmullrom"
						},
						"1.2333": {
							"post": [0, 0, 0],
							"lerp_mode": "catmullrom"
						},
						"1.3": {
							"post": [-0.5, 0.5, -0.5],
							"lerp_mode": "catmullrom"
						},
						"1.3667": {
							"post": [0.5, -0.5, 0.3],
							"lerp_mode": "catmullrom"
						},
						"1.4333": {
							"post": [0, 0, 0],
							"lerp_mode": "catmullrom"
						}
					}
				}
			},
			"sound_effects": {
				"0.1667": {
					"effect": "halor6:vk78/vk78_magout"
				},
				"1.1": {
					"effect": "halor6:vk78/vk78_magin"
				}
			}
		},
		"reload_tactical0": {
			"animation_length": 2.4333,
			"bones": {
				"root": {
					"rotation": {
						"0.0": {
							"post": [0, 0, 0],
							"lerp_mode": "catmullrom"
						},
						"0.1": {
							"post": [-9.9798, -5.69315, -3.78492],
							"lerp_mode": "catmullrom"
						},
						"0.2333": {
							"post": [-22.64721, -22.90108, -21.45411],
							"lerp_mode": "catmullrom"
						},
						"0.3333": {
							"post": [-24.56547, -22.82701, -21.2417],
							"lerp_mode": "catmullrom"
						},
						"0.4333": {
							"post": [-26.35801, -22.34596, -21.20416],
							"lerp_mode": "catmullrom"
						},
						"0.5": {
							"post": [-25, -19.88, -15.64],
							"lerp_mode": "catmullrom"
						},
						"0.6667": {
							"post": [-26.24593, -23.51754, -21.31471],
							"lerp_mode": "catmullrom"
						},
						"0.8667": {
							"post": [-25.5015, -23.9375, -22.89313],
							"lerp_mode": "catmullrom"
						},
						"0.9667": {
							"post": [-23.46, -24.065, -26.635],
							"lerp_mode": "catmullrom"
						},
						"1.1333": {
							"post": [-14.54539, -30.31528, -46.1261],
							"lerp_mode": "catmullrom"
						},
						"1.3667": {
							"post": [-14.13133, -30.39199, -46.43718],
							"lerp_mode": "catmullrom"
						},
						"1.5": {
							"post": [-12.55987, -30.15229, -48.04352],
							"lerp_mode": "catmullrom"
						},
						"1.5333": {
							"post": [-24.66525, -27.07494, -32.21179],
							"lerp_mode": "catmullrom"
						},
						"1.6333": {
							"post": [-12.13925, -30.59772, -48.58451],
							"lerp_mode": "catmullrom"
						},
						"1.7333": {
							"post": [-10.12376, -24.67061, -40.79487],
							"lerp_mode": "catmullrom"
						},
						"1.8333": {
							"post": [-2.44299, -5.13489, -8.28294],
							"lerp_mode": "catmullrom"
						},
						"1.9667": {
							"post": [-0.48906, -0.82, 1.005],
							"lerp_mode": "catmullrom"
						},
						"2.0667": {
							"post": [0.23203, 0, -1.4],
							"lerp_mode": "catmullrom"
						},
						"2.1667": {
							"post": [-0.36328, 0.125, 0.725],
							"lerp_mode": "catmullrom"
						},
						"2.2667": {
							"post": [0, 0, 0],
							"lerp_mode": "catmullrom"
						},
						"2.4": {
							"post": [0, 0, 0],
							"lerp_mode": "catmullrom"
						}
					},
					"position": {
						"0.0": {
							"post": [0, 0, 0],
							"lerp_mode": "catmullrom"
						},
						"0.1": {
							"post": [-0.08, -1.26, -2.28],
							"lerp_mode": "catmullrom"
						},
						"0.2333": {
							"post": [-1.6, -0.95, -4.1],
							"lerp_mode": "catmullrom"
						},
						"0.4333": {
							"post": [-1.6, -0.95, -4.1],
							"lerp_mode": "catmullrom"
						},
						"0.5": {
							"post": [-1.71, -1.305, -4.25],
							"lerp_mode": "catmullrom"
						},
						"0.6": {
							"post": [-1.6, -0.95, -4.1],
							"lerp_mode": "catmullrom"
						},
						"0.8667": {
							"post": [-1.62, -0.68, -4.15],
							"lerp_mode": "catmullrom"
						},
						"1.2333": {
							"post": [-1.68, -1.28, -4.28],
							"lerp_mode": "catmullrom"
						},
						"1.7333": {
							"post": [-1.6, -0.95, -4.1],
							"lerp_mode": "catmullrom"
						},
						"1.9667": {
							"post": [-0.275, -0.725, -1.25],
							"lerp_mode": "catmullrom"
						},
						"2.0667": {
							"post": [0.025, -0.075, 0.2],
							"lerp_mode": "catmullrom"
						},
						"2.1667": {
							"post": [0, -0.025, -0.075],
							"lerp_mode": "catmullrom"
						},
						"2.2667": {
							"post": [0, 0, 0],
							"lerp_mode": "catmullrom"
						},
						"2.4": {
							"post": [0, 0, 0],
							"lerp_mode": "catmullrom"
						}
					}
				},
				"mag_and_lefthand": {
					"rotation": {
						"0.4667": {
							"pre": [0, 0, 0],
							"post": [0, 0, 0],
							"lerp_mode": "catmullrom"
						},
						"0.5": {
							"post": [7.41, 0, -20.63],
							"lerp_mode": "catmullrom"
						},
						"0.5667": {
							"post": [25, 0, -32.5],
							"lerp_mode": "catmullrom"
						},
						"1.1667": {
							"post": [25, 0, -32.5],
							"lerp_mode": "catmullrom"
						},
						"1.2": {
							"post": [25, 0, -32.5],
							"lerp_mode": "catmullrom"
						},
						"1.2667": [12.52528, 5.20454, -2.6863],
						"1.3333": [0, 0, 0],
						"1.4333": [0, 0, 0]
					},
					"position": {
						"0.4": [0, 0, 0],
						"0.4667": [0, -8, 3.75],
						"0.5667": {
							"pre": [3, -15, 16.75],
							"post": [3, -15, 16.75],
							"lerp_mode": "catmullrom"
						},
						"1.1667": {
							"post": [-4, -25, 48.75],
							"lerp_mode": "catmullrom"
						},
						"1.2": {
							"post": [3, -15, 16.75],
							"lerp_mode": "catmullrom"
						},
						"1.2667": [0.53906, -8.38281, 5.50781],
						"1.3333": [0, -8, 3.75],
						"1.4333": [0, -8, 3.75],
						"1.5333": [0, 0, 0]
					}
				},
				"lefthand": {
					"rotation": {
						"0.0": [90.07308, -49.08254, -135.48537],
						"0.1": [90.07308, -49.08254, -135.48537],
						"0.2333": {
							"pre": [75.8001, -46.58793, -144.3706],
							"post": [75.8001, -46.58793, -144.3706],
							"lerp_mode": "catmullrom"
						},
						"0.3667": {
							"post": [78.3001, -46.58793, -144.3706],
							"lerp_mode": "catmullrom"
						},
						"1.3": [41.52216, -6.79397, -82.79062],
						"1.7333": [41.52216, -6.79397, -82.79062],
						"1.8333": [65.90772, -37.4925, -113.79951],
						"1.9": {
							"pre": [90.07308, -49.08254, -135.48537],
							"post": [90.07308, -49.08254, -135.48537],
							"lerp_mode": "catmullrom"
						}
					},
					"position": {
						"0.0": [7.33276, -14.94031, -23.94187],
						"0.1": [7.33276, -14.94031, -23.94187],
						"0.1667": {
							"pre": [8.21, -15.99, -21.5],
							"post": [8.21, -15.99, -21.5],
							"lerp_mode": "catmullrom"
						},
						"0.2333": {
							"post": [7.08, -17.04938, -19.065],
							"lerp_mode": "catmullrom"
						},
						"0.3333": {
							"post": [7.08, -17.04938, -19.065],
							"lerp_mode": "catmullrom"
						},
						"0.4": [7.08, -20.8, -15.32],
						"1.3": [6.03313, -21.84687, -14.24969],
						"1.7333": [6.03313, -21.84687, -14.24969],
						"1.8333": [8.52875, -18.39, -20.1],
						"1.9": {
							"pre": [7.33276, -14.94031, -23.94187],
							"post": [7.33276, -14.94031, -23.94187],
							"lerp_mode": "catmullrom"
						}
					},
					"scale": [1, 1.5, 1]
				},
				"righthand": {
					"rotation": [99.05188, 15.0716, -167.92777],
					"position": [-6.96094, -14.95625, -9.30156],
					"scale": [1, 1.5, 1]
				},
				"camera": {
					"rotation": {
						"0.4": {
							"pre": [0, 0, 0],
							"post": [0, 0, 0],
							"lerp_mode": "catmullrom"
						},
						"0.4667": {
							"post": [0.5, -0.5, 0.5],
							"lerp_mode": "catmullrom"
						},
						"0.5": {
							"post": [-0.3, 0.5, -0.3],
							"lerp_mode": "catmullrom"
						},
						"0.5667": {
							"post": [0, 0, 0],
							"lerp_mode": "catmullrom"
						},
						"1.4667": {
							"post": [0, 0, 0],
							"lerp_mode": "catmullrom"
						},
						"1.5333": {
							"post": [-0.5, 0.5, -0.5],
							"lerp_mode": "catmullrom"
						},
						"1.6": {
							"post": [0.5, -0.5, 0.3],
							"lerp_mode": "catmullrom"
						},
						"1.6667": {
							"post": [0, 0, 0],
							"lerp_mode": "catmullrom"
						}
					}
				}
			},
			"sound_effects": {
				"0.3667": {
					"effect": "halor6:vk78/vk78_magout"
				},
				"1.4": {
					"effect": "halor6:vk78/vk78_magin"
				}
			}
		},
		"reload_empty": {
			"animation_length": 2.6667,
			"bones": {
				"root": {
					"rotation": {
						"0.0": {
							"post": [0, 0, 0],
							"lerp_mode": "catmullrom"
						},
						"0.1333": {
							"post": [-5, 10, 52.5],
							"lerp_mode": "catmullrom"
						},
						"0.2": {
							"post": [-5, 10, 57.5],
							"lerp_mode": "catmullrom"
						},
						"0.2667": {
							"post": [-17.22, -4.11, -18.52],
							"lerp_mode": "catmullrom"
						},
						"0.3333": {
							"post": [-17.5, -0.5, -20],
							"lerp_mode": "catmullrom"
						},
						"0.4667": {
							"post": [-21.45, -4.88, -10.63],
							"lerp_mode": "catmullrom"
						},
						"0.6": {
							"post": [-20, -3, -5],
							"lerp_mode": "catmullrom"
						},
						"0.7667": {
							"post": [-17.58, -7.13, -10.57],
							"lerp_mode": "catmullrom"
						},
						"0.9333": {
							"post": [-24.13133, -10.39199, -11.43718],
							"lerp_mode": "catmullrom"
						},
						"1.1333": {
							"post": [-22.55987, -10.15229, -15.54352],
							"lerp_mode": "catmullrom"
						},
						"1.1667": {
							"post": [-27.16525, -4.57494, -12.21179],
							"lerp_mode": "catmullrom"
						},
						"1.2": {
							"post": [-23.52, -9.71, -14.11],
							"lerp_mode": "catmullrom"
						},
						"1.3333": {
							"post": [-14.63925, -10.59772, -11.08451],
							"lerp_mode": "catmullrom"
						},
						"1.4667": {
							"post": [-20.47346, -11.7359, -7.09728],
							"lerp_mode": "catmullrom"
						},
						"1.5667": {
							"post": [-21.86, -11, -6.39],
							"lerp_mode": "catmullrom"
						},
						"1.6667": {
							"post": [-24.00347, -8.98312, -0.98896],
							"lerp_mode": "catmullrom"
						},
						"1.8": {
							"post": [-18.65332, -7.7245, 6.55394],
							"lerp_mode": "catmullrom"
						},
						"1.8333": {
							"post": [2.00538, 3.88438, -1.86873],
							"lerp_mode": "catmullrom"
						},
						"1.9": {
							"post": [-3.05, 3.16, 3.96],
							"lerp_mode": "catmullrom"
						},
						"2.0667": {
							"post": [2.29732, 0.47681, -1.32414],
							"lerp_mode": "catmullrom"
						},
						"2.2333": {
							"post": [-0.48906, -0.82, 1.005],
							"lerp_mode": "catmullrom"
						},
						"2.3333": {
							"post": [0.23203, 0, -1.4],
							"lerp_mode": "catmullrom"
						},
						"2.4333": {
							"post": [-0.36328, 0.125, 0.725],
							"lerp_mode": "catmullrom"
						},
						"2.5333": {
							"post": [0, 0, 0],
							"lerp_mode": "catmullrom"
						},
						"2.6667": {
							"post": [0, 0, 0],
							"lerp_mode": "catmullrom"
						}
					},
					"position": {
						"0.0": {
							"post": [0, 0, 0],
							"lerp_mode": "catmullrom"
						},
						"0.1333": {
							"post": [-4, 4.5, -4],
							"lerp_mode": "catmullrom"
						},
						"0.2": {
							"post": [-4, 5, -4],
							"lerp_mode": "catmullrom"
						},
						"0.2667": {
							"post": [-1.5, -0.5, -4],
							"lerp_mode": "catmullrom"
						},
						"0.4333": {
							"post": [-3, 1, -4],
							"lerp_mode": "catmullrom"
						},
						"0.7667": {
							"post": [-3, 2, -4],
							"lerp_mode": "catmullrom"
						},
						"0.9667": {
							"post": [-2, 1.25, -4],
							"lerp_mode": "catmullrom"
						},
						"1.1333": {
							"post": [-2, 1.25, -4],
							"lerp_mode": "catmullrom"
						},
						"1.1667": {
							"post": [-1.75, 2, -4],
							"lerp_mode": "catmullrom"
						},
						"1.4": {
							"post": [-2, 1.25, -3],
							"lerp_mode": "catmullrom"
						},
						"1.6667": {
							"post": [-3.1, -2.2, -4.1],
							"lerp_mode": "catmullrom"
						},
						"1.8": {
							"post": [-3.36, -3.39, -2.37],
							"lerp_mode": "catmullrom"
						},
						"1.8333": {
							"post": [-2.93, -3.41, -3.61],
							"lerp_mode": "catmullrom"
						},
						"1.9333": {
							"post": [-2.43, -2.41, -2.61],
							"lerp_mode": "catmullrom"
						},
						"2.0667": {
							"post": [-2.1, -1.2, -2.1],
							"lerp_mode": "catmullrom"
						},
						"2.2333": {
							"post": [-0.275, -0.725, -1.25],
							"lerp_mode": "catmullrom"
						},
						"2.3333": {
							"post": [0.025, -0.075, 0.2],
							"lerp_mode": "catmullrom"
						},
						"2.4333": {
							"post": [0, -0.025, -0.075],
							"lerp_mode": "catmullrom"
						},
						"2.5333": {
							"post": [0, 0, 0],
							"lerp_mode": "catmullrom"
						},
						"2.6667": {
							"post": [0, 0, 0],
							"lerp_mode": "catmullrom"
						}
					}
				},
				"mag_and_lefthand": {
					"rotation": {
						"0.2333": [0, 0, 0],
						"0.3": [0, 0, 0],
						"0.3667": [0, 0, 0],
						"0.4333": {
							"pre": [25, 0, -32.5],
							"post": [25, 0, -32.5],
							"lerp_mode": "catmullrom"
						},
						"0.7333": {
							"post": [25, 0, -32.5],
							"lerp_mode": "catmullrom"
						},
						"0.7667": {
							"post": [25, 0, -32.5],
							"lerp_mode": "catmullrom"
						},
						"0.8333": [12.52528, 5.20454, -2.6863],
						"0.9": [0, 0, 0],
						"1.1": [0, 0, 0],
						"1.1333": [0, 0, 0]
					},
					"position": {
						"0.2333": [0, 0, 0],
						"0.3": [0, -8.1, 3.85],
						"0.3667": [0, -16.1, 7.85],
						"0.4333": {
							"pre": [-4, -25, 48.75],
							"post": [-4, -25, 48.75],
							"lerp_mode": "catmullrom"
						},
						"0.7333": {
							"post": [-4, -25, 48.75],
							"lerp_mode": "catmullrom"
						},
						"0.7667": {
							"post": [3, -15, 16.75],
							"lerp_mode": "catmullrom"
						},
						"0.8333": [0.53906, -8.38281, 5.50781],
						"0.9": [0, -8, 3.75],
						"1.1": [0, -8, 3.75],
						"1.1333": [0, 0, 0]
					}
				},
				"lefthand": {
					"rotation": {
						"0.0": [90.07308, -49.08254, -135.48537],
						"0.1333": [90.07308, -49.08254, -135.48537],
						"0.7": [41.52216, -6.79397, -82.79062],
						"1.2667": [41.52216, -6.79397, -82.79062],
						"1.3667": [46.52216, -11.79397, -90.29062],
						"1.4333": {
							"pre": [72.16313, -30.00767, -129.03605],
							"post": [72.16313, -30.00767, -129.03605],
							"lerp_mode": "catmullrom"
						},
						"1.5333": [107.67501, -56.48511, -158.72032],
						"1.6": [107.67501, -56.48511, -158.72032],
						"1.8": [107.67501, -56.48511, -158.72032],
						"1.8667": [103.69905, -32.78272, -150.17218],
						"2.0667": [103.69905, -32.78272, -150.17218],
						"2.1667": [90.07308, -49.08254, -135.48537]
					},
					"position": {
						"0.0": [7.33276, -14.94031, -23.94187],
						"0.1333": [17.33, -30.94, -9.94],
						"0.1667": [34.59, -29.54, 1.4],
						"0.3": [17.33, -30.94, -9.94],
						"0.7": [6.03313, -21.84687, -14.24969],
						"1.2667": [6.03313, -21.84687, -14.24969],
						"1.3667": [7.03313, -22.84687, -15.24969],
						"1.4333": {
							"pre": [9.49, -17.41, -16.32],
							"post": [9.49, -17.41, -16.32],
							"lerp_mode": "catmullrom"
						},
						"1.5333": [9.905, -10.0375, -19.75],
						"1.6": [9.905, -10.0375, -19.75],
						"1.7": [9.9, -10.04, -14.75],
						"1.8": [9.9, -10.04, -14.75],
						"1.8667": [11.9, -17.04, -6.75],
						"2.0667": [11.9, -17.04, -10.75],
						"2.1667": [7.33276, -14.94031, -23.94187]
					},
					"scale": [1, 1.5, 1]
				},
				"bullet": {
					"position": {
						"0.5": [0, -2.5, 0.75781],
						"0.5333": [0, 0, 0]
					}
				},
				"righthand": {
					"rotation": [99.05188, 15.0716, -167.92777],
					"position": [-6.96094, -14.95625, -9.30156],
					"scale": [1, 1.5, 1]
				},
				"bolt": {
					"position": {
						"1.6": [0, 0, 0],
						"1.7": [0, 0, 5],
						"1.8": [0, 0, 5],
						"1.8667": [0, 0, 0]
					}
				},
				"constraint": {
					"rotation": {
						"2.3": [0.15, 0.15, 0.15],
						"2.4": [0, 0, 0]
					},
					"position": {
						"2.3": [0.1, 0.1, 0.1],
						"2.4": [0, 0, 0]
					}
				},
				"camera": {
					"rotation": {
						"0.2": {
							"pre": [0, 0, 0],
							"post": [0, 0, 0],
							"lerp_mode": "catmullrom"
						},
						"0.2667": {
							"post": [0.5, -0.5, 0.5],
							"lerp_mode": "catmullrom"
						},
						"0.3": {
							"post": [-0.3, 0.5, -0.3],
							"lerp_mode": "catmullrom"
						},
						"0.3667": {
							"post": [0, 0, 0],
							"lerp_mode": "catmullrom"
						},
						"1.0667": {
							"post": [0, 0, 0],
							"lerp_mode": "catmullrom"
						},
						"1.1333": {
							"post": [-0.5, 0.5, -0.5],
							"lerp_mode": "catmullrom"
						},
						"1.2": {
							"post": [0.5, -0.5, 0.3],
							"lerp_mode": "catmullrom"
						},
						"1.2667": {
							"post": [0, 0, 0],
							"lerp_mode": "catmullrom"
						},
						"1.6667": {
							"post": [0, 0, 0],
							"lerp_mode": "catmullrom"
						},
						"1.8": {
							"post": [1, 1, -1],
							"lerp_mode": "catmullrom"
						},
						"1.8667": {
							"post": [-0.7, -0.7, -1.2],
							"lerp_mode": "catmullrom"
						},
						"1.9333": {
							"post": [0, 0, 0],
							"lerp_mode": "catmullrom"
						}
					}
				}
			},
			"sound_effects": {
				"0.1333": {
					"effect": "halor6:vk78/vk78_magout"
				},
				"0.9333": {
					"effect": "halor6:vk78/vk78_magin"
				},
				"1.5333": {
					"effect": "halor6:vk78/vk78_boltback"
				},
				"1.7": {
					"effect": "halor6:vk78/vk78_boltfwd"
				}
			}
		},
		"reload_empty0": {
			"animation_length": 2.6333,
			"bones": {
				"root": {
					"rotation": {
						"0.0": {
							"post": [0, 0, 0],
							"lerp_mode": "catmullrom"
						},
						"0.2": {
							"post": [-19.38471, -16.82991, -32.3642],
							"lerp_mode": "catmullrom"
						},
						"0.2667": {
							"post": [-9.1521, 0.08215, 27.29557],
							"lerp_mode": "catmullrom"
						},
						"0.4": {
							"post": [-9.29487, -0.07472, 7.58992],
							"lerp_mode": "catmullrom"
						},
						"0.5333": {
							"post": [-14.73408, -0.23906, -0.7848],
							"lerp_mode": "catmullrom"
						},
						"0.6667": {
							"post": [-16.96821, -16.71444, -24.80076],
							"lerp_mode": "catmullrom"
						},
						"0.8333": {
							"post": [-13.94057, -31.46872, -42.62368],
							"lerp_mode": "catmullrom"
						},
						"0.9333": {
							"post": [-16.45968, -31.28289, -40.21024],
							"lerp_mode": "catmullrom"
						},
						"1.0": {
							"post": [-13.68515, -31.95261, -44.12631],
							"lerp_mode": "catmullrom"
						},
						"1.1": {
							"post": [-12.55987, -30.15229, -48.04352],
							"lerp_mode": "catmullrom"
						},
						"1.1333": {
							"post": [-24.66525, -27.07494, -32.21179],
							"lerp_mode": "catmullrom"
						},
						"1.1667": {
							"post": [-21.02, -29.71, -31.61],
							"lerp_mode": "catmullrom"
						},
						"1.2667": {
							"post": [-14.68, -31.16, -41.21],
							"lerp_mode": "catmullrom"
						},
						"1.4": {
							"post": [-20.47346, -11.7359, -7.09728],
							"lerp_mode": "catmullrom"
						},
						"1.5": {
							"post": [-21.86, -11, -6.39],
							"lerp_mode": "catmullrom"
						},
						"1.6": {
							"post": [-24.00347, -8.98312, -0.98896],
							"lerp_mode": "catmullrom"
						},
						"1.7333": {
							"post": [-18.65332, -7.7245, 6.55394],
							"lerp_mode": "catmullrom"
						},
						"1.7667": {
							"post": [2.00538, 3.88438, -1.86873],
							"lerp_mode": "catmullrom"
						},
						"1.8333": {
							"post": [-3.05, 3.16, 3.96],
							"lerp_mode": "catmullrom"
						},
						"2.0": {
							"post": [2.29732, 0.47681, -1.32414],
							"lerp_mode": "catmullrom"
						},
						"2.1667": {
							"post": [-0.48906, -0.82, 1.005],
							"lerp_mode": "catmullrom"
						},
						"2.2667": {
							"post": [0.23203, 0, -1.4],
							"lerp_mode": "catmullrom"
						},
						"2.3667": {
							"post": [-0.36328, 0.125, 0.725],
							"lerp_mode": "catmullrom"
						},
						"2.4667": {
							"post": [0, 0, 0],
							"lerp_mode": "catmullrom"
						},
						"2.6": {
							"post": [0, 0, 0],
							"lerp_mode": "catmullrom"
						}
					},
					"position": {
						"0.0": {
							"post": [0, 0, 0],
							"lerp_mode": "catmullrom"
						},
						"0.1667": {
							"post": [-0.6, 1.05, -4.1],
							"lerp_mode": "catmullrom"
						},
						"0.2667": {
							"post": [-2.6, -0.95, -4.1],
							"lerp_mode": "catmullrom"
						},
						"0.8333": {
							"post": [-2.6, -0.95, -4.1],
							"lerp_mode": "catmullrom"
						},
						"1.1": {
							"post": [-2.6, -0.95, -4.1],
							"lerp_mode": "catmullrom"
						},
						"1.1333": {
							"post": [-3.1, -0.2, -4.1],
							"lerp_mode": "catmullrom"
						},
						"1.3": {
							"post": [-2.6, -0.7, -4.1],
							"lerp_mode": "catmullrom"
						},
						"1.6": {
							"post": [-3.1, -2.2, -4.1],
							"lerp_mode": "catmullrom"
						},
						"1.7333": {
							"post": [-3.36, -3.39, -2.37],
							"lerp_mode": "catmullrom"
						},
						"1.7667": {
							"post": [-2.93, -3.41, -3.61],
							"lerp_mode": "catmullrom"
						},
						"1.8667": {
							"post": [-2.43, -2.41, -2.61],
							"lerp_mode": "catmullrom"
						},
						"2.0": {
							"post": [-2.1, -1.2, -2.1],
							"lerp_mode": "catmullrom"
						},
						"2.1667": {
							"post": [-0.275, -0.725, -1.25],
							"lerp_mode": "catmullrom"
						},
						"2.2667": {
							"post": [0.025, -0.075, 0.2],
							"lerp_mode": "catmullrom"
						},
						"2.3667": {
							"post": [0, -0.025, -0.075],
							"lerp_mode": "catmullrom"
						},
						"2.4667": {
							"post": [0, 0, 0],
							"lerp_mode": "catmullrom"
						},
						"2.6": {
							"post": [0, 0, 0],
							"lerp_mode": "catmullrom"
						}
					}
				},
				"mag_and_lefthand": {
					"rotation": {
						"0.0333": [0, 0, 0],
						"0.2": [0, 0, 0],
						"0.3333": [0, 0, 0],
						"0.4333": [70.5392, 8.04932, 21.6175],
						"0.7667": {
							"pre": [25, 0, -32.5],
							"post": [25, 0, -32.5],
							"lerp_mode": "catmullrom"
						},
						"0.8": {
							"post": [25, 0, -32.5],
							"lerp_mode": "catmullrom"
						},
						"0.8667": [12.52528, 5.20454, -2.6863],
						"0.9667": [0, 0, 0],
						"1.0667": [0, 0, 0],
						"1.1333": [0, 0, 0]
					},
					"position": {
						"0.0333": [0, 0, 0],
						"0.1333": [0, -1.15, 0.425],
						"0.2": [0, -1.15, 0.425],
						"0.3333": [0, -8.1, 3.85],
						"0.4333": [0, -14.1, 6.2],
						"0.7667": {
							"pre": [-4, -25, 48.75],
							"post": [-4, -25, 48.75],
							"lerp_mode": "catmullrom"
						},
						"0.8": {
							"post": [3, -15, 16.75],
							"lerp_mode": "catmullrom"
						},
						"0.8667": [0.53906, -8.38281, 5.50781],
						"0.9667": [0, -8, 3.75],
						"1.0667": [0, -8, 3.75],
						"1.1333": [0, 0, 0]
					}
				},
				"lefthand": {
					"rotation": {
						"0.0": [90.07308, -49.08254, -135.48537],
						"0.1": [90.07308, -49.08254, -135.48537],
						"0.8667": [41.52216, -6.79397, -82.79062],
						"1.3": {
							"pre": [41.52216, -6.79397, -82.79062],
							"post": [41.52216, -6.79397, -82.79062],
							"lerp_mode": "catmullrom"
						},
						"1.3667": {
							"post": [72.16313, -30.00767, -129.03605],
							"lerp_mode": "catmullrom"
						},
						"1.4667": [107.67501, -56.48511, -158.72032],
						"1.5333": [107.67501, -56.48511, -158.72032],
						"1.7333": [107.67501, -56.48511, -158.72032],
						"1.8": [103.69905, -32.78272, -150.17218],
						"2.0": [103.69905, -32.78272, -150.17218],
						"2.1": [90.07308, -49.08254, -135.48537]
					},
					"position": {
						"0.0": [7.33276, -14.94031, -23.94187],
						"0.1": [17.33, -30.94, -9.94],
						"0.8667": [6.03313, -21.84687, -14.24969],
						"1.3": {
							"pre": [6.03313, -21.84687, -14.24969],
							"post": [6.03313, -21.84687, -14.24969],
							"lerp_mode": "catmullrom"
						},
						"1.3667": {
							"post": [9.49, -17.41, -16.32],
							"lerp_mode": "catmullrom"
						},
						"1.4667": [9.905, -10.0375, -19.75],
						"1.5333": [9.905, -10.0375, -19.75],
						"1.6333": [9.9, -10.04, -14.75],
						"1.7333": [9.9, -10.04, -14.75],
						"1.8": [11.9, -17.04, -6.75],
						"2.0": [11.9, -17.04, -10.75],
						"2.1": [7.33276, -14.94031, -23.94187]
					},
					"scale": [1, 1.5, 1]
				},
				"bullet": {
					"position": {
						"0.5333": [0, -2.5, 0.75781],
						"0.5667": [0, 0, 0]
					}
				},
				"righthand": {
					"rotation": [99.05188, 15.0716, -167.92777],
					"position": [-6.96094, -14.95625, -9.30156],
					"scale": [1, 1.5, 1]
				},
				"bolt": {
					"position": {
						"1.5333": [0, 0, 0],
						"1.6333": [0, 0, 5],
						"1.7333": [0, 0, 5],
						"1.8": [0, 0, 0]
					}
				},
				"constraint": {
					"rotation": {
						"2.3": [0.15, 0.15, 0.15],
						"2.4": [0, 0, 0]
					},
					"position": {
						"2.3": [0.1, 0.1, 0.1],
						"2.4": [0, 0, 0]
					}
				},
				"camera": {
					"rotation": {
						"0.2": {
							"pre": [0, 0, 0],
							"post": [0, 0, 0],
							"lerp_mode": "catmullrom"
						},
						"0.2667": {
							"post": [0.5, -0.5, 0.5],
							"lerp_mode": "catmullrom"
						},
						"0.3": {
							"post": [-0.3, 0.5, -0.3],
							"lerp_mode": "catmullrom"
						},
						"0.3667": {
							"post": [0, 0, 0],
							"lerp_mode": "catmullrom"
						},
						"1.0667": {
							"post": [0, 0, 0],
							"lerp_mode": "catmullrom"
						},
						"1.1333": {
							"post": [-0.5, 0.5, -0.5],
							"lerp_mode": "catmullrom"
						},
						"1.2": {
							"post": [0.5, -0.5, 0.3],
							"lerp_mode": "catmullrom"
						},
						"1.2667": {
							"post": [0, 0, 0],
							"lerp_mode": "catmullrom"
						},
						"1.6": {
							"post": [0, 0, 0],
							"lerp_mode": "catmullrom"
						},
						"1.7333": {
							"post": [1, 1, -1],
							"lerp_mode": "catmullrom"
						},
						"1.8": {
							"post": [-0.7, -0.7, -1.2],
							"lerp_mode": "catmullrom"
						},
						"1.8667": {
							"post": [0, 0, 0],
							"lerp_mode": "catmullrom"
						}
					}
				}
			},
			"sound_effects": {
				"0.1333": {
					"effect": "halor6:vk78/vk78_magout"
				},
				"0.9333": {
					"effect": "halor6:vk78/vk78_magin"
				},
				"1.5": {
					"effect": "halor6:vk78/vk78_boltback"
				},
				"1.6667": {
					"effect": "halor6:vk78/vk78_boltfwd"
				}
			}
		},
		"switch_auto": {
			"animation_length": 0.2917,
			"bones": {
				"lefthand": {
					"rotation": [90.07308, -49.08254, -135.48537],
					"position": [7.33276, -14.94031, -23.94187],
					"scale": [1, 1.5, 1]
				},
				"righthand": {
					"rotation": {
						"0.0": [99.05188, 15.0716, -167.92777],
						"0.0833": [99.05, 15.07, -172.93],
						"0.1667": [99.05, 15.07, -172.93],
						"0.2917": [99.05188, 15.0716, -167.92777]
					},
					"position": {
						"0.0": [-6.96094, -14.95625, -9.30156],
						"0.0833": [-7.1475, -13.96, -9.3],
						"0.1667": [-7.1475, -13.96, -9.3],
						"0.2917": [-6.96094, -14.95625, -9.30156]
					},
					"scale": [1, 1.5, 1]
				},
				"root": {
					"rotation": {
						"0.0": [0, 0, 0],
						"0.0833": [3, -2.5, -2.5],
						"0.1667": [2, -3.5, -3.5],
						"0.2917": [0, 0, 0]
					},
					"position": {
						"0.0": [0, 0, 0],
						"0.0833": [-0.1875, 0.25, 0],
						"0.1667": [-0.1875, 0.25, 0],
						"0.2917": [0, 0, 0]
					}
				},
				"safety": {
					"rotation": {
						"0.125": [0, 0, 0],
						"0.2083": [-90, 0, 0]
					}
				}
			}
		},
		"switch_semi": {
			"animation_length": 0.2917,
			"bones": {
				"lefthand": {
					"rotation": [90.07308, -49.08254, -135.48537],
					"position": [7.33276, -14.94031, -23.94187],
					"scale": [1, 1.5, 1]
				},
				"righthand": {
					"rotation": {
						"0.0": [99.05188, 15.0716, -167.92777],
						"0.0833": [99.05, 15.07, -172.93],
						"0.1667": [99.05, 15.07, -172.93],
						"0.2917": [99.05188, 15.0716, -167.92777]
					},
					"position": {
						"0.0": [-6.96094, -14.95625, -9.30156],
						"0.0833": [-7.1475, -13.96, -9.3],
						"0.1667": [-7.1475, -13.96, -9.3],
						"0.2917": [-6.96094, -14.95625, -9.30156]
					},
					"scale": [1, 1.5, 1]
				},
				"root": {
					"rotation": {
						"0.0": [0, 0, 0],
						"0.0833": [3, -2.5, -2.5],
						"0.1667": [2, -3.5, -3.5],
						"0.2917": [0, 0, 0]
					},
					"position": {
						"0.0": [0, 0, 0],
						"0.0833": [-0.1875, 0.25, 0],
						"0.1667": [-0.1875, 0.25, 0],
						"0.2917": [0, 0, 0]
					}
				},
				"safety": {
					"rotation": {
						"0.125": [-90, 0, 0],
						"0.2083": [0, 0, 0]
					}
				}
			}
		},
		"melee_stock": {
			"animation_length": 1.125,
			"bones": {
				"root": {
					"rotation": {
						"0.0": {
							"post": [0, 0, 0],
							"lerp_mode": "catmullrom"
						},
						"0.0833": {
							"post": [-10, -7.5, 27.5],
							"lerp_mode": "catmullrom"
						},
						"0.125": {
							"post": [-112.92, 16.32, 92.3],
							"lerp_mode": "catmullrom"
						},
						"0.1667": {
							"post": [-112.92, 16.32, 92.3],
							"lerp_mode": "catmullrom"
						},
						"0.2083": {
							"post": [-115.17, 16.32, 92.3],
							"lerp_mode": "catmullrom"
						},
						"0.625": {
							"post": [-115.17, 16.32, 92.3],
							"lerp_mode": "catmullrom"
						},
						"0.75": {
							"post": [-75.01, -6.66, 61.31],
							"lerp_mode": "catmullrom"
						},
						"0.9583": {
							"post": [2.5, -2.5, 17.5],
							"lerp_mode": "catmullrom"
						},
						"1.0417": {
							"post": [5, -2.5, 2.5],
							"lerp_mode": "catmullrom"
						},
						"1.125": {
							"post": [0, 0, 0],
							"lerp_mode": "catmullrom"
						}
					},
					"position": {
						"0.0": {
							"post": [0, 0, 0],
							"lerp_mode": "catmullrom"
						},
						"0.0833": {
							"post": [-8, -4, 4],
							"lerp_mode": "catmullrom"
						},
						"0.125": {
							"post": [9.2479, 7.14632, -11.72319],
							"lerp_mode": "catmullrom"
						},
						"0.1667": {
							"post": [9.2479, 7.14632, -11.72319],
							"lerp_mode": "catmullrom"
						},
						"0.2083": {
							"post": [8.66776, 6.51921, -11.48837],
							"lerp_mode": "catmullrom"
						},
						"0.25": {
							"post": [9.12, 6.81, -11.96],
							"lerp_mode": "catmullrom"
						},
						"0.5833": {
							"post": [9.66776, 6.51921, -11.48837],
							"lerp_mode": "catmullrom"
						},
						"0.75": {
							"post": [5.6792, 1.08328, -7.40935],
							"lerp_mode": "catmullrom"
						},
						"0.9583": {
							"post": [-0.75, -2, -0.5],
							"lerp_mode": "catmullrom"
						},
						"1.125": {
							"post": [0, 0, 0],
							"lerp_mode": "catmullrom"
						}
					}
				},
				"lefthand": {
					"rotation": {
						"0.0": [90.07308, -49.08254, -135.48537],
						"0.0833": [90.07308, -49.08254, -135.48537],
						"0.125": [-18.94394, -29.10194, -74.23554],
						"0.6667": [-18.94394, -29.10194, -74.23554],
						"0.9167": [90.07308, -49.08254, -135.48537]
					},
					"position": {
						"0.0": [7.33276, -14.94031, -23.94187],
						"0.0833": [7.33276, -14.94031, -23.94187],
						"0.125": [6.33276, -14.94031, -23.94187],
						"0.6667": [6.33276, -14.94031, -23.94187],
						"0.9167": [7.33276, -14.94031, -23.94187]
					},
					"scale": [1, 1.5, 1]
				},
				"righthand": {
					"rotation": {
						"0.0": [99.05188, 15.0716, -167.92777],
						"0.125": [14.75259, 4.33699, -181.12838],
						"0.7083": [14.75259, 4.33699, -181.12838],
						"0.7917": [69.40223, 9.70429, -174.52807],
						"0.9167": [99.05188, 15.0716, -167.92777]
					},
					"position": {
						"0.0": [-6.96094, -14.95625, -9.30156],
						"0.125": [-6.68035, -9.18195, -4.03377],
						"0.7083": [-6.68035, -9.18195, -4.03377],
						"0.7917": [-9.43, -12.18, -5.02],
						"0.9167": [-6.96094, -14.95625, -9.30156]
					},
					"scale": [1, 1.5, 1]
				},
				"camera": {
					"rotation": {
						"0.0": {
							"post": [0, 0, 0],
							"lerp_mode": "catmullrom"
						},
						"0.125": {
							"post": [1, 2, 2.5],
							"lerp_mode": "catmullrom"
						},
						"0.1667": {
							"post": [-1.5, -1.1, -2.5],
							"lerp_mode": "catmullrom"
						},
						"0.2917": {
							"post": [1, 0.5, 1],
							"lerp_mode": "catmullrom"
						},
						"0.625": {
							"post": [0, 0, 0],
							"lerp_mode": "catmullrom"
						},
						"0.75": {
							"post": [1, 1.5, 0],
							"lerp_mode": "catmullrom"
						},
						"0.9167": {
							"post": [0, 0, 0],
							"lerp_mode": "catmullrom"
						},
						"1.0833": {
							"post": [0, 0, 0],
							"lerp_mode": "catmullrom"
						}
					}
				}
			}
		},
		"shoot": {
			"animation_length": 0.625,
			"bones": {
				"root": {
					"rotation": {
						"0.0": [0, 0, 0],
						"0.0417": [1.23, 0, 0.73],
						"0.0833": [-0.99, 0, -1.23],
						"0.125": [-0.91, 0, -0.35],
						"0.1667": [0.18, 0, 0.53],
						"0.2083": [0.27, 0, 0.27],
						"0.25": [0.45, 0, -0.25],
						"0.2917": [0.38, -0.07, -0.08],
						"0.3333": [0.3, -0.13, 0.08],
						"0.375": [0.23, -0.2, 0.25],
						"0.4167": [0.14, -0.14, 0.09],
						"0.4583": [0.1, -0.11, 0.01],
						"0.5": [0.06, -0.07, -0.07],
						"0.5417": [0.04, -0.06, -0.06],
						"0.5833": [0.01, -0.02, -0.02],
						"0.625": [0, 0, 0]
					},
					"position": {
						"0.0": [0, 0, 0],
						"0.0417": [0, -0.02, 2.5],
						"0.125": [0, -0.05, -0.04],
						"0.1667": [0, -0.04, -0.01],
						"0.2083": [0, -0.04, 0.03],
						"0.25": [0, -0.02, 0.1],
						"0.2917": [0, -0.02, 0.07],
						"0.3333": [0, -0.01, 0.03],
						"0.375": [0, 0, 0]
					}
				},
				"bolt": {
					"position": {
						"0.0": [0, 0, 0],
						"0.0833": [0, 0, 3],
						"0.1667": [0, 0, 0]
					}
				},
				"constraint": {
					"rotation": {
						"0.0833": [0.15, 0.15, 0.15],
						"0.1667": [0, 0, 0]
					},
					"position": {
						"0.0833": [0.1, 0.1, 0.2],
						"0.1667": [0, 0, 0]
					}
				},
				"camera": {
					"rotation": {
						"0.0": {
							"post": [0, 0, 0],
							"lerp_mode": "catmullrom"
						},
						"0.0417": {
							"post": [0, 0, 0.6],
							"lerp_mode": "catmullrom"
						},
						"0.0833": {
							"post": [0, 0, -0.4],
							"lerp_mode": "catmullrom"
						},
						"0.125": {
							"post": [0, 0, 0.3],
							"lerp_mode": "catmullrom"
						},
						"0.2083": {
							"post": [0, 0, -0.1],
							"lerp_mode": "catmullrom"
						},
						"0.25": {
							"post": [0, 0, 0],
							"lerp_mode": "catmullrom"
						},
						"0.375": {
							"post": [0, 0, 0],
							"lerp_mode": "catmullrom"
						}
					}
				}
			}
		},
		"run_end": {
			"animation_length": 0.625,
			"bones": {
				"root": {
					"rotation": {
						"0.0": {
							"post": [6.46, -37.29, 8.96],
							"lerp_mode": "catmullrom"
						},
						"0.0833": {
							"post": [8.14, -33.67, 9.81],
							"lerp_mode": "catmullrom"
						},
						"0.25": {
							"post": [-1, -2, -1],
							"lerp_mode": "catmullrom"
						},
						"0.4583": {
							"post": [1, -2.5, 5],
							"lerp_mode": "catmullrom"
						},
						"0.5417": {
							"post": [0, -2.5, 2.5],
							"lerp_mode": "catmullrom"
						},
						"0.625": {
							"post": [0, 0, 0],
							"lerp_mode": "catmullrom"
						}
					},
					"position": {
						"0.0": {
							"post": [1.17, -2.25, 0],
							"lerp_mode": "catmullrom"
						},
						"0.0833": {
							"post": [1, -2.62, 0],
							"lerp_mode": "catmullrom"
						},
						"0.25": {
							"post": [-0.25, -1.25, 0],
							"lerp_mode": "catmullrom"
						},
						"0.3333": {
							"post": [-0.75, -0.75, 0],
							"lerp_mode": "catmullrom"
						},
						"0.4583": {
							"post": [-0.75, -0.5, -0.5],
							"lerp_mode": "catmullrom"
						},
						"0.625": {
							"post": [0, 0, 0],
							"lerp_mode": "catmullrom"
						}
					}
				}
			}
		},
		"run_start": {
			"animation_length": 0.1667,
			"bones": {
				"root": {
					"rotation": {
						"0.0": {
							"post": [0, 0, 0],
							"lerp_mode": "catmullrom"
						},
						"0.1667": {
							"post": [5.48, -31.62, 7.6],
							"lerp_mode": "catmullrom"
						}
					},
					"position": {
						"0.0": {
							"post": [0, 0, 0],
							"lerp_mode": "catmullrom"
						},
						"0.1667": {
							"post": [0.99, -1.91, 0],
							"lerp_mode": "catmullrom"
						}
					}
				}
			}
		},
		"run_hold": {
			"loop": true,
			"animation_length": 0.5833,
			"bones": {
				"root": {
					"rotation": {
						"0.0": {
							"post": [6.46, -37.29, 8.96],
							"lerp_mode": "catmullrom"
						}
					},
					"position": {
						"0.0": {
							"post": [1.17, -2.25, 0],
							"lerp_mode": "catmullrom"
						}
					}
				}
			}
		},
		"run": {
			"loop": true,
			"animation_length": 0.7917,
			"bones": {
				"root": {
					"rotation": {
						"0.0": {
							"post": [2.5, -40, 15],
							"lerp_mode": "catmullrom"
						},
						"0.125": {
							"post": [6.46, -37.29, 8.96],
							"lerp_mode": "catmullrom"
						},
						"0.25": {
							"post": [0, -20, 12.5],
							"lerp_mode": "catmullrom"
						},
						"0.375": {
							"post": [3.5, -18.5, 4.5],
							"lerp_mode": "catmullrom"
						},
						"0.5": {
							"post": [1.46, -22.29, 13.96],
							"lerp_mode": "catmullrom"
						},
						"0.6667": {
							"post": [1.5, -41, 15],
							"lerp_mode": "catmullrom"
						},
						"0.7917": {
							"post": [2.5, -40, 15],
							"lerp_mode": "catmullrom"
						}
					},
					"position": {
						"0.0": {
							"post": [3, -1.25, 0],
							"lerp_mode": "catmullrom"
						},
						"0.125": {
							"post": [1.17, -2.25, 0],
							"lerp_mode": "catmullrom"
						},
						"0.25": {
							"post": [1, -1.25, 0],
							"lerp_mode": "catmullrom"
						},
						"0.375": {
							"post": [2, -1.25, 0],
							"lerp_mode": "catmullrom"
						},
						"0.5": {
							"post": [1.7, -2.25, 0],
							"lerp_mode": "catmullrom"
						},
						"0.6667": {
							"post": [3, -1, 0],
							"lerp_mode": "catmullrom"
						},
						"0.7917": {
							"post": [3, -1.25, 0],
							"lerp_mode": "catmullrom"
						}
					}
				}
			}
		},
		"inspect": {
			"animation_length": 8.6,
			"bones": {
				"vector45_bolt": {
					"position": {
						"6.1667": [0, 0, 0],
						"6.3667": [0, 0, 1.23],
						"6.4": [0, 0, 1.3],
						"6.6667": [0, 0, 1.3],
						"6.9": [0, 0, 1.275],
						"7.0667": [0, 0, 1.37],
						"7.1": [0, 0, 0]
					}
				},
				"fix": {
					"rotation": {
						"5.8667": [0, 0, 0],
						"6.0667": [0, -90, 0],
						"7.0667": [0, -90, 0],
						"7.1": [0, 0, 0]
					}
				},
				"root": {
					"rotation": {
						"0.0": {
							"post": [0, 0, 0],
							"lerp_mode": "catmullrom"
						},
						"0.1": {
							"post": [-0.48222, -10.32879, -10.6371],
							"lerp_mode": "catmullrom"
						},
						"0.2667": {
							"post": [2.80857, -38.04124, -30.84864],
							"lerp_mode": "catmullrom"
						},
						"0.4": {
							"post": [11.81654, -51.31791, -40.77999],
							"lerp_mode": "catmullrom"
						},
						"0.6": {
							"post": [14.43207, -55.06151, -43.42137],
							"lerp_mode": "catmullrom"
						},
						"1.7667": {
							"post": [29.04123, -55.13168, -52.93822],
							"lerp_mode": "catmullrom"
						},
						"2.3": {
							"post": [20.11927, -52.13819, -54.42096],
							"lerp_mode": "catmullrom"
						},
						"2.5": {
							"post": [-13.05553, -34.16404, -39.12332],
							"lerp_mode": "catmullrom"
						},
						"2.6667": {
							"post": [-24.46, -29.06, -26.67],
							"lerp_mode": "catmullrom"
						},
						"2.8": {
							"post": [-24.77, -29.29, -26.41],
							"lerp_mode": "catmullrom"
						},
						"2.8667": {
							"post": [-25.53854, -28.5824, -24.30434],
							"lerp_mode": "catmullrom"
						},
						"2.9": {
							"post": [-26.02602, -27.90024, -23.26298],
							"lerp_mode": "catmullrom"
						},
						"3.1667": {
							"post": [-22.12661, -30.06214, -26.94814],
							"lerp_mode": "catmullrom"
						},
						"3.2667": {
							"post": [-17.89823, -31.26039, -38.8467],
							"lerp_mode": "catmullrom"
						},
						"3.3667": {
							"post": [-18.02675, -29.59281, -39.11901],
							"lerp_mode": "catmullrom"
						},
						"3.5": {
							"post": [-23.88068, -23.89861, -27.05986],
							"lerp_mode": "catmullrom"
						},
						"3.6": {
							"post": [-25.80209, -22.09574, -23.61591],
							"lerp_mode": "catmullrom"
						},
						"4.4667": {
							"post": [-26.42779, -21.32537, -21.92459],
							"lerp_mode": "catmullrom"
						},
						"4.6": {
							"post": [-20.88003, -27.95795, -23.38356],
							"lerp_mode": "catmullrom"
						},
						"4.7": {
							"post": [-13.29, -35, -31.65],
							"lerp_mode": "catmullrom"
						},
						"4.7667": {
							"post": [-7.08214, -39.04067, -40.65146],
							"lerp_mode": "catmullrom"
						},
						"4.8": {
							"post": [-4.53034, -42.10711, -40.64172],
							"lerp_mode": "catmullrom"
						},
						"4.9667": {
							"post": [-9.6791, -40.56442, -33.31033],
							"lerp_mode": "catmullrom"
						},
						"5.1": {
							"post": [-7.5921, -39.73003, -37.48158],
							"lerp_mode": "catmullrom"
						},
						"5.1667": {
							"post": [-15.61372, -37.31708, -24.62412],
							"lerp_mode": "catmullrom"
						},
						"5.2": {
							"post": [-10.19401, -38.49259, -33.45924],
							"lerp_mode": "catmullrom"
						},
						"5.3": {
							"post": [-10.47873, -36.44176, -27.0159],
							"lerp_mode": "catmullrom"
						},
						"5.4": {
							"post": [-10.72836, -33.76964, -25.99474],
							"lerp_mode": "catmullrom"
						},
						"5.5667": [-25, -10.06, 16],
						"5.6": [-32.91, 0.97, 38.17],
						"5.6667": [-34.65, 5.41, 45.94],
						"5.7": [-35.29, 9.45, 52.05],
						"5.7333": [-35.41, 12.79, 56.66],
						"5.7667": [-35.64, 15.19, 59.92],
						"5.8333": [-36.05, 16.27, 61.33],
						"5.8667": [-36.35, 16.27, 60.97],
						"5.9": [-36.57, 15.83, 59.93],
						"5.9333": [-36.72, 15.58, 59.25],
						"5.9667": [-36.8, 15.6, 58.91],
						"6.0333": [-36.73, 15.56, 58.77],
						"6.0667": [-36.74, 15.54, 58.83],
						"6.1": [-36.75, 15.52, 58.96],
						"6.1667": [-36.76, 15.49, 59.13],
						"6.2": [-36.77, 15.47, 59.3],
						"6.2333": [-36.77, 15.45, 59.45],
						"6.2667": [-36.77, 15.45, 59.55],
						"6.3333": [-36.78, 15.44, 59.51],
						"6.3667": [-36.78, 15.42, 59.36],
						"6.4": [-36.79, 15.4, 59.16],
						"6.4333": [-36.79, 15.39, 58.97],
						"6.4667": [-36.79, 15.39, 58.84],
						"6.5333": [-36.78, 15.42, 58.84],
						"6.5667": [-36.76, 15.49, 59.01],
						"6.6": [-36.72, 15.6, 59.43],
						"6.6667": [-36.61, 15.92, 60.8],
						"6.7": [-36.45, 16.38, 62.81],
						"6.7333": [-36.28, 16.88, 65.05],
						"6.7667": [-36.12, 17.34, 67.1],
						"6.8333": [-36, 17.68, 68.54],
						"6.8667": [-35.97, 17.79, 68.97],
						"6.9": [-35.95, 17.88, 69.27],
						"6.9333": [-35.94, 17.94, 69.48],
						"6.9667": [-35.94, 17.98, 69.59],
						"7.0333": [-35.94, 18.01, 69.63],
						"7.0667": [-35.95, 18.03, 69.62],
						"7.1": [-35.95, 18.04, 69.57],
						"7.1667": [-35.95, 18.05, 69.51],
						"7.2": [-35.95, 18.05, 69.44],
						"7.2333": [-35.93, 18.05, 69.4],
						"7.2667": [-35.92, 18.05, 69.38],
						"7.3333": [-35.93, 18.05, 69.37],
						"7.3667": [-35.94, 18.05, 69.37],
						"7.4": [-35.95, 18.04, 69.33],
						"7.4333": [-35.94, 18.01, 69.25],
						"7.4667": [-35.92, 17.98, 69.08],
						"7.5333": [-35.86, 17.92, 68.81],
						"7.5667": [-35.77, 17.85, 68.41],
						"7.6": [-35.63, 17.76, 67.86],
						"7.6667": [-35.68, 17.86, 66.51],
						"7.7": [-35.9, 18.14, 64.85],
						"7.7333": [-35.33, 17.83, 62.24],
						"7.7667": [-33, 16.18, 58.04],
						"7.8333": [-27.82, 12.16, 51.32],
						"7.8667": [-20.56, 6.43, 42.69],
						"7.9": [-13.14, 0.83, 33.75],
						"7.9333": [-7.42, -2.84, 26.12],
						"7.9667": [-3.06, -3.62, 18.13],
						"8.0333": [-0.62, -2.05, 11.52],
						"8.0667": [0.81, -0.65, 6.5],
						"8.1": [1.18, -0.29, 3.45],
						"8.1667": [0.55, -0.11, 2],
						"8.2": [0, 0, 1.25],
						"8.2333": [-0.05, 0.04, 2.33],
						"8.2667": [-0.03, 0.02, 1.51],
						"8.3333": [0, 0, 0.5],
						"8.3667": [0, 0, 0.22],
						"8.4": [0, 0, 0.08],
						"8.4333": [0, 0, 0],
						"8.4667": [0, 0, -0.03],
						"8.5333": [0, 0, -0.03]
					},
					"position": {
						"0.0": {
							"post": [0, 0, 0],
							"lerp_mode": "catmullrom"
						},
						"0.2": {
							"post": [-0.07, -1.25, -3],
							"lerp_mode": "catmullrom"
						},
						"0.5": {
							"post": [0.05, 0, -5.475],
							"lerp_mode": "catmullrom"
						},
						"1.7667": {
							"post": [3.04, 1.58, -5.64],
							"lerp_mode": "catmullrom"
						},
						"2.8667": {
							"post": [1.64, -0.13, -5.59],
							"lerp_mode": "catmullrom"
						},
						"5.3667": {
							"post": [0.05, 0, -5.475],
							"lerp_mode": "catmullrom"
						},
						"5.9": [0.75, 0.25, -6],
						"7.7667": [1, 0.25, -6],
						"8.1667": {
							"pre": [0, 0, 0],
							"post": [0, 0, 0],
							"lerp_mode": "catmullrom"
						}
					}
				},
				"mag_and_lefthand": {
					"rotation": {
						"2.9": [0, 0, 0],
						"3.0": [0, 0, 0],
						"3.2": [0, 0, 0],
						"3.3667": {
							"pre": [0, 0, 0],
							"post": [0, 0, 0],
							"lerp_mode": "catmullrom"
						},
						"3.5667": {
							"post": [-0.90904, -6.80041, 0.13291],
							"lerp_mode": "catmullrom"
						},
						"3.7667": {
							"post": [-5.57883, -11.04972, 3.16753],
							"lerp_mode": "catmullrom"
						},
						"4.1": {
							"post": [-8.72535, -7.91594, 6.76449],
							"lerp_mode": "catmullrom"
						},
						"4.3": {
							"post": [-9.3, -6.79, 1.4],
							"lerp_mode": "catmullrom"
						},
						"4.6": {
							"post": [-2.52626, -7.58991, -11.82727],
							"lerp_mode": "catmullrom"
						},
						"4.7667": {
							"post": [0, 0, 0],
							"lerp_mode": "catmullrom"
						},
						"5.0667": {
							"post": [0, 0, 0],
							"lerp_mode": "catmullrom"
						},
						"5.1": [0, 0, 0],
						"5.1667": [0, 0, 0],
						"5.4": [0, 0, 0]
					},
					"position": {
						"2.9": [0, 0, 0],
						"3.0": [0, -1.77, 0.7],
						"3.2": [0, -1.77, 0.7],
						"3.3667": [0, -9, 4.75],
						"3.6667": {
							"pre": [4.55678, -5.14159, 2.26016],
							"post": [4.55678, -5.14159, 2.26016],
							"lerp_mode": "catmullrom"
						},
						"3.8": {
							"post": [5.7, -4.2, 1.8],
							"lerp_mode": "catmullrom"
						},
						"4.0": {
							"post": [5.71031, -3.96353, 1.7149],
							"lerp_mode": "catmullrom"
						},
						"4.3": {
							"post": [5.7, -4.2, 1.8],
							"lerp_mode": "catmullrom"
						},
						"4.4333": {
							"post": [4.07, -5.07, 1.89],
							"lerp_mode": "catmullrom"
						},
						"4.6": {
							"post": [4.44, -5.93, 1.97],
							"lerp_mode": "catmullrom"
						},
						"4.7667": [0, -9, 4.75],
						"5.0667": [0, -8.25, 4],
						"5.1": [0, -4.775, 1.925],
						"5.1667": [0, 0, 0],
						"5.4": [0, 0, 0]
					}
				},
				"lefthand": {
					"rotation": {
						"0.0": [90.07308, -49.08254, -135.48537],
						"0.3333": [59.32513, -54.55389, -99.35048],
						"2.3": [59.32513, -54.55389, -99.35048],
						"2.6": [41.52216, -6.79397, -82.79062],
						"5.4333": [41.52216, -6.79397, -82.79062],
						"5.7667": {
							"pre": [81.25816, -30.30611, -186.13842],
							"post": [81.25816, -30.30611, -186.13842],
							"lerp_mode": "catmullrom"
						},
						"7.7333": [81.25816, -30.30611, -186.13842],
						"8.0333": {
							"pre": [90.07308, -49.08254, -135.48537],
							"post": [90.07308, -49.08254, -135.48537],
							"lerp_mode": "catmullrom"
						}
					},
					"position": {
						"0.0": [7.33276, -14.94031, -23.94187],
						"0.3333": [6.33, -14.94, -21.94],
						"2.3": [6.33, -14.94, -21.94],
						"2.6": [6.03313, -21.84687, -14.24969],
						"5.4333": [6.03313, -21.84687, -14.24969],
						"5.6": {
							"pre": [12.81, -16.39, -16.1],
							"post": [12.81, -16.39, -16.1],
							"lerp_mode": "catmullrom"
						},
						"5.7667": {
							"post": [9.58276, -10.94031, -16.94187],
							"lerp_mode": "catmullrom"
						},
						"7.7333": [9.58276, -10.94031, -16.94187],
						"8.0333": {
							"pre": [7.33276, -14.94031, -23.94187],
							"post": [7.33276, -14.94031, -23.94187],
							"lerp_mode": "catmullrom"
						}
					},
					"scale": [1, 1.5, 1]
				},
				"righthand": {
					"rotation": [99.05188, 15.0716, -167.92777],
					"position": [-6.96094, -14.95625, -9.30156],
					"scale": [1, 1.5, 1]
				},
				"camera": {
					"rotation": {
						"0.0": {
							"post": [0, 0, 0],
							"lerp_mode": "catmullrom"
						},
						"0.6667": {
							"post": [3.085, -2.13, -0.23],
							"lerp_mode": "catmullrom"
						},
						"1.7667": {
							"post": [8, 4, -3.2],
							"lerp_mode": "catmullrom"
						},
						"3.2": {
							"post": [1.5, 0.26, -0.17],
							"lerp_mode": "catmullrom"
						},
						"3.3667": {
							"post": [2.8, 0.05, -1.55],
							"lerp_mode": "catmullrom"
						},
						"3.5667": {
							"post": [2.895, -0.55, -1.415],
							"lerp_mode": "catmullrom"
						},
						"3.8": {
							"post": [4.125, -1.3, -1.6],
							"lerp_mode": "catmullrom"
						},
						"4.2667": {
							"post": [4.315, -1.34, -1.54],
							"lerp_mode": "catmullrom"
						},
						"4.3667": {
							"post": [4.11, -1.19, -0.725],
							"lerp_mode": "catmullrom"
						},
						"4.6": {
							"post": [0.6, -0.4, -0.6],
							"lerp_mode": "catmullrom"
						},
						"4.7": {
							"post": [0.325, -0.17, 0.045],
							"lerp_mode": "catmullrom"
						},
						"4.8": {
							"post": [0.11, 0.02, -0.17],
							"lerp_mode": "catmullrom"
						},
						"4.9667": {
							"post": [-0.2, 0.3, 0],
							"lerp_mode": "catmullrom"
						},
						"5.1": {
							"post": [-0.18, 0.31, -0.12],
							"lerp_mode": "catmullrom"
						},
						"5.1667": {
							"post": [0.825, 0.3, -1.01],
							"lerp_mode": "catmullrom"
						},
						"5.2667": {
							"post": [-0.23, 0.26, 0.475],
							"lerp_mode": "catmullrom"
						},
						"5.3667": {
							"post": [-0.48, 0.24, -0.42],
							"lerp_mode": "catmullrom"
						},
						"5.5": {
							"post": [0.4, 0.3, -0.4],
							"lerp_mode": "catmullrom"
						},
						"6.3333": {
							"post": [-2.1, -7.2, 0.6],
							"lerp_mode": "catmullrom"
						},
						"7.3": {
							"post": [25.4, 0.3, -0.4],
							"lerp_mode": "catmullrom"
						},
						"8.0333": {
							"post": [0, 0, 0],
							"lerp_mode": "catmullrom"
						}
					}
				}
			},
			"sound_effects": {
				"3.1667": {
					"effect": "halor6:vk78/vk78_magout"
				},
				"5.0": {
					"effect": "halor6:vk78/vk78_magin"
				}
			}
		},
		"inspect_empty": {
			"animation_length": 8.6,
			"bones": {
				"vector45_bolt": {
					"position": {
						"6.1667": [0, 0, 0],
						"6.3667": [0, 0, 1.23],
						"6.4": [0, 0, 1.3],
						"6.6667": [0, 0, 1.3],
						"6.9": [0, 0, 1.275],
						"7.0667": [0, 0, 1.37],
						"7.1": [0, 0, 0]
					}
				},
				"fix": {
					"rotation": {
						"5.8667": [0, 0, 0],
						"6.0667": [0, -90, 0],
						"7.0667": [0, -90, 0],
						"7.1": [0, 0, 0]
					}
				},
				"root": {
					"rotation": {
						"0.0": {
							"post": [0, 0, 0],
							"lerp_mode": "catmullrom"
						},
						"0.1": {
							"post": [-0.48222, -10.32879, -10.6371],
							"lerp_mode": "catmullrom"
						},
						"0.2667": {
							"post": [2.80857, -38.04124, -30.84864],
							"lerp_mode": "catmullrom"
						},
						"0.4": {
							"post": [11.81654, -51.31791, -40.77999],
							"lerp_mode": "catmullrom"
						},
						"0.6": {
							"post": [14.43207, -55.06151, -43.42137],
							"lerp_mode": "catmullrom"
						},
						"1.7667": {
							"post": [29.04123, -55.13168, -52.93822],
							"lerp_mode": "catmullrom"
						},
						"2.3": {
							"post": [20.11927, -52.13819, -54.42096],
							"lerp_mode": "catmullrom"
						},
						"2.5": {
							"post": [-13.05553, -34.16404, -39.12332],
							"lerp_mode": "catmullrom"
						},
						"2.6667": {
							"post": [-24.46, -29.06, -26.67],
							"lerp_mode": "catmullrom"
						},
						"2.8": {
							"post": [-24.77, -29.29, -26.41],
							"lerp_mode": "catmullrom"
						},
						"2.8667": {
							"post": [-25.53854, -28.5824, -24.30434],
							"lerp_mode": "catmullrom"
						},
						"2.9": {
							"post": [-26.02602, -27.90024, -23.26298],
							"lerp_mode": "catmullrom"
						},
						"3.1667": {
							"post": [-22.12661, -30.06214, -26.94814],
							"lerp_mode": "catmullrom"
						},
						"3.2667": {
							"post": [-17.89823, -31.26039, -38.8467],
							"lerp_mode": "catmullrom"
						},
						"3.3667": {
							"post": [-18.02675, -29.59281, -39.11901],
							"lerp_mode": "catmullrom"
						},
						"3.5": {
							"post": [-23.88068, -23.89861, -27.05986],
							"lerp_mode": "catmullrom"
						},
						"3.6": {
							"post": [-25.80209, -22.09574, -23.61591],
							"lerp_mode": "catmullrom"
						},
						"4.4667": {
							"post": [-26.42779, -21.32537, -21.92459],
							"lerp_mode": "catmullrom"
						},
						"4.6": {
							"post": [-20.88003, -27.95795, -23.38356],
							"lerp_mode": "catmullrom"
						},
						"4.7": {
							"post": [-13.29, -35, -31.65],
							"lerp_mode": "catmullrom"
						},
						"4.7667": {
							"post": [-7.08214, -39.04067, -40.65146],
							"lerp_mode": "catmullrom"
						},
						"4.8": {
							"post": [-4.53034, -42.10711, -40.64172],
							"lerp_mode": "catmullrom"
						},
						"4.9667": {
							"post": [-9.6791, -40.56442, -33.31033],
							"lerp_mode": "catmullrom"
						},
						"5.1": {
							"post": [-7.5921, -39.73003, -37.48158],
							"lerp_mode": "catmullrom"
						},
						"5.1667": {
							"post": [-15.61372, -37.31708, -24.62412],
							"lerp_mode": "catmullrom"
						},
						"5.2": {
							"post": [-10.19401, -38.49259, -33.45924],
							"lerp_mode": "catmullrom"
						},
						"5.3": {
							"post": [-10.47873, -36.44176, -27.0159],
							"lerp_mode": "catmullrom"
						},
						"5.4": {
							"post": [-10.72836, -33.76964, -25.99474],
							"lerp_mode": "catmullrom"
						},
						"5.5667": [-25, -10.06, 16],
						"5.6": [-32.91, 0.97, 38.17],
						"5.6667": [-34.65, 5.41, 45.94],
						"5.7": [-35.29, 9.45, 52.05],
						"5.7333": [-35.41, 12.79, 56.66],
						"5.7667": [-35.64, 15.19, 59.92],
						"5.8333": [-36.05, 16.27, 61.33],
						"5.8667": [-36.35, 16.27, 60.97],
						"5.9": [-36.57, 15.83, 59.93],
						"5.9333": [-36.72, 15.58, 59.25],
						"5.9667": [-36.8, 15.6, 58.91],
						"6.0333": [-36.73, 15.56, 58.77],
						"6.0667": [-36.74, 15.54, 58.83],
						"6.1": [-36.75, 15.52, 58.96],
						"6.1667": [-36.76, 15.49, 59.13],
						"6.2": [-36.77, 15.47, 59.3],
						"6.2333": [-36.77, 15.45, 59.45],
						"6.2667": [-36.77, 15.45, 59.55],
						"6.3333": [-36.78, 15.44, 59.51],
						"6.3667": [-36.78, 15.42, 59.36],
						"6.4": [-36.79, 15.4, 59.16],
						"6.4333": [-36.79, 15.39, 58.97],
						"6.4667": [-36.79, 15.39, 58.84],
						"6.5333": [-36.78, 15.42, 58.84],
						"6.5667": [-36.76, 15.49, 59.01],
						"6.6": [-36.72, 15.6, 59.43],
						"6.6667": [-36.61, 15.92, 60.8],
						"6.7": [-36.45, 16.38, 62.81],
						"6.7333": [-36.28, 16.88, 65.05],
						"6.7667": [-36.12, 17.34, 67.1],
						"6.8333": [-36, 17.68, 68.54],
						"6.8667": [-35.97, 17.79, 68.97],
						"6.9": [-35.95, 17.88, 69.27],
						"6.9333": [-35.94, 17.94, 69.48],
						"6.9667": [-35.94, 17.98, 69.59],
						"7.0333": [-35.94, 18.01, 69.63],
						"7.0667": [-35.95, 18.03, 69.62],
						"7.1": [-35.95, 18.04, 69.57],
						"7.1667": [-35.95, 18.05, 69.51],
						"7.2": [-35.95, 18.05, 69.44],
						"7.2333": [-35.93, 18.05, 69.4],
						"7.2667": [-35.92, 18.05, 69.38],
						"7.3333": [-35.93, 18.05, 69.37],
						"7.3667": [-35.94, 18.05, 69.37],
						"7.4": [-35.95, 18.04, 69.33],
						"7.4333": [-35.94, 18.01, 69.25],
						"7.4667": [-35.92, 17.98, 69.08],
						"7.5333": [-35.86, 17.92, 68.81],
						"7.5667": [-35.77, 17.85, 68.41],
						"7.6": [-35.63, 17.76, 67.86],
						"7.6667": [-35.68, 17.86, 66.51],
						"7.7": [-35.9, 18.14, 64.85],
						"7.7333": [-35.33, 17.83, 62.24],
						"7.7667": [-33, 16.18, 58.04],
						"7.8333": [-27.82, 12.16, 51.32],
						"7.8667": [-20.56, 6.43, 42.69],
						"7.9": [-13.14, 0.83, 33.75],
						"7.9333": [-7.42, -2.84, 26.12],
						"7.9667": [-3.06, -3.62, 18.13],
						"8.0333": [-0.62, -2.05, 11.52],
						"8.0667": [0.81, -0.65, 6.5],
						"8.1": [1.18, -0.29, 3.45],
						"8.1667": [0.55, -0.11, 2],
						"8.2": [0, 0, 1.25],
						"8.2333": [-0.05, 0.04, 2.33],
						"8.2667": [-0.03, 0.02, 1.51],
						"8.3333": [0, 0, 0.5],
						"8.3667": [0, 0, 0.22],
						"8.4": [0, 0, 0.08],
						"8.4333": [0, 0, 0],
						"8.4667": [0, 0, -0.03],
						"8.5333": [0, 0, -0.03]
					},
					"position": {
						"0.0": {
							"post": [0, 0, 0],
							"lerp_mode": "catmullrom"
						},
						"0.2": {
							"post": [-0.07, -1.25, -3],
							"lerp_mode": "catmullrom"
						},
						"0.5": {
							"post": [0.05, 0, -5.475],
							"lerp_mode": "catmullrom"
						},
						"1.7667": {
							"post": [3.04, 1.58, -5.64],
							"lerp_mode": "catmullrom"
						},
						"2.8667": {
							"post": [1.64, -0.13, -5.59],
							"lerp_mode": "catmullrom"
						},
						"5.3667": {
							"post": [0.05, 0, -5.475],
							"lerp_mode": "catmullrom"
						},
						"5.9": [0.75, 0.25, -6],
						"7.7667": [1, 0.25, -6],
						"8.1667": {
							"pre": [0, 0, 0],
							"post": [0, 0, 0],
							"lerp_mode": "catmullrom"
						}
					}
				},
				"mag_and_lefthand": {
					"rotation": {
						"2.9": [0, 0, 0],
						"3.0": [0, 0, 0],
						"3.2": [0, 0, 0],
						"3.3667": {
							"pre": [0, 0, 0],
							"post": [0, 0, 0],
							"lerp_mode": "catmullrom"
						},
						"3.5667": {
							"post": [-0.90904, -6.80041, 0.13291],
							"lerp_mode": "catmullrom"
						},
						"3.7667": {
							"post": [-5.57883, -11.04972, 3.16753],
							"lerp_mode": "catmullrom"
						},
						"4.1": {
							"post": [-8.72535, -7.91594, 6.76449],
							"lerp_mode": "catmullrom"
						},
						"4.3": {
							"post": [-9.3, -6.79, 1.4],
							"lerp_mode": "catmullrom"
						},
						"4.6": {
							"post": [-2.52626, -7.58991, -11.82727],
							"lerp_mode": "catmullrom"
						},
						"4.7667": {
							"post": [0, 0, 0],
							"lerp_mode": "catmullrom"
						},
						"5.0667": {
							"post": [0, 0, 0],
							"lerp_mode": "catmullrom"
						},
						"5.1": [0, 0, 0],
						"5.1667": [0, 0, 0],
						"5.4": [0, 0, 0]
					},
					"position": {
						"2.9": [0, 0, 0],
						"3.0": [0, -1.77, 0.7],
						"3.2": [0, -1.77, 0.7],
						"3.3667": [0, -9, 4.75],
						"3.6667": {
							"pre": [4.55678, -5.14159, 2.26016],
							"post": [4.55678, -5.14159, 2.26016],
							"lerp_mode": "catmullrom"
						},
						"3.8": {
							"post": [5.7, -4.2, 1.8],
							"lerp_mode": "catmullrom"
						},
						"4.0": {
							"post": [5.71031, -3.96353, 1.7149],
							"lerp_mode": "catmullrom"
						},
						"4.3": {
							"post": [5.7, -4.2, 1.8],
							"lerp_mode": "catmullrom"
						},
						"4.4333": {
							"post": [4.07, -5.07, 1.89],
							"lerp_mode": "catmullrom"
						},
						"4.6": {
							"post": [4.44, -5.93, 1.97],
							"lerp_mode": "catmullrom"
						},
						"4.7667": [0, -9, 4.75],
						"5.0667": [0, -8.25, 4],
						"5.1": [0, -4.775, 1.925],
						"5.1667": [0, 0, 0],
						"5.4": [0, 0, 0]
					}
				},
				"lefthand": {
					"rotation": {
						"0.0": [90.07308, -49.08254, -135.48537],
						"0.3333": [59.32513, -54.55389, -99.35048],
						"2.3": [59.32513, -54.55389, -99.35048],
						"2.6": [41.52216, -6.79397, -82.79062],
						"5.4333": [41.52216, -6.79397, -82.79062],
						"5.7667": {
							"pre": [81.25816, -30.30611, -186.13842],
							"post": [81.25816, -30.30611, -186.13842],
							"lerp_mode": "catmullrom"
						},
						"7.7333": [81.25816, -30.30611, -186.13842],
						"8.0333": {
							"pre": [90.07308, -49.08254, -135.48537],
							"post": [90.07308, -49.08254, -135.48537],
							"lerp_mode": "catmullrom"
						}
					},
					"position": {
						"0.0": [7.33276, -14.94031, -23.94187],
						"0.3333": [6.33, -14.94, -21.94],
						"2.3": [6.33, -14.94, -21.94],
						"2.6": [6.03313, -21.84687, -14.24969],
						"5.4333": [6.03313, -21.84687, -14.24969],
						"5.6": {
							"pre": [12.81, -16.39, -16.1],
							"post": [12.81, -16.39, -16.1],
							"lerp_mode": "catmullrom"
						},
						"5.7667": {
							"post": [9.58276, -10.94031, -16.94187],
							"lerp_mode": "catmullrom"
						},
						"7.7333": [9.58276, -10.94031, -16.94187],
						"8.0333": {
							"pre": [7.33276, -14.94031, -23.94187],
							"post": [7.33276, -14.94031, -23.94187],
							"lerp_mode": "catmullrom"
						}
					},
					"scale": [1, 1.5, 1]
				},
				"righthand": {
					"rotation": [99.05188, 15.0716, -167.92777],
					"position": [-6.96094, -14.95625, -9.30156],
					"scale": [1, 1.5, 1]
				},
				"camera": {
					"rotation": {
						"0.0": {
							"post": [0, 0, 0],
							"lerp_mode": "catmullrom"
						},
						"0.6667": {
							"post": [3.085, -2.13, -0.23],
							"lerp_mode": "catmullrom"
						},
						"1.7667": {
							"post": [8, 4, -3.2],
							"lerp_mode": "catmullrom"
						},
						"3.2": {
							"post": [1.5, 0.26, -0.17],
							"lerp_mode": "catmullrom"
						},
						"3.3667": {
							"post": [2.8, 0.05, -1.55],
							"lerp_mode": "catmullrom"
						},
						"3.5667": {
							"post": [2.895, -0.55, -1.415],
							"lerp_mode": "catmullrom"
						},
						"3.8": {
							"post": [4.125, -1.3, -1.6],
							"lerp_mode": "catmullrom"
						},
						"4.2667": {
							"post": [4.315, -1.34, -1.54],
							"lerp_mode": "catmullrom"
						},
						"4.3667": {
							"post": [4.11, -1.19, -0.725],
							"lerp_mode": "catmullrom"
						},
						"4.6": {
							"post": [0.6, -0.4, -0.6],
							"lerp_mode": "catmullrom"
						},
						"4.7": {
							"post": [0.325, -0.17, 0.045],
							"lerp_mode": "catmullrom"
						},
						"4.8": {
							"post": [0.11, 0.02, -0.17],
							"lerp_mode": "catmullrom"
						},
						"4.9667": {
							"post": [-0.2, 0.3, 0],
							"lerp_mode": "catmullrom"
						},
						"5.1": {
							"post": [-0.18, 0.31, -0.12],
							"lerp_mode": "catmullrom"
						},
						"5.1667": {
							"post": [0.825, 0.3, -1.01],
							"lerp_mode": "catmullrom"
						},
						"5.2667": {
							"post": [-0.23, 0.26, 0.475],
							"lerp_mode": "catmullrom"
						},
						"5.3667": {
							"post": [-0.48, 0.24, -0.42],
							"lerp_mode": "catmullrom"
						},
						"5.5": {
							"post": [0.4, 0.3, -0.4],
							"lerp_mode": "catmullrom"
						},
						"6.3333": {
							"post": [-2.1, -7.2, 0.6],
							"lerp_mode": "catmullrom"
						},
						"7.3": {
							"post": [25.4, 0.3, -0.4],
							"lerp_mode": "catmullrom"
						},
						"8.0333": {
							"post": [0, 0, 0],
							"lerp_mode": "catmullrom"
						}
					}
				},
				"bullet": {
					"position": [0, -2, 1]
				}
			},
			"sound_effects": {
				"3.1667": {
					"effect": "halor6:vk78/vk78_magout"
				},
				"5.0": {
					"effect": "halor6:vk78/vk78_magin"
				}
			}
		},
		"static_auto": {
			"loop": true
		},
		"static_semi": {
			"loop": true,
			"bones": {
				"safety": {
					"rotation": [-90, 0, 0]
				}
			}
		},
		"put_away": {
			"animation_length": 0.375,
			"bones": {
				"root": {
					"rotation": {
						"0.0": {
							"post": [0, 0, 0],
							"lerp_mode": "catmullrom"
						},
						"0.125": {
							"post": [-1.5, -7, 10],
							"lerp_mode": "catmullrom"
						},
						"0.2083": {
							"post": [3.57, 11.59, 13.58],
							"lerp_mode": "catmullrom"
						},
						"0.375": {
							"post": [41.5, 9, 17],
							"lerp_mode": "catmullrom"
						}
					},
					"position": {
						"0.0": {
							"post": [0, 0, 0],
							"lerp_mode": "catmullrom"
						},
						"0.125": {
							"post": [-1, -1, 0],
							"lerp_mode": "catmullrom"
						},
						"0.375": {
							"post": [-9, -10, 0],
							"lerp_mode": "catmullrom"
						}
					}
				},
				"lefthand": {
					"rotation": [90.07308, -49.08254, -135.48537],
					"position": [7.33276, -14.94031, -23.94187],
					"scale": [1, 1.5, 1]
				},
				"righthand": {
					"rotation": [99.05188, 15.0716, -167.92777],
					"position": [-6.96094, -14.95625, -9.30156],
					"scale": [1, 1.5, 1]
				},
				"camera": {
					"rotation": {
						"0.0": [0, 0, 0],
						"0.0417": [0.05, 0, -0.04],
						"0.0833": [0.22, 0, -0.13],
						"0.125": [0.3, 0, -0.12],
						"0.1667": [0.43, 0, 0],
						"0.2083": [0.56, 0, 0.18],
						"0.25": [0.64, 0, 0.29],
						"0.2917": [0.59, 0, 0.22],
						"0.375": [0, 0, 0]
					}
				}
			}
		}
	}
}