{
  "model": "halor6:gun/m395b_dmr_geo",
  "texture": "halor6:gun/uv/m395b_dmr",
  "hud": "halor6:gun/hud/m395b_dmr",
  "slot": "halor6:gun/slot/m395b_dmr",
  "animation": "halor6:m395b_dmr",
  "use_default_animation": "rifle",
  "third_person_animation": "default",
  "transform": {
    "scale": {
      "thirdperson": [0.7, 0.7, 0.7],
      "ground": [0.8, 0.8, 0.8],
      "fixed": [1.2, 1.2, 1.2]
    }
  },
  "muzzle_flash": {
    "texture": "tacz:flash/common_muzzle_flash",
    "scale": 1.0
  },
  "iron_zoom": 1.5,
  "zoom_model_fov": 55,
  "shell": {
    "initial_velocity": [5, 2, 1],
    "random_velocity": [1, 1, 0.25],
    "acceleration": [0.0, -10, 0.0],
    "angular_velocity": [360, -1200, 90],
    "living_time": 1.0
  },
  "sounds": {
    "shoot": "halor6:m395b_dmr/m395b_dmr_shoot",
    "shoot_3p": "halor6:m395b_dmr/m395b_dmr_shoot",
    "reload_empty": "halor6:m395b_dmr/m395b_dmr_reload_empty",
    "reload_tactical": "halor6:m395b_dmr/m395b_dmrreload_tactical",
    "inspect": "halor6:m395b_dmr/m395b_dmr_inspect",
    "inspect_empty": "halor6:m395b_dmr/m395b_dmr_inspect_empty",
    "draw": "tacz:mk14/mk14_draw",
    "put_away": "tacz:mk14/mk14_put_away",
    "silence": "tacz:mk14/mk14_silence",
    "silence_3p": "tacz:mk14/mk14_silence_3p",
    "dry_fire": "tacz:dry_fire"
  },
  "offhand_show": {
    "pos": [0, 19, 4],
    "rotate": [0, 0, 60],
    "scale": [0.5, 0.5, 0.5]
  },
  "hotbar_show": {
    "0": {
      "pos": [0, 19, 3],
      "rotate": [-180, 0, 120],
      "scale": [0.5, 0.5, 0.5]
    }
  }
}