{
  "model": "halor6:gun/m41_spnkr_geo",
  "texture": "halor6:gun/uv/m41_spnkr",
  "hud": "halor6:gun/hud/m41_spnkr",
  "slot": "halor6:gun/slot/m41_spnkr",
  "animation": "halor6:m41_spnkr",
  "use_default_animation": "rifle",
  "third_person_animation": "default",
  "show_crosshair": true,
  "transform": {
    "scale": {
      "thirdperson": [0.7, 0.7, 0.7],
      "ground": [0.8, 0.8, 0.8],
      "fixed": [0.8, 0.8, 0.8]
    }
  },
  "muzzle_flash": {
    "texture": "tacz:flash/common_muzzle_flash",
    "scale": 2.0
  },
  
  "ammo": 
  {
  // 粒子效果，部分参数和原版指令完全一致，具体可参考 wiki：https://minecraft.fandom.com/zh/wiki/%E5%91%BD%E4%BB%A4/particle
  // 没有此字段时，不生成粒子
  "particle": {
    // 名称，具体可选粒子可参考 wiki：https://minecraft.fandom.com/zh/wiki/%E7%B2%92%E5%AD%90
    "name": "smoke",
    // 生成的区域，默认为 0 0 0
    "delta": [
      0.15,
      0.15,
      0.15
    ],
    // 速度，默认为0，必须至少为 0
    "speed": 0.01,
    // 粒子存在时间，单位 tick，默认为 20 tick
    "life_time": 5,
    // 粒子数量，当子弹速度过快时，可以增大此数量，能够填满子弹路径的空隙
    "count": 50
  }
},
  
  "iron_zoom": 1.5,
  "zoom_model_fov": 55,
  "sounds": {
    "shoot": "halor6:m41_spnkr/m41_spnkr_shoot",
    "shoot_3p": "halor6:m41_spnkr/m41_spnkr_shoot",
    "inspect": "halor6:m41_spnkr/m41_spnkr_inspect",
    "inspect_empty": "halor6:m41_spnkr/m41_spnkr_inspect_empty",
    "draw": "halor6:m41_spnkr/m41_spnkr_draw",
    "put_away": "tacz:mk14/mk14_put_away",
    "dry_fire": "tacz:dry_fire"
  },
  "offhand_show": {
    "pos": [0, 19, 4],
    "rotate": [0, 0, 60],
    "scale": [0.5, 0.5, 0.5]
  },
  "hotbar_show": {
    "0": {
      "pos": [0, 19, 3],
      "rotate": [-180, 0, 120],
      "scale": [0.7, 0.7, 0.7]
    }
  }
}