{
  "model": "halor6:gun/m90_geo",
  "texture": "halor6:gun/uv/m90",
  "hud": "halor6:gun/hud/m90",
  "slot": "halor6:gun/slot/m90",
  "animation": "halor6:m90",
  "state_machine": "halor6:m90_state_machine",
  "use_default_animation": "rifle",
  "third_person_animation": "default",
  "transform": {
    "scale": {
      "thirdperson": [0.7, 0.7, 0.7],
      "ground": [0.8, 0.8, 0.8],
      "fixed": [1.2, 1.2, 1.2]
    }
  },
  "muzzle_flash": {
    "texture": "tacz:flash/common_muzzle_flash",
    "scale": 1.2
  },
  "iron_zoom": 1.5,
  "zoom_model_fov": 55,
  "sounds": {
    "shoot": "halor6:m90/m90_shoot",
    "shoot_3p": "halor6:m90/m90_shoot",
    "draw": "tacz:mk14/mk14_draw",
    "put_away": "tacz:mk14/mk14_put_away",
    "silence": "tacz:aa12/aa12_silence",
    "silence_3p": "tacz:aa12/aa12_silence_3p"
  },
  "offhand_show": {
    "pos": [0, 19, 4],
    "rotate": [0, 0, 60],
    "scale": [0.5, 0.5, 0.5]
  },
  "hotbar_show": {
    "0": {
      "pos": [0, 19, 3],
      "rotate": [-180, 0, 120],
      "scale": [0.5, 0.5, 0.5]
    }
  }
}