{
  "model": "halor6:gun/mk50_geo",
  "texture": "halor6:gun/uv/mk50",
  "hud": "halor6:gun/hud/mk50",
  "slot": "halor6:gun/slot/mk50",
  "animation": "halor6:mk50",
  "use_default_animation": "rifle",
  "player_animator_3rd": "tacz:pistol_default.player_animation",
  "transform": {
    "scale": {
      "thirdperson": [0.6, 0.6, 0.6],
      "ground": [0.6, 0.6, 0.6],
      "fixed": [1.2, 1.2, 1.2]
    }
  },
  "shell": {
    "initial_velocity": [8.0, 5.0, -0.5],
    "random_velocity": [2.5, 1.5, 0.25],
    "acceleration": [0.0, -20, 0.0],
    "angular_velocity": [360, -720, 90],
    "living_time": 1.0
  },
  "muzzle_flash": {
    "texture": "tacz:flash/common_muzzle_flash",
    "scale": 0.4
  },
  "sounds": {
    "shoot": "halor6:mk50/mk50_shoot",
    "shoot_3p": "halor6:mk50/mk50_shoot",
    "reload_empty": "halor6:glock_17/glock17_reload_empty",
    "reload_tactical": "halor6:glock_17/glock17_reload_tactical",
    "draw": "tacz:glock_17/glock17_draw",
    "silence": "tacz:glock_17/glock17_silence",
    "silence_3p": "tacz:glock_17/glock17_silence_3p"
  },
  "offhand_show": {
    "pos": [4, 13, -1],
    "rotate": [-90, -35, 90],
    "scale": [0.5, 0.5, 0.5]
  },
  "hotbar_show": {
    "0": {
      "pos": [-5, 13, -1],
      "rotate": [-90, -35, 90],
      "scale": [0.5, 0.5, 0.5]
    }
  }
}