{
  // 默认的模型，在包目录下的 models 文件夹中寻找，不可为空
  "model": "halor6:gun/sentinel_beam_h5_geo",
  // 默认材质，不可为空
  "texture": "halor6:gun/uv/sentinel_beam_h5",
  // 低模
  // GUI/HUD 界面的 2D 材质，在包目录下的 textures 文件夹中寻找，可为空，若为空，则对应位置不会渲染
  "hud": "halor6:gun/hud/sentinel_beam_h5",
  // GUI/HUD 界面的 2D 材质，在包目录下的 textures 文件夹中寻找，可为空
  // 若为空，则对应位置渲染改为：上述 hud + 代码着成红色
  // 背包/快捷栏等容器中槽位显示的 2D 材质，在包目录下的 textures 文件夹中寻找，不建议为空
  "slot": "halor6:gun/slot/sentinel_beam_h5",
  // 弹药计量样式，可选值：”normal“(显示实际值)、”percent“(显示百分比)，默认为”normal“
  "ammo_count_style": "percent",
  // tooltip的伤害显示样式，可选值：”total“(总伤害)、”per_projectile“(单发弹丸伤害x弹丸数量)，默认为”per_projectile“
  "damage_style": "per_projectile",
  // 调用的动画名，会在包目录下的 animations 文件夹中寻找，不建议为空
  "animation": "halor6:sentinel_beam_h5",
  // 状态机脚本，位于 assets/{命名空间}/scripts
  // 指定使用缺省动画，可为空。如果上文指定的动画文件里缺少某个动画，如 draw 动画，则会从缺省动画拷贝。
  // 值可为 rifle、pistol
  "use_default_animation": "rifle",
  // 第三人称动画，硬编码，只能选择已有类型，默认只有 default
  "third_person_animation": "default",
  // 第三人称动画，安装 player animator 模组后才会显示
  "player_animator_3rd": "tacz:rifle_default.player_animation",
  // 显示准星，默认情况下瞄准会隐藏准星，将其设置为 true 则不会
  "show_crosshair": false,
  // 调整各个视角下模型的变换参数，可为空
  "transform": {
    // 暂时只有缩放需要在这里指定，旋转和位移使用模型内定位组。
    // 可以为空，若为空，则不缩放模型。
    "scale": {
      // 第三人称手部
      "thirdperson": [0.7, 0.7, 0.7],
      // 地面实体
      "ground": [0.6, 0.6, 0.6],
      // 展示框
      "fixed": [1.2, 1.2, 1.2]
    }
  },
  "muzzle_flash": {
    "texture": "halor6:flash/4runner_fire",
    "scale": 0.9
  },
  
  "iron_zoom": 1.4,
  "zoom_model_fov": 45,
  "sounds": {
    "shoot": "halor6:sentinel_beam_h5/sentinel_beam_h5_shoot",
    "shoot_3p": "halor6:sentinel_beam_h5/sentinel_beam_h5_shoot",
    "draw": "tacz:m4a1/m4a1_draw",
    "put_away": "tacz:m4a1/m4a1_put_away",
    // 下面四个音效可以不写，模组会自动添加默认音效
    "dry_fire": "halor6:forerunner_dryfire"
  },
  // 副手枪械显示
  "offhand_show": {
    // 位置，和基岩版的数值显示一致
    // 默认是 [-2, 20, 3.5]
    "pos": [1, 20, 3.5],
    // 旋转，单位为角度，默认就是 [0, 0, -30]
    "rotate": [0, 0, 60],
    // 缩放，默认就是 [0.6, 0.6, 0.6]
    "scale": [0.5, 0.5, 0.5]
  },
  // 快捷栏枪械显示
  // 没有此字段，不显示快捷栏枪械
  "hotbar_show": {
    // 快捷栏索引，默认是 0-8，共九个，但是实际上除去主手，只能显示八个
    // 没有的，则不会显示
    "0": {
      "pos": [-1, 20, 3],
      "rotate": [-180, 0, 120],
      "scale": [0.5, 0.5, 0.5]
    }
  }
}