{
  "model": "halor6:gun/type-57b_carbine_geo",
  "texture": "halor6:gun/uv/type-57b_carbine",
  "hud": "halor6:gun/hud/type-57b_carbine",
  "slot": "halor6:gun/slot/type-57b_carbine",
  "animation": "halor6:type-57b_carbine",
  "use_default_animation": "rifle",
  "third_person_animation": "default",
  "transform": {
    "scale": {
      "thirdperson": [0.7, 0.7, 0.7],
      "ground": [0.8, 0.8, 0.8],
      "fixed": [1, 1, 1]
    }
  },
  "muzzle_flash": {
    "texture": "halor6:flash/blue_plasma",
    "scale": 1.0
  },
  "iron_zoom": 2.5,
  "zoom_model_fov":70,
  "ammo": {
   "tracer_color": "#7C81FF",
   "particle": {
    // 名称，具体可选粒子可参考 wiki：https://minecraft.fandom.com/zh/wiki/%E7%B2%92%E5%AD%90
    "name": "underwater 1 1 1 0.5",
    // 生成的区域，默认为 0 0 0
    "delta": [
      0.02,
      0.02,
      0.02
    ],
    // 速度，默认为0，必须至少为 0
    "speed": 1.0,
    // 粒子存在时间，单位 tick，默认为 20 tick
    "life_time": 7,
    // 粒子数量，当子弹速度过快时，可以增大此数量，能够填满子弹路径的空隙
    "count": 40
    }
  },
  "sounds": {
    "shoot": "halor6:type-57b_carbine/type-57b_carbine_shoot",
    "shoot_3p": "halor6:type-57b_carbine/type-57b_carbine_shoot",
    "reload_empty": "halor6:type-57b_carbine/type-57b_carbine_reload_empty",
    "reload_tactical": "halor6:type-57b_carbine/type-57b_carbinereload_tactical",
    "inspect": "halor6:type-57b_carbine/type-57b_carbine_inspect",
    "inspect_empty": "halor6:type-57b_carbine/type-57b_carbine_inspect_empty",
    "draw": "halor6:type-57b_carbine/carbine_draw",
    "put_away": "tacz:mk14/mk14_put_away",
    "silence": "tacz:mk14/mk14_silence",
    "silence_3p": "tacz:mk14/mk14_silence_3p",
    "dry_fire": "halor6:plasma_dryfire"
  },
  "offhand_show": {
    "pos": [0, 19, 4],
    "rotate": [0, 0, 60],
    "scale": [0.5, 0.5, 0.5]
  },
  "hotbar_show": {
    "0": {
      "pos": [0, 19, 3],
      "rotate": [-180, 0, 120],
      "scale": [0.5, 0.5, 0.5]
    }
  }
}