{
  "model": "halor6:gun/z-250_light_rifle_geo",
  "texture": "halor6:gun/uv/z-250_light_rifle",
  "hud": "halor6:gun/hud/z-250_light_rifle",
  "slot": "halor6:gun/slot/z-250_light_rifle",
  "animation": "halor6:z-250_light_rifle",
  "show_crosshair": false,
  "use_default_animation": "rifle",
  "third_person_animation": "default",
  "transform": {
    "scale": {
      "thirdperson": [0.7, 0.7, 0.7],
      "ground": [0.8, 0.8, 0.8],
      "fixed": [1.2, 1.2, 1.2]
    }
  },
  "muzzle_flash": {
    "texture": "halor6:flash/4runner_fire",
    "scale": 1.0
  },
  "ammo": {
   "tracer_color": "#FF5100"
  },
  "iron_zoom": 3,
  "zoom_model_fov": 55,
  "sounds": {
    "shoot": "halor6:z-250_light_rifle/z-250_light_rifle_shoot",
    "shoot_3p": "halor6:z-250_light_rifle/z-250_light_rifle_shoot",
    "put_away": "tacz:mk14/mk14_put_away",
    "dry_fire": "halor6:forerunner_dryfire"
  },
  "offhand_show": {
    "pos": [0, 19, 4],
    "rotate": [0, 0, 60],
    "scale": [0.5, 0.5, 0.5]
  },
  "hotbar_show": {
    "0": {
      "pos": [0, 19, 3],
      "rotate": [-180, 0, 120],
      "scale": [0.5, 0.5, 0.5]
    }
  }
}