{
	"format_version": "1.12.0",
	"minecraft:geometry": [
		{
			"description": {
				"identifier": "geometry.unknown",
				"texture_width": 128,
				"texture_height": 128,
				"visible_bounds_width": 3,
				"visible_bounds_height": 3.5,
				"visible_bounds_offset": [0, 1.25, 0]
			},
			"bones": [
				{
					"name": "ammo_crate",
					"pivot": [0, 0, 0]
				},
				{
					"name": "left",
					"parent": "ammo_crate",
					"pivot": [0, 0, 0],
					"cubes": [
						{
							"origin": [-7, 0, -8],
							"size": [4, 2, 3],
							"uv": {
								"north": {"uv": [77, 38], "uv_size": [4, 2]},
								"east": {"uv": [67, 77], "uv_size": [3, 2]},
								"south": {"uv": [45, 77], "uv_size": [4, 2]},
								"west": {"uv": [77, 67], "uv_size": [3, 2]},
								"up": {"uv": [14, 70], "uv_size": [4, 3]},
								"down": {"uv": [70, 21], "uv_size": [4, -3]}
							}
						},
						{
							"origin": [-7, 0.25, -4],
							"size": [4, 1.75, 8],
							"uv": {
								"east": {"uv": [14, 67], "uv_size": [8, 2]},
								"west": {"uv": [67, 42], "uv_size": [8, 2]},
								"down": {"uv": [9, 64], "uv_size": [4, -8]}
							}
						},
						{
							"origin": [-7, 0, 4],
							"size": [4, 2, 0.75],
							"uv": {
								"north": {"uv": [50, 77], "uv_size": [4, 2]},
								"east": {"uv": [30, 41], "uv_size": [1, 2]},
								"south": {"uv": [57, 77], "uv_size": [4, 2]},
								"west": {"uv": [12, 71], "uv_size": [1, 2]},
								"down": {"uv": [71, 84], "uv_size": [4, -1]}
							}
						},
						{
							"origin": [-6.875, 0, 4.75],
							"size": [3.875, 1.94531, 0.25],
							"uv": {
								"east": {"uv": [89, 44], "uv_size": [1, 2]},
								"west": {"uv": [90, 6], "uv_size": [1, 2]},
								"up": {"uv": [76, 83], "uv_size": [4, 1]},
								"down": {"uv": [83, 78], "uv_size": [4, -1]}
							}
						},
						{
							"origin": [-6.875, 0, -5],
							"size": [3.875, 1.94531, 0.25],
							"uv": {
								"east": {"uv": [34, 90], "uv_size": [1, 2]},
								"west": {"uv": [36, 90], "uv_size": [1, 2]},
								"up": {"uv": [81, 83], "uv_size": [4, 1]},
								"down": {"uv": [8, 85], "uv_size": [4, -1]}
							}
						},
						{
							"origin": [-7, 0, -4.75],
							"size": [4, 2, 0.75],
							"uv": {
								"north": {"uv": [62, 77], "uv_size": [4, 2]},
								"east": {"uv": [17, 90], "uv_size": [1, 2]},
								"south": {"uv": [77, 64], "uv_size": [4, 2]},
								"west": {"uv": [19, 90], "uv_size": [1, 2]},
								"down": {"uv": [83, 80], "uv_size": [4, -1]}
							}
						},
						{
							"origin": [-7, 0, 5],
							"size": [4, 2, 3],
							"uv": {
								"north": {"uv": [77, 58], "uv_size": [4, 2]},
								"east": {"uv": [71, 78], "uv_size": [3, 2]},
								"south": {"uv": [77, 61], "uv_size": [4, 2]},
								"west": {"uv": [75, 78], "uv_size": [3, 2]},
								"up": {"uv": [70, 47], "uv_size": [4, 3]},
								"down": {"uv": [70, 54], "uv_size": [4, -3]}
							}
						},
						{"origin": [-7.5, 0, 1], "size": [1.5, 2.10156, 1], "uv": [37, 17]},
						{"origin": [-7.36612, 0, 0.67678], "size": [1, 1.97656, 1], "pivot": [-6.61612, 1.05078, 1.17678], "rotation": [0, -45, 0], "uv": [32, 37]},
						{"origin": [-6.48408, 1.54916, 0.32322], "size": [0.25, 2.32813, 1], "pivot": [-6.23408, 2.61948, 0.82322], "rotation": [0, -45, 45], "uv": [38, 27]},
						{"origin": [-7.36612, 0, -2.32322], "size": [1, 1.97656, 1], "pivot": [-6.61612, 1.05078, -1.82322], "rotation": [0, -45, 0], "uv": [37, 37]},
						{"origin": [-6.48408, 1.54916, -2.67678], "size": [0.25, 2.32813, 1], "pivot": [-6.23408, 2.61948, -2.17678], "rotation": [0, -45, 45], "uv": [38, 31]},
						{"origin": [-6.48408, 1.54916, 1.67678], "size": [0.25, 2.32813, 1], "pivot": [-6.23408, 2.61948, 2.17678], "rotation": [0, 45, 45], "uv": [35, 40]},
						{"origin": [-7.36612, 0, 1.32322], "size": [1, 1.97656, 1], "pivot": [-6.61612, 1.05078, 1.82322], "rotation": [0, 45, 0], "uv": [38, 24]},
						{"origin": [-6.48408, 1.54916, -1.32322], "size": [0.25, 2.32813, 1], "pivot": [-6.23408, 2.61948, -0.82322], "rotation": [0, 45, 45], "uv": [32, 40]},
						{"origin": [-7.36612, 0, -1.67678], "size": [1, 1.97656, 1], "pivot": [-6.61612, 1.05078, -1.17678], "rotation": [0, 45, 0], "uv": [38, 21]},
						{"origin": [-7.5, 0, -2], "size": [1.5, 2.10156, 1], "uv": [27, 37]},
						{"origin": [-4.45404, 2.11826, -2], "size": [0.5, 0.76563, 1], "pivot": [-4.20404, 3.63388, -1.5], "rotation": [0, 0, 90], "uv": [38, 35]},
						{"origin": [-4.45404, 2.11826, 1], "size": [0.5, 0.76563, 1], "pivot": [-4.20404, 3.63388, 1.5], "rotation": [0, 0, 90], "uv": [38, 40]},
						{
							"origin": [-6.87868, 1.70711, -6],
							"size": [3, 2, 1],
							"pivot": [-4.87868, 2.70711, 0],
							"rotation": [0, 0, -45],
							"uv": {
								"north": {"uv": [8, 78], "uv_size": [3, 2]},
								"south": {"uv": [22, 78], "uv_size": [3, 2]},
								"up": {"uv": [87, 36], "uv_size": [3, 1]}
							}
						},
						{
							"origin": [-6.87868, 1.70711, -4.75],
							"size": [3, 2, 9.5],
							"pivot": [-4.87868, 2.70711, 0],
							"rotation": [0, 0, -45],
							"uv": {
								"north": {"uv": [26, 78], "uv_size": [3, 2]},
								"south": {"uv": [39, 78], "uv_size": [3, 2]},
								"up": {"uv": [37, 44], "uv_size": [3, 10]}
							}
						},
						{
							"origin": [-6.8318, 1.70711, -5],
							"size": [2.95313, 1.875, 10],
							"pivot": [-4.87868, 2.70711, 0],
							"rotation": [0, 0, -45],
							"uv": {
								"east": {"uv": [62, 36], "uv_size": [10, 2]},
								"up": {"uv": [14, 56], "uv_size": [3, 10]},
								"down": {"uv": [18, 66], "uv_size": [3, -10]}
							}
						},
						{
							"origin": [-6.8318, 6.41789, -5],
							"size": [2.95313, 1.875, 10],
							"pivot": [-4.87868, 7.29289, 0],
							"rotation": [0, 0, 45],
							"uv": {
								"east": {"uv": [62, 39], "uv_size": [10, 2]},
								"up": {"uv": [26, 56], "uv_size": [3, 10]},
								"down": {"uv": [58, 51], "uv_size": [3, -10]}
							}
						},
						{
							"origin": [-6.87868, 1.70711, 5],
							"size": [3, 2, 1],
							"pivot": [-4.87868, 2.70711, 0],
							"rotation": [0, 0, -45],
							"uv": {
								"north": {"uv": [0, 79], "uv_size": [3, 2]},
								"south": {"uv": [12, 79], "uv_size": [3, 2]},
								"up": {"uv": [87, 71], "uv_size": [3, 1]}
							}
						},
						{"origin": [-1.5, 1.35354, -3.23223], "size": [3, 2, 2], "pivot": [0, 2.35354, -6.23223], "rotation": [90, -45.00006, -89.99994], "uv": [27, 22]},
						{"origin": [-1.5, 1.35354, 1.23223], "size": [3, 2, 2], "pivot": [0, 2.35354, 6.23223], "rotation": [-90, 45.00006, -89.99994], "uv": [27, 27]},
						{"origin": [-7.125, 1.72855, -6.91973], "size": [3.375, 1.5, 1.375], "pivot": [-5.25, 2.72855, -6.23223], "rotation": [31.33143, -34.12399, -47.33878], "uv": [37, 5]},
						{"origin": [-7.125, 1.72855, 5.54473], "size": [3.375, 1.5, 1.375], "pivot": [-5.25, 2.72855, 6.23223], "rotation": [-31.33143, 34.12399, -47.33878], "uv": [37, 8]},
						{
							"origin": [-6.87868, 6.29289, 5],
							"size": [3, 2, 1],
							"pivot": [-4.87868, 7.29289, 0],
							"rotation": [0, 0, 45],
							"uv": {
								"north": {"uv": [45, 80], "uv_size": [3, 2]},
								"south": {"uv": [49, 80], "uv_size": [3, 2]},
								"down": {"uv": [34, 89], "uv_size": [3, -1]}
							}
						},
						{"origin": [-1.5, 6.64646, 1.23223], "size": [3, 2, 2], "pivot": [0, 7.64646, 6.23223], "rotation": [90, 45.00006, 89.99994], "uv": [37, 0]},
						{"origin": [-7.125, 6.77145, 5.54473], "size": [3.375, 1.5, 1.375], "pivot": [-5.25, 7.27145, 6.23223], "rotation": [31.33143, 34.12399, 47.33878], "uv": [37, 14]},
						{
							"origin": [-6.87868, 6.29289, -4.75],
							"size": [3, 2, 9.5],
							"pivot": [-4.87868, 7.29289, 0],
							"rotation": [0, 0, 45],
							"uv": {
								"north": {"uv": [34, 79], "uv_size": [3, 2]},
								"south": {"uv": [79, 78], "uv_size": [3, 2]},
								"down": {"uv": [22, 66], "uv_size": [3, -10]}
							}
						},
						{
							"origin": [-6.87868, 6.29289, -6],
							"size": [3, 2, 1],
							"pivot": [-4.87868, 7.29289, 0],
							"rotation": [0, 0, 45],
							"uv": {
								"north": {"uv": [16, 79], "uv_size": [3, 2]},
								"south": {"uv": [30, 79], "uv_size": [3, 2]},
								"down": {"uv": [88, 34], "uv_size": [3, -1]}
							}
						},
						{"origin": [-7.125, 6.77145, -6.91973], "size": [3.375, 1.5, 1.375], "pivot": [-5.25, 7.27145, -6.23223], "rotation": [-31.33143, -34.12399, 47.33878], "uv": [37, 11]},
						{"origin": [-1.5, 6.64646, -3.23223], "size": [3, 2, 2], "pivot": [0, 7.64646, -6.23223], "rotation": [-90, -45.00006, 89.99994], "uv": [27, 32]},
						{"origin": [-6.875, 8.05469, -7.875], "size": [3.75, 6.89844, 15.75], "uv": [0, 0]},
						{
							"origin": [-7, 8, -8],
							"size": [4, 4.875, 3],
							"uv": {
								"north": {"uv": [62, 42], "uv_size": [4, 5]},
								"east": {"uv": [5, 69], "uv_size": [3, 5]},
								"south": {"uv": [57, 64], "uv_size": [4, 5]},
								"west": {"uv": [70, 0], "uv_size": [3, 5]},
								"up": {"uv": [70, 55], "uv_size": [4, 3]},
								"down": {"uv": [0, 75], "uv_size": [4, -3]}
							}
						},
						{
							"origin": [-7, 14.125, -8],
							"size": [4, 0.875, 3],
							"uv": {
								"north": {"uv": [65, 84], "uv_size": [4, 1]},
								"east": {"uv": [38, 88], "uv_size": [3, 1]},
								"south": {"uv": [13, 85], "uv_size": [4, 1]},
								"west": {"uv": [88, 51], "uv_size": [3, 1]},
								"up": {"uv": [32, 72], "uv_size": [4, 3]},
								"down": {"uv": [72, 62], "uv_size": [4, -3]}
							}
						},
						{
							"origin": [-5, 15, -7],
							"size": [2, 1, 1],
							"uv": {
								"south": {"uv": [38, 42], "uv_size": [2, 1]},
								"west": {"uv": [95, 44], "uv_size": [1, 1]},
								"up": {"uv": [89, 75], "uv_size": [2, 1]}
							}
						},
						{
							"origin": [-6, 15, -7],
							"size": [1, 1, 2],
							"uv": {
								"east": {"uv": [91, 17], "uv_size": [2, 1]},
								"south": {"uv": [71, 95], "uv_size": [1, 1]},
								"west": {"uv": [91, 19], "uv_size": [2, 1]},
								"up": {"uv": [4, 91], "uv_size": [1, 2]}
							}
						},
						{
							"origin": [-3.875, 15.5, -5.75],
							"size": [0.875, 0.5, 2.875],
							"uv": {
								"north": {"uv": [9, 91], "uv_size": [1, 1]},
								"south": {"uv": [13, 91], "uv_size": [1, 1]},
								"west": {"uv": [74, 14], "uv_size": [3, 1]},
								"up": {"uv": [52, 70], "uv_size": [1, 3]},
								"down": {"uv": [55, 73], "uv_size": [1, -3]}
							}
						},
						{
							"origin": [-4.75, 15.5, -5.75],
							"size": [0.875, 0.5, 8.625],
							"uv": {
								"north": {"uv": [8, 91], "uv_size": [1, 1]},
								"east": {"uv": [77, 12], "uv_size": [9, 1]},
								"west": {"uv": [74, 14], "uv_size": [9, 1]},
								"up": {"uv": [51, 64], "uv_size": [1, 9]},
								"down": {"uv": [54, 73], "uv_size": [1, -9]}
							}
						},
						{
							"origin": [-4.75, 15.5, 2.875],
							"size": [1.75, 0.5, 2.875],
							"uv": {
								"north": {"uv": [8, 91], "uv_size": [2, 1]},
								"east": {"uv": [74, 12], "uv_size": [3, 1]},
								"south": {"uv": [13, 91], "uv_size": [2, 1]},
								"west": {"uv": [83, 14], "uv_size": [3, 1]},
								"up": {"uv": [51, 61], "uv_size": [2, 3]},
								"down": {"uv": [54, 64], "uv_size": [2, -3]}
							}
						},
						{
							"origin": [-4.75, 15, -6],
							"size": [1.75, 0.25, 12],
							"uv": {
								"west": {"uv": [74, 28], "uv_size": [12, 1]},
								"up": {"uv": [62, 0], "uv_size": [2, 12]},
								"down": {"uv": [62, 25], "uv_size": [2, -12]}
							}
						},
						{
							"origin": [-5.92969, 15, -6],
							"size": [2.92188, 0.875, 12],
							"uv": {
								"east": {"uv": [74, 16], "uv_size": [12, 1]},
								"west": {"uv": [74, 26], "uv_size": [12, 1]},
								"up": {"uv": [47, 55], "uv_size": [3, 12]},
								"down": {"uv": [5, 68], "uv_size": [3, -12]}
							}
						},
						{
							"origin": [-6, 15, -4.75],
							"size": [1, 1, 9.5],
							"uv": {
								"north": {"uv": [69, 95], "uv_size": [1, 1]},
								"east": {"uv": [76, 43], "uv_size": [10, 1]},
								"south": {"uv": [95, 69], "uv_size": [1, 1]},
								"west": {"uv": [76, 71], "uv_size": [10, 1]},
								"up": {"uv": [46, 5], "uv_size": [1, 10]}
							}
						},
						{
							"origin": [-5, 15, 6],
							"size": [2, 1, 1],
							"uv": {
								"north": {"uv": [29, 91], "uv_size": [2, 1]},
								"west": {"uv": [73, 95], "uv_size": [1, 1]},
								"up": {"uv": [91, 30], "uv_size": [2, 1]}
							}
						},
						{
							"origin": [-6, 15, 5],
							"size": [1, 1, 2],
							"uv": {
								"north": {"uv": [95, 71], "uv_size": [1, 1]},
								"east": {"uv": [21, 91], "uv_size": [2, 1]},
								"west": {"uv": [24, 91], "uv_size": [2, 1]},
								"up": {"uv": [27, 91], "uv_size": [1, 2]}
							}
						},
						{
							"origin": [-6, 14.43934, -7.77543],
							"size": [3, 1, 1.42188],
							"pivot": [-4.5, 14.93934, -7.35355],
							"rotation": [45, 0, 0],
							"uv": {
								"north": {"uv": [88, 66], "uv_size": [3, 1]},
								"east": {"uv": [46, 95], "uv_size": [1, 1]},
								"west": {"uv": [48, 95], "uv_size": [1, 1]},
								"up": {"uv": [88, 68], "uv_size": [3, 1]}
							}
						},
						{
							"origin": [-6, 14.43934, 6.35355],
							"size": [3, 1, 1.42188],
							"pivot": [-4.5, 14.93934, 7.35355],
							"rotation": [-45, 0, 0],
							"uv": {
								"east": {"uv": [50, 95], "uv_size": [1, 1]},
								"south": {"uv": [88, 77], "uv_size": [3, 1]},
								"west": {"uv": [95, 51], "uv_size": [1, 1]},
								"up": {"uv": [88, 79], "uv_size": [3, 1]}
							}
						},
						{
							"origin": [-6.38281, 14.56561, 6.43822],
							"size": [0.5, 1, 1.54688],
							"pivot": [-6.13281, 15.06561, 7.14916],
							"rotation": [-35.00002, -45, 0.00006],
							"uv": {
								"north": {"uv": [95, 55], "uv_size": [1, 1]},
								"east": {"uv": [76, 90], "uv_size": [2, 1]},
								"south": {"uv": [95, 57], "uv_size": [1, 1]},
								"west": {"uv": [79, 90], "uv_size": [2, 1]},
								"up": {"uv": [82, 90], "uv_size": [1, 2]},
								"down": {"uv": [84, 92], "uv_size": [1, -2]}
							}
						},
						{
							"origin": [-6.38281, 14.56561, -7.98509],
							"size": [0.5, 1, 1.54688],
							"pivot": [-6.13281, 15.06561, -7.14916],
							"rotation": [35.00002, 45, 0.00006],
							"uv": {
								"north": {"uv": [59, 95], "uv_size": [1, 1]},
								"east": {"uv": [90, 81], "uv_size": [2, 1]},
								"south": {"uv": [95, 59], "uv_size": [1, 1]},
								"west": {"uv": [90, 85], "uv_size": [2, 1]},
								"up": {"uv": [86, 90], "uv_size": [1, 2]},
								"down": {"uv": [90, 89], "uv_size": [1, -2]}
							}
						},
						{
							"origin": [-6.64206, 14.64374, 4.78906],
							"size": [1.99291, 1, 1.42188],
							"pivot": [-6.14916, 15.14374, 5.5],
							"rotation": [0, -89.99994, -44.99994],
							"uv": {
								"north": {"uv": [90, 22], "uv_size": [2, 1]},
								"east": {"uv": [52, 95], "uv_size": [1, 1]},
								"south": {"uv": [59, 90], "uv_size": [2, 1]},
								"west": {"uv": [95, 53], "uv_size": [1, 1]},
								"up": {"uv": [70, 90], "uv_size": [2, 1]},
								"down": {"uv": [73, 91], "uv_size": [2, -1]}
							}
						},
						{
							"origin": [-16.4006, 14.64374, 4.78906],
							"size": [9.50853, 1, 1.42188],
							"pivot": [-6.14916, 15.14374, 5.5],
							"rotation": [0, -89.99994, -44.99994],
							"uv": {
								"north": {"uv": [75, 54], "uv_size": [10, 1]},
								"east": {"uv": [61, 95], "uv_size": [1, 1]},
								"south": {"uv": [75, 56], "uv_size": [10, 1]},
								"west": {"uv": [95, 61], "uv_size": [1, 1]},
								"up": {"uv": [22, 76], "uv_size": [10, 1]},
								"down": {"uv": [76, 42], "uv_size": [10, -1]}
							}
						},
						{
							"origin": [-16.4006, 15.64374, 5.16406],
							"size": [0.43041, 2, 0.42188],
							"pivot": [-6.14916, 15.14374, 5.5],
							"rotation": [0, -89.99994, -44.99994],
							"uv": {
								"north": {"uv": [91, 35], "uv_size": [1, 2]},
								"east": {"uv": [91, 40], "uv_size": [1, 2]},
								"south": {"uv": [91, 43], "uv_size": [1, 2]},
								"west": {"uv": [91, 46], "uv_size": [1, 2]},
								"up": {"uv": [75, 95], "uv_size": [1, 1]}
							}
						},
						{
							"origin": [-16.4006, 15.64374, -5.58594],
							"size": [0.43041, 2, 0.42188],
							"pivot": [-6.14916, 15.14374, -5.5],
							"rotation": [0, 89.99994, -44.99994],
							"uv": {
								"north": {"uv": [91, 53], "uv_size": [1, 2]},
								"east": {"uv": [91, 56], "uv_size": [1, 2]},
								"south": {"uv": [91, 59], "uv_size": [1, 2]},
								"west": {"uv": [91, 62], "uv_size": [1, 2]},
								"up": {"uv": [77, 95], "uv_size": [1, 1]},
								"down": {"uv": [79, 96], "uv_size": [1, -1]}
							}
						},
						{
							"origin": [-16.4006, 17.14374, -6.01634],
							"size": [8.68041, 0.5, 0.42188],
							"pivot": [-6.14916, 15.14374, -5.93041],
							"rotation": [0, 89.99994, -44.99994],
							"uv": {
								"north": {"uv": [72, 76], "uv_size": [9, 1]},
								"east": {"uv": [95, 79], "uv_size": [1, 1]},
								"south": {"uv": [76, 73], "uv_size": [9, 1]},
								"west": {"uv": [89, 95], "uv_size": [1, 1]},
								"up": {"uv": [12, 77], "uv_size": [9, 1]},
								"down": {"uv": [77, 37], "uv_size": [9, -1]}
							}
						},
						{
							"origin": [-17.4006, 14.64374, 4.82813],
							"size": [11.50853, 0.88281, 1.32031],
							"pivot": [-6.14916, 15.14374, 5.5],
							"rotation": [0, -89.99994, -44.99994],
							"uv": {
								"north": {"uv": [70, 22], "uv_size": [12, 1]},
								"south": {"uv": [74, 6], "uv_size": [12, 1]},
								"up": {"uv": [74, 8], "uv_size": [12, 1]},
								"down": {"uv": [74, 11], "uv_size": [12, -1]}
							}
						},
						{
							"origin": [-18.64916, 14.64374, 4.78906],
							"size": [1.99856, 1, 1.42188],
							"pivot": [-6.14916, 15.14374, 5.5],
							"rotation": [0, -89.99994, -44.99994],
							"uv": {
								"north": {"uv": [90, 90], "uv_size": [2, 1]},
								"east": {"uv": [63, 95], "uv_size": [1, 1]},
								"south": {"uv": [91, 0], "uv_size": [2, 1]},
								"west": {"uv": [95, 67], "uv_size": [1, 1]},
								"up": {"uv": [91, 2], "uv_size": [2, 1]},
								"down": {"uv": [91, 5], "uv_size": [2, -1]}
							}
						},
						{
							"origin": [-7, 8, -4.75],
							"size": [4, 0.5, 9.5],
							"uv": {
								"north": {"uv": [26, 84], "uv_size": [4, 1]},
								"east": {"uv": [75, 18], "uv_size": [10, 1]},
								"south": {"uv": [31, 84], "uv_size": [4, 1]},
								"west": {"uv": [75, 20], "uv_size": [10, 1]},
								"up": {"uv": [37, 55], "uv_size": [4, 10]}
							}
						},
						{
							"origin": [-7, 8.7829, -1.55439],
							"size": [4, 4.25, 3.10938],
							"uv": {
								"north": {"uv": [23, 67], "uv_size": [4, 4]},
								"east": {"uv": [72, 71], "uv_size": [3, 4]},
								"south": {"uv": [67, 64], "uv_size": [4, 4]},
								"west": {"uv": [73, 36], "uv_size": [3, 4]},
								"down": {"uv": [43, 76], "uv_size": [4, -3]}
							}
						},
						{
							"origin": [-7, 11.2829, -2.80439],
							"size": [4, 1.75, 5.60938],
							"uv": {
								"east": {"uv": [74, 0], "uv_size": [6, 2]},
								"west": {"uv": [74, 3], "uv_size": [6, 2]},
								"down": {"uv": [30, 65], "uv_size": [4, -6]}
							}
						},
						{
							"origin": [-7, 10.633, -5.35899],
							"size": [4, 1.6875, 5.125],
							"pivot": [-5, 10.97675, -2.67149],
							"rotation": [-55, 0, 0],
							"uv": {
								"east": {"uv": [0, 76], "uv_size": [5, 2]},
								"west": {"uv": [33, 76], "uv_size": [5, 2]},
								"up": {"uv": [30, 66], "uv_size": [4, 5]},
								"down": {"uv": [35, 71], "uv_size": [4, -5]}
							}
						},
						{
							"origin": [-7, 10.633, 0.23399],
							"size": [4, 1.6875, 5.125],
							"pivot": [-5, 10.97675, 2.67149],
							"rotation": [55, 0, 0],
							"uv": {
								"east": {"uv": [66, 74], "uv_size": [5, 2]},
								"west": {"uv": [75, 51], "uv_size": [5, 2]},
								"up": {"uv": [65, 6], "uv_size": [4, 5]},
								"down": {"uv": [9, 70], "uv_size": [4, -5]}
							}
						},
						{
							"origin": [-7, 8.5, 4.5625],
							"size": [4, 4.3125, 0.1875],
							"uv": {
								"north": {"uv": [40, 66], "uv_size": [4, 4]},
								"east": {"uv": [41, 27], "uv_size": [1, 4]},
								"south": {"uv": [0, 67], "uv_size": [4, 4]},
								"west": {"uv": [28, 67], "uv_size": [1, 4]},
								"up": {"uv": [80, 85], "uv_size": [4, 1]}
							}
						},
						{
							"origin": [-7, 7.77368, 3.30877],
							"size": [4, 5.375, 0.22656],
							"pivot": [-5, 10.99243, 3.40252],
							"rotation": [-35, 0, 0],
							"uv": {
								"north": {"uv": [65, 12], "uv_size": [4, 5]},
								"east": {"uv": [49, 34], "uv_size": [1, 5]},
								"south": {"uv": [65, 18], "uv_size": [4, 5]},
								"west": {"uv": [2, 82], "uv_size": [1, 5]},
								"up": {"uv": [85, 81], "uv_size": [4, 1]}
							}
						},
						{
							"origin": [-7, 7.96899, 3.43377],
							"size": [4, 4.39844, 0.64063],
							"pivot": [-5, 10.99243, 3.40252],
							"rotation": [-35, 0, 0],
							"uv": {
								"east": {"uv": [6, 85], "uv_size": [1, 4]},
								"south": {"uv": [45, 68], "uv_size": [4, 4]},
								"west": {"uv": [18, 85], "uv_size": [1, 4]},
								"up": {"uv": [8, 86], "uv_size": [4, 1]},
								"down": {"uv": [86, 19], "uv_size": [4, -1]}
							}
						},
						{
							"origin": [-7, 8.46118, 2.6369],
							"size": [4, 1.5625, 1.9375],
							"uv": {
								"east": {"uv": [62, 48], "uv_size": [2, 2]},
								"west": {"uv": [37, 72], "uv_size": [2, 2]}
							}
						},
						{
							"origin": [-7, 10.01587, 3.79315],
							"size": [4, 1.5, 0.78906],
							"uv": {
								"east": {"uv": [38, 90], "uv_size": [1, 2]},
								"west": {"uv": [40, 90], "uv_size": [1, 2]},
								"up": {"uv": [85, 85], "uv_size": [4, 1]}
							}
						},
						{
							"origin": [-7, 11.76587, 4.29315],
							"size": [4, 0.6875, 0.35156],
							"pivot": [-5, 12.10962, 4.46893],
							"rotation": [-17.5, 0, 0],
							"uv": {
								"north": {"uv": [86, 20], "uv_size": [4, 1]},
								"east": {"uv": [45, 66], "uv_size": [1, 1]},
								"south": {"uv": [26, 86], "uv_size": [4, 1]},
								"west": {"uv": [43, 71], "uv_size": [1, 1]},
								"up": {"uv": [31, 86], "uv_size": [4, 1]},
								"down": {"uv": [36, 87], "uv_size": [4, -1]}
							}
						},
						{
							"origin": [-7, 9.76587, 3.54315],
							"size": [4, 0.6875, 0.35156],
							"pivot": [-5, 10.10962, 3.71893],
							"rotation": [-17.5, 0, 0],
							"uv": {
								"east": {"uv": [20, 79], "uv_size": [1, 1]},
								"west": {"uv": [95, 15], "uv_size": [1, 1]}
							}
						},
						{
							"origin": [-7, 8.26587, 2.41815],
							"size": [4, 0.6875, 0.35156],
							"pivot": [-5, 8.60962, 2.59393],
							"rotation": [-17.5, 0, 0],
							"uv": {
								"north": {"uv": [86, 47], "uv_size": [4, 1]},
								"east": {"uv": [28, 95], "uv_size": [1, 1]},
								"south": {"uv": [86, 49], "uv_size": [4, 1]},
								"west": {"uv": [30, 95], "uv_size": [1, 1]},
								"up": {"uv": [86, 53], "uv_size": [4, 1]}
							}
						},
						{
							"origin": [-7, 8.5, -4.75],
							"size": [4, 4.3125, 0.1875],
							"uv": {
								"north": {"uv": [69, 31], "uv_size": [4, 4]},
								"east": {"uv": [68, 86], "uv_size": [1, 4]},
								"south": {"uv": [67, 69], "uv_size": [4, 4]},
								"west": {"uv": [87, 40], "uv_size": [1, 4]},
								"up": {"uv": [87, 28], "uv_size": [4, 1]}
							}
						},
						{
							"origin": [-7, 7.77368, -3.53533],
							"size": [4, 5.375, 0.22656],
							"pivot": [-5, 10.99243, -3.40252],
							"rotation": [35, 0, 0],
							"uv": {
								"north": {"uv": [65, 48], "uv_size": [4, 5]},
								"east": {"uv": [22, 83], "uv_size": [1, 5]},
								"south": {"uv": [65, 54], "uv_size": [4, 5]},
								"west": {"uv": [24, 83], "uv_size": [1, 5]},
								"up": {"uv": [87, 26], "uv_size": [4, 1]}
							}
						},
						{
							"origin": [-7, 11.76587, -4.64471],
							"size": [4, 0.6875, 0.35156],
							"pivot": [-5, 12.10962, -4.46893],
							"rotation": [17.5, 0, 0],
							"uv": {
								"north": {"uv": [87, 11], "uv_size": [4, 1]},
								"east": {"uv": [42, 95], "uv_size": [1, 1]},
								"south": {"uv": [13, 87], "uv_size": [4, 1]},
								"west": {"uv": [95, 42], "uv_size": [1, 1]},
								"up": {"uv": [87, 13], "uv_size": [4, 1]},
								"down": {"uv": [87, 16], "uv_size": [4, -1]}
							}
						},
						{
							"origin": [-7, 7.96899, -4.0744],
							"size": [4, 4.39844, 0.64063],
							"pivot": [-5, 10.99243, -3.40252],
							"rotation": [35, 0, 0],
							"uv": {
								"north": {"uv": [69, 26], "uv_size": [4, 4]},
								"east": {"uv": [20, 85], "uv_size": [1, 4]},
								"west": {"uv": [4, 86], "uv_size": [1, 4]},
								"up": {"uv": [86, 83], "uv_size": [4, 1]},
								"down": {"uv": [87, 10], "uv_size": [4, -1]}
							}
						},
						{
							"origin": [-7, 10.01587, -4.58221],
							"size": [4, 1.5, 0.78906],
							"uv": {
								"east": {"uv": [55, 90], "uv_size": [1, 2]},
								"west": {"uv": [57, 90], "uv_size": [1, 2]},
								"up": {"uv": [86, 73], "uv_size": [4, 1]}
							}
						},
						{
							"origin": [-7, 9.76587, -3.89471],
							"size": [4, 0.6875, 0.35156],
							"pivot": [-5, 10.10962, -3.71893],
							"rotation": [17.5, 0, 0],
							"uv": {
								"east": {"uv": [37, 95], "uv_size": [1, 1]},
								"west": {"uv": [95, 40], "uv_size": [1, 1]}
							}
						},
						{
							"origin": [-7, 8.46118, -4.5744],
							"size": [4, 1.5625, 1.9375],
							"uv": {
								"east": {"uv": [65, 86], "uv_size": [2, 2]},
								"west": {"uv": [87, 6], "uv_size": [2, 2]}
							}
						},
						{
							"origin": [-7, 8.26587, -2.76971],
							"size": [4, 0.6875, 0.35156],
							"pivot": [-5, 8.60962, -2.59393],
							"rotation": [17.5, 0, 0],
							"uv": {
								"north": {"uv": [55, 86], "uv_size": [4, 1]},
								"east": {"uv": [32, 95], "uv_size": [1, 1]},
								"south": {"uv": [86, 55], "uv_size": [4, 1]},
								"west": {"uv": [95, 35], "uv_size": [1, 1]},
								"up": {"uv": [60, 86], "uv_size": [4, 1]}
							}
						},
						{
							"origin": [-7, 13, -8],
							"size": [4, 1, 16],
							"uv": {
								"north": {"uv": [55, 84], "uv_size": [4, 1]},
								"east": {"uv": [65, 24], "uv_size": [16, 1]},
								"south": {"uv": [60, 84], "uv_size": [4, 1]},
								"west": {"uv": [67, 45], "uv_size": [16, 1]},
								"up": {"uv": [48, 0], "uv_size": [4, 16]},
								"down": {"uv": [50, 33], "uv_size": [4, -16]}
							}
						},
						{
							"origin": [-7, 14.125, -4.75],
							"size": [4, 0.875, 9.5],
							"uv": {
								"north": {"uv": [36, 84], "uv_size": [4, 1]},
								"east": {"uv": [75, 47], "uv_size": [10, 1]},
								"south": {"uv": [84, 45], "uv_size": [4, 1]},
								"west": {"uv": [75, 49], "uv_size": [10, 1]},
								"up": {"uv": [42, 55], "uv_size": [4, 10]},
								"down": {"uv": [0, 66], "uv_size": [4, -10]}
							}
						},
						{
							"origin": [-7, 8, 5],
							"size": [4, 4.8125, 3],
							"uv": {
								"north": {"uv": [62, 64], "uv_size": [4, 5]},
								"east": {"uv": [70, 6], "uv_size": [3, 5]},
								"south": {"uv": [65, 0], "uv_size": [4, 5]},
								"west": {"uv": [70, 12], "uv_size": [3, 5]},
								"up": {"uv": [22, 72], "uv_size": [4, 3]},
								"down": {"uv": [27, 75], "uv_size": [4, -3]}
							}
						},
						{
							"origin": [-7, 14.125, 5],
							"size": [4, 0.875, 3],
							"uv": {
								"north": {"uv": [70, 85], "uv_size": [4, 1]},
								"east": {"uv": [55, 88], "uv_size": [3, 1]},
								"south": {"uv": [75, 85], "uv_size": [4, 1]},
								"west": {"uv": [59, 88], "uv_size": [3, 1]},
								"up": {"uv": [72, 63], "uv_size": [4, 3]},
								"down": {"uv": [72, 70], "uv_size": [4, -3]}
							}
						},
						{"origin": [-4.875, 2, -5.875], "size": [1.875, 6, 11.75], "uv": [1, 23]},
						{
							"origin": [-5, 2, -4.75],
							"size": [2, 6, 9.5],
							"uv": {
								"north": {"uv": [60, 70], "uv_size": [2, 6]},
								"east": {"uv": [51, 34], "uv_size": [10, 6]},
								"south": {"uv": [63, 70], "uv_size": [2, 6]}
							}
						},
						{
							"origin": [-6.42678, 1.65334, 1],
							"size": [0.6875, 2.52344, 1],
							"pivot": [-6.42678, 3.17678, 1.5],
							"rotation": [0, 0, 45],
							"uv": {
								"north": {"uv": [45, 89], "uv_size": [1, 3]},
								"east": {"uv": [47, 89], "uv_size": [1, 3]},
								"south": {"uv": [49, 89], "uv_size": [1, 3]},
								"west": {"uv": [51, 89], "uv_size": [1, 3]},
								"up": {"uv": [96, 85], "uv_size": [1, 1]},
								"down": {"uv": [96, 88], "uv_size": [1, -1]}
							}
						},
						{
							"origin": [-6.42678, 1.65334, -2],
							"size": [0.6875, 2.52344, 1],
							"pivot": [-6.42678, 3.17678, -1.5],
							"rotation": [0, 0, 45],
							"uv": {
								"north": {"uv": [89, 57], "uv_size": [1, 3]},
								"east": {"uv": [89, 61], "uv_size": [1, 3]},
								"south": {"uv": [65, 89], "uv_size": [1, 3]},
								"west": {"uv": [6, 90], "uv_size": [1, 3]},
								"up": {"uv": [96, 89], "uv_size": [1, 1]},
								"down": {"uv": [96, 92], "uv_size": [1, -1]}
							}
						},
						{
							"origin": [-5, 2, -6],
							"size": [2.01563, 6, 1],
							"uv": {
								"north": {"uv": [0, 44], "uv_size": [5, 8]},
								"east": {"uv": [0, 44], "uv_size": [7, 7]},
								"south": {"uv": [0, 0], "uv_size": [2, 2]},
								"west": {"uv": [0, 43], "uv_size": [7, 9]},
								"up": {"uv": [2, 1], "uv_size": [-2, -1]},
								"down": {"uv": [2, 1], "uv_size": [-2, -1]}
							}
						},
						{
							"origin": [-5, 2, 5],
							"size": [2.01563, 6, 1],
							"uv": {
								"north": {"uv": [2, 0], "uv_size": [-2, 2]},
								"east": {"uv": [7, 44], "uv_size": [-7, 7]},
								"south": {"uv": [5, 44], "uv_size": [-5, 8]},
								"west": {"uv": [7, 43], "uv_size": [-7, 9]},
								"up": {"uv": [2, 0], "uv_size": [-2, 1]},
								"down": {"uv": [2, 0], "uv_size": [-2, 1]}
							}
						}
					]
				},
				{
					"name": "right",
					"parent": "ammo_crate",
					"pivot": [0, 0, 0],
					"cubes": [
						{
							"origin": [3, 0, -8],
							"size": [4, 2, 3],
							"uv": {
								"north": {"uv": [81, 38], "uv_size": [-4, 2]},
								"east": {"uv": [80, 67], "uv_size": [-3, 2]},
								"south": {"uv": [49, 77], "uv_size": [-4, 2]},
								"west": {"uv": [70, 77], "uv_size": [-3, 2]},
								"up": {"uv": [18, 70], "uv_size": [-4, 3]},
								"down": {"uv": [74, 21], "uv_size": [-4, -3]}
							}
						},
						{
							"origin": [3, 0.25, -4],
							"size": [4, 1.75, 8],
							"uv": {
								"east": {"uv": [75, 42], "uv_size": [-8, 2]},
								"west": {"uv": [22, 67], "uv_size": [-8, 2]},
								"down": {"uv": [13, 64], "uv_size": [-4, -8]}
							}
						},
						{
							"origin": [3, 0, 4],
							"size": [4, 2, 0.75],
							"uv": {
								"north": {"uv": [54, 77], "uv_size": [-4, 2]},
								"east": {"uv": [13, 71], "uv_size": [-1, 2]},
								"south": {"uv": [61, 77], "uv_size": [-4, 2]},
								"west": {"uv": [31, 41], "uv_size": [-1, 2]},
								"down": {"uv": [75, 84], "uv_size": [-4, -1]}
							}
						},
						{
							"origin": [3, 0, 4.75],
							"size": [3.875, 1.94531, 0.25],
							"uv": {
								"east": {"uv": [91, 6], "uv_size": [-1, 2]},
								"west": {"uv": [90, 44], "uv_size": [-1, 2]},
								"up": {"uv": [80, 83], "uv_size": [-4, 1]},
								"down": {"uv": [87, 78], "uv_size": [-4, -1]}
							}
						},
						{
							"origin": [3, 0, -5],
							"size": [3.875, 1.94531, 0.25],
							"uv": {
								"east": {"uv": [37, 90], "uv_size": [-1, 2]},
								"west": {"uv": [35, 90], "uv_size": [-1, 2]},
								"up": {"uv": [85, 83], "uv_size": [-4, 1]},
								"down": {"uv": [12, 85], "uv_size": [-4, -1]}
							}
						},
						{
							"origin": [3, 0, -4.75],
							"size": [4, 2, 0.75],
							"uv": {
								"north": {"uv": [66, 77], "uv_size": [-4, 2]},
								"east": {"uv": [20, 90], "uv_size": [-1, 2]},
								"south": {"uv": [81, 64], "uv_size": [-4, 2]},
								"west": {"uv": [18, 90], "uv_size": [-1, 2]},
								"down": {"uv": [87, 80], "uv_size": [-4, -1]}
							}
						},
						{
							"origin": [3, 0, 5],
							"size": [4, 2, 3],
							"uv": {
								"north": {"uv": [81, 58], "uv_size": [-4, 2]},
								"east": {"uv": [78, 78], "uv_size": [-3, 2]},
								"south": {"uv": [81, 61], "uv_size": [-4, 2]},
								"west": {"uv": [74, 78], "uv_size": [-3, 2]},
								"up": {"uv": [74, 47], "uv_size": [-4, 3]},
								"down": {"uv": [74, 54], "uv_size": [-4, -3]}
							}
						},
						{"origin": [6, 0, 1], "size": [1.5, 2.10156, 1], "uv": [37, 17], "mirror": true},
						{"origin": [6.36612, 0, 0.67678], "size": [1, 1.97656, 1], "pivot": [6.61612, 1.05078, 1.17678], "rotation": [0, 45, 0], "uv": [32, 37], "mirror": true},
						{"origin": [6.23408, 1.54916, 0.32322], "size": [0.25, 2.32813, 1], "pivot": [6.23408, 2.61948, 0.82322], "rotation": [0, 45, -45], "uv": [38, 27], "mirror": true},
						{"origin": [6.36612, 0, -2.32322], "size": [1, 1.97656, 1], "pivot": [6.61612, 1.05078, -1.82322], "rotation": [0, 45, 0], "uv": [37, 37], "mirror": true},
						{"origin": [6.23408, 1.54916, -2.67678], "size": [0.25, 2.32813, 1], "pivot": [6.23408, 2.61948, -2.17678], "rotation": [0, 45, -45], "uv": [38, 31], "mirror": true},
						{"origin": [6.23408, 1.54916, 1.67678], "size": [0.25, 2.32813, 1], "pivot": [6.23408, 2.61948, 2.17678], "rotation": [0, -45, -45], "uv": [35, 40], "mirror": true},
						{"origin": [6.36612, 0, 1.32322], "size": [1, 1.97656, 1], "pivot": [6.61612, 1.05078, 1.82322], "rotation": [0, -45, 0], "uv": [38, 24], "mirror": true},
						{"origin": [6.23408, 1.54916, -1.32322], "size": [0.25, 2.32813, 1], "pivot": [6.23408, 2.61948, -0.82322], "rotation": [0, -45, -45], "uv": [32, 40], "mirror": true},
						{"origin": [6.36612, 0, -1.67678], "size": [1, 1.97656, 1], "pivot": [6.61612, 1.05078, -1.17678], "rotation": [0, -45, 0], "uv": [38, 21], "mirror": true},
						{"origin": [6, 0, -2], "size": [1.5, 2.10156, 1], "uv": [27, 37], "mirror": true},
						{"origin": [3.95404, 2.11826, -2], "size": [0.5, 0.76563, 1], "pivot": [4.20404, 3.63388, -1.5], "rotation": [0, 0, -90], "uv": [38, 35], "mirror": true},
						{"origin": [3.95404, 2.11826, 1], "size": [0.5, 0.76563, 1], "pivot": [4.20404, 3.63388, 1.5], "rotation": [0, 0, -90], "uv": [38, 40], "mirror": true},
						{
							"origin": [3.87868, 1.70711, -6],
							"size": [3, 2, 1],
							"pivot": [4.87868, 2.70711, 0],
							"rotation": [0, 0, 45],
							"uv": {
								"north": {"uv": [11, 78], "uv_size": [-3, 2]},
								"south": {"uv": [25, 78], "uv_size": [-3, 2]},
								"up": {"uv": [90, 36], "uv_size": [-3, 1]}
							}
						},
						{
							"origin": [3.87868, 1.70711, -4.75],
							"size": [3, 2, 9.5],
							"pivot": [4.87868, 2.70711, 0],
							"rotation": [0, 0, 45],
							"uv": {
								"north": {"uv": [29, 78], "uv_size": [-3, 2]},
								"south": {"uv": [42, 78], "uv_size": [-3, 2]},
								"up": {"uv": [40, 44], "uv_size": [-3, 10]}
							}
						},
						{
							"origin": [3.87868, 1.70711, -5],
							"size": [2.95313, 1.875, 10],
							"pivot": [4.87868, 2.70711, 0],
							"rotation": [0, 0, 45],
							"uv": {
								"west": {"uv": [72, 36], "uv_size": [-10, 2]},
								"up": {"uv": [17, 56], "uv_size": [-3, 10]},
								"down": {"uv": [21, 66], "uv_size": [-3, -10]}
							}
						},
						{
							"origin": [3.87868, 6.41789, -5],
							"size": [2.95313, 1.875, 10],
							"pivot": [4.87868, 7.29289, 0],
							"rotation": [0, 0, -45],
							"uv": {
								"west": {"uv": [72, 39], "uv_size": [-10, 2]},
								"up": {"uv": [29, 56], "uv_size": [-3, 10]},
								"down": {"uv": [61, 51], "uv_size": [-3, -10]}
							}
						},
						{
							"origin": [3.87868, 1.70711, 5],
							"size": [3, 2, 1],
							"pivot": [4.87868, 2.70711, 0],
							"rotation": [0, 0, 45],
							"uv": {
								"north": {"uv": [3, 79], "uv_size": [-3, 2]},
								"south": {"uv": [15, 79], "uv_size": [-3, 2]},
								"up": {"uv": [90, 71], "uv_size": [-3, 1]}
							}
						},
						{"origin": [-1.5, 1.35354, -3.23223], "size": [3, 2, 2], "pivot": [0, 2.35354, -6.23223], "rotation": [90, 45.00006, 89.99994], "uv": [27, 22], "mirror": true},
						{"origin": [-1.5, 1.35354, 1.23223], "size": [3, 2, 2], "pivot": [0, 2.35354, 6.23223], "rotation": [-90, -45.00006, 89.99994], "uv": [27, 27], "mirror": true},
						{"origin": [3.75, 1.72855, -6.91973], "size": [3.375, 1.5, 1.375], "pivot": [5.25, 2.72855, -6.23223], "rotation": [31.33143, 34.12399, 47.33878], "uv": [37, 5], "mirror": true},
						{"origin": [3.75, 1.72855, 5.54473], "size": [3.375, 1.5, 1.375], "pivot": [5.25, 2.72855, 6.23223], "rotation": [-31.33143, -34.12399, 47.33878], "uv": [37, 8], "mirror": true},
						{
							"origin": [3.87868, 6.29289, 5],
							"size": [3, 2, 1],
							"pivot": [4.87868, 7.29289, 0],
							"rotation": [0, 0, -45],
							"uv": {
								"north": {"uv": [48, 80], "uv_size": [-3, 2]},
								"south": {"uv": [52, 80], "uv_size": [-3, 2]},
								"down": {"uv": [37, 89], "uv_size": [-3, -1]}
							}
						},
						{"origin": [-1.5, 6.64646, 1.23223], "size": [3, 2, 2], "pivot": [0, 7.64646, 6.23223], "rotation": [90, -45.00006, -89.99994], "uv": [37, 0], "mirror": true},
						{"origin": [3.75, 6.77145, 5.54473], "size": [3.375, 1.5, 1.375], "pivot": [5.25, 7.27145, 6.23223], "rotation": [31.33143, -34.12399, -47.33878], "uv": [37, 14], "mirror": true},
						{
							"origin": [3.87868, 6.29289, -4.75],
							"size": [3, 2, 9.5],
							"pivot": [4.87868, 7.29289, 0],
							"rotation": [0, 0, -45],
							"uv": {
								"north": {"uv": [37, 79], "uv_size": [-3, 2]},
								"south": {"uv": [82, 78], "uv_size": [-3, 2]},
								"down": {"uv": [25, 66], "uv_size": [-3, -10]}
							}
						},
						{
							"origin": [3.87868, 6.29289, -6],
							"size": [3, 2, 1],
							"pivot": [4.87868, 7.29289, 0],
							"rotation": [0, 0, -45],
							"uv": {
								"north": {"uv": [19, 79], "uv_size": [-3, 2]},
								"south": {"uv": [33, 79], "uv_size": [-3, 2]},
								"down": {"uv": [91, 34], "uv_size": [-3, -1]}
							}
						},
						{"origin": [3.75, 6.77145, -6.91973], "size": [3.375, 1.5, 1.375], "pivot": [5.25, 7.27145, -6.23223], "rotation": [-31.33143, 34.12399, -47.33878], "uv": [37, 11], "mirror": true},
						{"origin": [-1.5, 6.64646, -3.23223], "size": [3, 2, 2], "pivot": [0, 7.64646, -6.23223], "rotation": [-90, 45.00006, -89.99994], "uv": [27, 32], "mirror": true},
						{"origin": [3.125, 8.05469, -7.875], "size": [3.75, 6.89844, 15.75], "uv": [0, 0], "mirror": true},
						{
							"origin": [3, 8, -8],
							"size": [4, 4.875, 3],
							"uv": {
								"north": {"uv": [66, 42], "uv_size": [-4, 5]},
								"east": {"uv": [73, 0], "uv_size": [-3, 5]},
								"south": {"uv": [61, 64], "uv_size": [-4, 5]},
								"west": {"uv": [8, 69], "uv_size": [-3, 5]},
								"up": {"uv": [74, 55], "uv_size": [-4, 3]},
								"down": {"uv": [4, 75], "uv_size": [-4, -3]}
							}
						},
						{
							"origin": [3, 14.125, -8],
							"size": [4, 0.875, 3],
							"uv": {
								"north": {"uv": [69, 84], "uv_size": [-4, 1]},
								"east": {"uv": [91, 51], "uv_size": [-3, 1]},
								"south": {"uv": [17, 85], "uv_size": [-4, 1]},
								"west": {"uv": [41, 88], "uv_size": [-3, 1]},
								"up": {"uv": [36, 72], "uv_size": [-4, 3]},
								"down": {"uv": [76, 62], "uv_size": [-4, -3]}
							}
						},
						{
							"origin": [3, 15, -7],
							"size": [2, 1, 1],
							"uv": {
								"east": {"uv": [96, 44], "uv_size": [-1, 1]},
								"south": {"uv": [40, 42], "uv_size": [-2, 1]},
								"up": {"uv": [91, 75], "uv_size": [-2, 1]}
							}
						},
						{
							"origin": [5, 15, -7],
							"size": [1, 1, 2],
							"uv": {
								"east": {"uv": [93, 19], "uv_size": [-2, 1]},
								"south": {"uv": [72, 95], "uv_size": [-1, 1]},
								"west": {"uv": [93, 17], "uv_size": [-2, 1]},
								"up": {"uv": [5, 91], "uv_size": [-1, 2]}
							}
						},
						{
							"origin": [3, 15.5, -5.75],
							"size": [1.75, 0.5, 2.875],
							"uv": {
								"north": {"uv": [10, 91], "uv_size": [-2, 1]},
								"east": {"uv": [77, 14], "uv_size": [-3, 1]},
								"south": {"uv": [15, 91], "uv_size": [-2, 1]},
								"west": {"uv": [86, 12], "uv_size": [-3, 1]},
								"up": {"uv": [53, 70], "uv_size": [-2, 3]},
								"down": {"uv": [56, 73], "uv_size": [-2, -3]}
							}
						},
						{
							"origin": [3.875, 15.5, -2.875],
							"size": [0.875, 0.5, 8.625],
							"uv": {
								"east": {"uv": [86, 14], "uv_size": [-9, 1]},
								"south": {"uv": [15, 91], "uv_size": [-1, 1]},
								"west": {"uv": [83, 12], "uv_size": [-9, 1]},
								"up": {"uv": [52, 61], "uv_size": [-1, 9]},
								"down": {"uv": [55, 70], "uv_size": [-1, -9]}
							}
						},
						{
							"origin": [3, 15.5, 2.875],
							"size": [0.875, 0.5, 2.875],
							"uv": {
								"north": {"uv": [10, 91], "uv_size": [-1, 1]},
								"east": {"uv": [86, 14], "uv_size": [-3, 1]},
								"south": {"uv": [14, 91], "uv_size": [-1, 1]},
								"up": {"uv": [53, 61], "uv_size": [-1, 3]},
								"down": {"uv": [56, 64], "uv_size": [-1, -3]}
							}
						},
						{
							"origin": [3, 15, -6],
							"size": [1.75, 0.25, 12],
							"uv": {
								"east": {"uv": [86, 28], "uv_size": [-12, 1]},
								"up": {"uv": [64, 0], "uv_size": [-2, 12]},
								"down": {"uv": [64, 25], "uv_size": [-2, -12]}
							}
						},
						{
							"origin": [3.00781, 15, -6],
							"size": [2.92188, 0.875, 12],
							"uv": {
								"east": {"uv": [86, 26], "uv_size": [-12, 1]},
								"west": {"uv": [86, 16], "uv_size": [-12, 1]},
								"up": {"uv": [50, 55], "uv_size": [-3, 12]},
								"down": {"uv": [8, 68], "uv_size": [-3, -12]}
							}
						},
						{
							"origin": [5, 15, -4.75],
							"size": [1, 1, 9.5],
							"uv": {
								"north": {"uv": [70, 95], "uv_size": [-1, 1]},
								"east": {"uv": [86, 71], "uv_size": [-10, 1]},
								"south": {"uv": [96, 69], "uv_size": [-1, 1]},
								"west": {"uv": [86, 43], "uv_size": [-10, 1]},
								"up": {"uv": [47, 5], "uv_size": [-1, 10]}
							}
						},
						{
							"origin": [3, 15, 6],
							"size": [2, 1, 1],
							"uv": {
								"north": {"uv": [31, 91], "uv_size": [-2, 1]},
								"east": {"uv": [74, 95], "uv_size": [-1, 1]},
								"up": {"uv": [93, 30], "uv_size": [-2, 1]}
							}
						},
						{
							"origin": [5, 15, 5],
							"size": [1, 1, 2],
							"uv": {
								"north": {"uv": [96, 71], "uv_size": [-1, 1]},
								"east": {"uv": [26, 91], "uv_size": [-2, 1]},
								"west": {"uv": [23, 91], "uv_size": [-2, 1]},
								"up": {"uv": [28, 91], "uv_size": [-1, 2]}
							}
						},
						{
							"origin": [3, 14.43934, -7.77543],
							"size": [3, 1, 1.42188],
							"pivot": [4.5, 14.93934, -7.35355],
							"rotation": [45, 0, 0],
							"uv": {
								"north": {"uv": [91, 66], "uv_size": [-3, 1]},
								"east": {"uv": [49, 95], "uv_size": [-1, 1]},
								"west": {"uv": [47, 95], "uv_size": [-1, 1]},
								"up": {"uv": [91, 68], "uv_size": [-3, 1]}
							}
						},
						{
							"origin": [3, 14.43934, 6.35355],
							"size": [3, 1, 1.42188],
							"pivot": [4.5, 14.93934, 7.35355],
							"rotation": [-45, 0, 0],
							"uv": {
								"east": {"uv": [96, 51], "uv_size": [-1, 1]},
								"south": {"uv": [91, 77], "uv_size": [-3, 1]},
								"west": {"uv": [51, 95], "uv_size": [-1, 1]},
								"up": {"uv": [91, 79], "uv_size": [-3, 1]}
							}
						},
						{
							"origin": [5.88281, 14.56561, 6.43822],
							"size": [0.5, 1, 1.54688],
							"pivot": [6.13281, 15.06561, 7.14916],
							"rotation": [-35.00002, 45, -0.00006],
							"uv": {
								"north": {"uv": [96, 55], "uv_size": [-1, 1]},
								"east": {"uv": [81, 90], "uv_size": [-2, 1]},
								"south": {"uv": [96, 57], "uv_size": [-1, 1]},
								"west": {"uv": [78, 90], "uv_size": [-2, 1]},
								"up": {"uv": [83, 90], "uv_size": [-1, 2]},
								"down": {"uv": [85, 92], "uv_size": [-1, -2]}
							}
						},
						{
							"origin": [5.88281, 14.56561, -7.98509],
							"size": [0.5, 1, 1.54688],
							"pivot": [6.13281, 15.06561, -7.14916],
							"rotation": [35.00002, -45, -0.00006],
							"uv": {
								"north": {"uv": [60, 95], "uv_size": [-1, 1]},
								"east": {"uv": [92, 85], "uv_size": [-2, 1]},
								"south": {"uv": [96, 59], "uv_size": [-1, 1]},
								"west": {"uv": [92, 81], "uv_size": [-2, 1]},
								"up": {"uv": [87, 90], "uv_size": [-1, 2]},
								"down": {"uv": [91, 89], "uv_size": [-1, -2]}
							}
						},
						{
							"origin": [4.64916, 14.64374, 4.78906],
							"size": [1.99291, 1, 1.42188],
							"pivot": [6.14916, 15.14374, 5.5],
							"rotation": [0, 89.99994, 44.99994],
							"uv": {
								"north": {"uv": [92, 22], "uv_size": [-2, 1]},
								"east": {"uv": [96, 53], "uv_size": [-1, 1]},
								"south": {"uv": [61, 90], "uv_size": [-2, 1]},
								"west": {"uv": [53, 95], "uv_size": [-1, 1]},
								"up": {"uv": [72, 90], "uv_size": [-2, 1]},
								"down": {"uv": [75, 91], "uv_size": [-2, -1]}
							}
						},
						{
							"origin": [6.89206, 14.64374, 4.78906],
							"size": [9.50853, 1, 1.42188],
							"pivot": [6.14916, 15.14374, 5.5],
							"rotation": [0, 89.99994, 44.99994],
							"uv": {
								"north": {"uv": [85, 54], "uv_size": [-10, 1]},
								"east": {"uv": [96, 61], "uv_size": [-1, 1]},
								"south": {"uv": [85, 56], "uv_size": [-10, 1]},
								"west": {"uv": [62, 95], "uv_size": [-1, 1]},
								"up": {"uv": [32, 76], "uv_size": [-10, 1]},
								"down": {"uv": [86, 42], "uv_size": [-10, -1]}
							}
						},
						{
							"origin": [15.97019, 15.64374, 5.16406],
							"size": [0.43041, 2, 0.42188],
							"pivot": [6.14916, 15.14374, 5.5],
							"rotation": [0, 89.99994, 44.99994],
							"uv": {
								"north": {"uv": [92, 35], "uv_size": [-1, 2]},
								"east": {"uv": [92, 46], "uv_size": [-1, 2]},
								"south": {"uv": [92, 43], "uv_size": [-1, 2]},
								"west": {"uv": [92, 40], "uv_size": [-1, 2]},
								"up": {"uv": [76, 95], "uv_size": [-1, 1]}
							}
						},
						{
							"origin": [15.97019, 15.64374, -5.58594],
							"size": [0.43041, 2, 0.42188],
							"pivot": [6.14916, 15.14374, -5.5],
							"rotation": [0, -89.99994, 44.99994],
							"uv": {
								"north": {"uv": [92, 53], "uv_size": [-1, 2]},
								"east": {"uv": [92, 62], "uv_size": [-1, 2]},
								"south": {"uv": [92, 59], "uv_size": [-1, 2]},
								"west": {"uv": [92, 56], "uv_size": [-1, 2]},
								"up": {"uv": [78, 95], "uv_size": [-1, 1]},
								"down": {"uv": [80, 96], "uv_size": [-1, -1]}
							}
						},
						{
							"origin": [7.72019, 17.14374, -6.01634],
							"size": [8.68041, 0.5, 0.42188],
							"pivot": [6.14916, 15.14374, -5.93041],
							"rotation": [0, -89.99994, 44.99994],
							"uv": {
								"north": {"uv": [81, 76], "uv_size": [-9, 1]},
								"east": {"uv": [90, 95], "uv_size": [-1, 1]},
								"south": {"uv": [85, 73], "uv_size": [-9, 1]},
								"west": {"uv": [96, 79], "uv_size": [-1, 1]},
								"up": {"uv": [21, 77], "uv_size": [-9, 1]},
								"down": {"uv": [86, 37], "uv_size": [-9, -1]}
							}
						},
						{
							"origin": [5.89206, 14.64374, 4.82813],
							"size": [11.50853, 0.88281, 1.32031],
							"pivot": [6.14916, 15.14374, 5.5],
							"rotation": [0, 89.99994, 44.99994],
							"uv": {
								"north": {"uv": [82, 22], "uv_size": [-12, 1]},
								"south": {"uv": [86, 6], "uv_size": [-12, 1]},
								"up": {"uv": [86, 8], "uv_size": [-12, 1]},
								"down": {"uv": [86, 11], "uv_size": [-12, -1]}
							}
						},
						{
							"origin": [16.6506, 14.64374, 4.78906],
							"size": [1.99856, 1, 1.42188],
							"pivot": [6.14916, 15.14374, 5.5],
							"rotation": [0, 89.99994, 44.99994],
							"uv": {
								"north": {"uv": [92, 90], "uv_size": [-2, 1]},
								"east": {"uv": [96, 67], "uv_size": [-1, 1]},
								"south": {"uv": [93, 0], "uv_size": [-2, 1]},
								"west": {"uv": [64, 95], "uv_size": [-1, 1]},
								"up": {"uv": [93, 2], "uv_size": [-2, 1]},
								"down": {"uv": [93, 5], "uv_size": [-2, -1]}
							}
						},
						{
							"origin": [3, 8, -4.75],
							"size": [4, 0.5, 9.5],
							"uv": {
								"north": {"uv": [30, 84], "uv_size": [-4, 1]},
								"east": {"uv": [85, 20], "uv_size": [-10, 1]},
								"south": {"uv": [35, 84], "uv_size": [-4, 1]},
								"west": {"uv": [85, 18], "uv_size": [-10, 1]},
								"up": {"uv": [41, 55], "uv_size": [-4, 10]}
							}
						},
						{
							"origin": [3, 8.7829, -1.55439],
							"size": [4, 4.25, 3.10938],
							"uv": {
								"north": {"uv": [27, 67], "uv_size": [-4, 4]},
								"east": {"uv": [76, 36], "uv_size": [-3, 4]},
								"south": {"uv": [71, 64], "uv_size": [-4, 4]},
								"west": {"uv": [75, 71], "uv_size": [-3, 4]},
								"down": {"uv": [47, 76], "uv_size": [-4, -3]}
							}
						},
						{
							"origin": [3, 11.2829, -2.80439],
							"size": [4, 1.75, 5.60938],
							"uv": {
								"east": {"uv": [80, 3], "uv_size": [-6, 2]},
								"west": {"uv": [80, 0], "uv_size": [-6, 2]},
								"down": {"uv": [34, 65], "uv_size": [-4, -6]}
							}
						},
						{
							"origin": [3, 10.633, -5.35899],
							"size": [4, 1.6875, 5.125],
							"pivot": [5, 10.97675, -2.67149],
							"rotation": [-55, 0, 0],
							"uv": {
								"east": {"uv": [38, 76], "uv_size": [-5, 2]},
								"west": {"uv": [5, 76], "uv_size": [-5, 2]},
								"up": {"uv": [34, 66], "uv_size": [-4, 5]},
								"down": {"uv": [39, 71], "uv_size": [-4, -5]}
							}
						},
						{
							"origin": [3, 10.633, 0.23399],
							"size": [4, 1.6875, 5.125],
							"pivot": [5, 10.97675, 2.67149],
							"rotation": [55, 0, 0],
							"uv": {
								"east": {"uv": [80, 51], "uv_size": [-5, 2]},
								"west": {"uv": [71, 74], "uv_size": [-5, 2]},
								"up": {"uv": [69, 6], "uv_size": [-4, 5]},
								"down": {"uv": [13, 70], "uv_size": [-4, -5]}
							}
						},
						{
							"origin": [3, 8.5, 4.5625],
							"size": [4, 4.3125, 0.1875],
							"uv": {
								"north": {"uv": [44, 66], "uv_size": [-4, 4]},
								"east": {"uv": [29, 67], "uv_size": [-1, 4]},
								"south": {"uv": [4, 67], "uv_size": [-4, 4]},
								"west": {"uv": [42, 27], "uv_size": [-1, 4]},
								"up": {"uv": [84, 85], "uv_size": [-4, 1]}
							}
						},
						{
							"origin": [3, 7.77368, 3.30877],
							"size": [4, 5.375, 0.22656],
							"pivot": [5, 10.99243, 3.40252],
							"rotation": [-35, 0, 0],
							"uv": {
								"north": {"uv": [69, 12], "uv_size": [-4, 5]},
								"east": {"uv": [3, 82], "uv_size": [-1, 5]},
								"south": {"uv": [69, 18], "uv_size": [-4, 5]},
								"west": {"uv": [50, 34], "uv_size": [-1, 5]},
								"up": {"uv": [89, 81], "uv_size": [-4, 1]}
							}
						},
						{
							"origin": [3, 7.96899, 3.43377],
							"size": [4, 4.39844, 0.64063],
							"pivot": [5, 10.99243, 3.40252],
							"rotation": [-35, 0, 0],
							"uv": {
								"east": {"uv": [19, 85], "uv_size": [-1, 4]},
								"south": {"uv": [49, 68], "uv_size": [-4, 4]},
								"west": {"uv": [7, 85], "uv_size": [-1, 4]},
								"up": {"uv": [12, 86], "uv_size": [-4, 1]},
								"down": {"uv": [90, 19], "uv_size": [-4, -1]}
							}
						},
						{
							"origin": [3, 8.46118, 2.6369],
							"size": [4, 1.5625, 1.9375],
							"uv": {
								"east": {"uv": [39, 72], "uv_size": [-2, 2]},
								"west": {"uv": [64, 48], "uv_size": [-2, 2]}
							}
						},
						{
							"origin": [3, 10.01587, 3.79315],
							"size": [4, 1.5, 0.78906],
							"uv": {
								"east": {"uv": [41, 90], "uv_size": [-1, 2]},
								"west": {"uv": [39, 90], "uv_size": [-1, 2]},
								"up": {"uv": [89, 85], "uv_size": [-4, 1]}
							}
						},
						{
							"origin": [3, 11.76587, 4.29315],
							"size": [4, 0.6875, 0.35156],
							"pivot": [5, 12.10962, 4.46893],
							"rotation": [-17.5, 0, 0],
							"uv": {
								"north": {"uv": [90, 20], "uv_size": [-4, 1]},
								"east": {"uv": [44, 71], "uv_size": [-1, 1]},
								"south": {"uv": [30, 86], "uv_size": [-4, 1]},
								"west": {"uv": [46, 66], "uv_size": [-1, 1]},
								"up": {"uv": [35, 86], "uv_size": [-4, 1]},
								"down": {"uv": [40, 87], "uv_size": [-4, -1]}
							}
						},
						{
							"origin": [3, 9.76587, 3.54315],
							"size": [4, 0.6875, 0.35156],
							"pivot": [5, 10.10962, 3.71893],
							"rotation": [-17.5, 0, 0],
							"uv": {
								"east": {"uv": [96, 15], "uv_size": [-1, 1]},
								"west": {"uv": [21, 79], "uv_size": [-1, 1]}
							}
						},
						{
							"origin": [3, 8.26587, 2.41815],
							"size": [4, 0.6875, 0.35156],
							"pivot": [5, 8.60962, 2.59393],
							"rotation": [-17.5, 0, 0],
							"uv": {
								"north": {"uv": [90, 47], "uv_size": [-4, 1]},
								"east": {"uv": [31, 95], "uv_size": [-1, 1]},
								"south": {"uv": [90, 49], "uv_size": [-4, 1]},
								"west": {"uv": [29, 95], "uv_size": [-1, 1]},
								"up": {"uv": [90, 53], "uv_size": [-4, 1]}
							}
						},
						{
							"origin": [3, 8.5, -4.75],
							"size": [4, 4.3125, 0.1875],
							"uv": {
								"north": {"uv": [73, 31], "uv_size": [-4, 4]},
								"east": {"uv": [88, 40], "uv_size": [-1, 4]},
								"south": {"uv": [71, 69], "uv_size": [-4, 4]},
								"west": {"uv": [69, 86], "uv_size": [-1, 4]},
								"up": {"uv": [91, 28], "uv_size": [-4, 1]}
							}
						},
						{
							"origin": [3, 7.77368, -3.53533],
							"size": [4, 5.375, 0.22656],
							"pivot": [5, 10.99243, -3.40252],
							"rotation": [35, 0, 0],
							"uv": {
								"north": {"uv": [69, 48], "uv_size": [-4, 5]},
								"east": {"uv": [25, 83], "uv_size": [-1, 5]},
								"south": {"uv": [69, 54], "uv_size": [-4, 5]},
								"west": {"uv": [23, 83], "uv_size": [-1, 5]},
								"up": {"uv": [91, 26], "uv_size": [-4, 1]}
							}
						},
						{
							"origin": [3, 11.76587, -4.64471],
							"size": [4, 0.6875, 0.35156],
							"pivot": [5, 12.10962, -4.46893],
							"rotation": [17.5, 0, 0],
							"uv": {
								"north": {"uv": [91, 11], "uv_size": [-4, 1]},
								"east": {"uv": [96, 42], "uv_size": [-1, 1]},
								"south": {"uv": [17, 87], "uv_size": [-4, 1]},
								"west": {"uv": [43, 95], "uv_size": [-1, 1]},
								"up": {"uv": [91, 13], "uv_size": [-4, 1]},
								"down": {"uv": [91, 16], "uv_size": [-4, -1]}
							}
						},
						{
							"origin": [3, 7.96899, -4.0744],
							"size": [4, 4.39844, 0.64063],
							"pivot": [5, 10.99243, -3.40252],
							"rotation": [35, 0, 0],
							"uv": {
								"north": {"uv": [73, 26], "uv_size": [-4, 4]},
								"east": {"uv": [5, 86], "uv_size": [-1, 4]},
								"west": {"uv": [21, 85], "uv_size": [-1, 4]},
								"up": {"uv": [90, 83], "uv_size": [-4, 1]},
								"down": {"uv": [91, 10], "uv_size": [-4, -1]}
							}
						},
						{
							"origin": [3, 10.01587, -4.58221],
							"size": [4, 1.5, 0.78906],
							"uv": {
								"east": {"uv": [58, 90], "uv_size": [-1, 2]},
								"west": {"uv": [56, 90], "uv_size": [-1, 2]},
								"up": {"uv": [90, 73], "uv_size": [-4, 1]}
							}
						},
						{
							"origin": [3, 9.76587, -3.89471],
							"size": [4, 0.6875, 0.35156],
							"pivot": [5, 10.10962, -3.71893],
							"rotation": [17.5, 0, 0],
							"uv": {
								"east": {"uv": [96, 40], "uv_size": [-1, 1]},
								"west": {"uv": [38, 95], "uv_size": [-1, 1]}
							}
						},
						{
							"origin": [3, 8.46118, -4.5744],
							"size": [4, 1.5625, 1.9375],
							"uv": {
								"east": {"uv": [89, 6], "uv_size": [-2, 2]},
								"west": {"uv": [67, 86], "uv_size": [-2, 2]}
							}
						},
						{
							"origin": [3, 8.26587, -2.76971],
							"size": [4, 0.6875, 0.35156],
							"pivot": [5, 8.60962, -2.59393],
							"rotation": [17.5, 0, 0],
							"uv": {
								"north": {"uv": [59, 86], "uv_size": [-4, 1]},
								"east": {"uv": [96, 35], "uv_size": [-1, 1]},
								"south": {"uv": [90, 55], "uv_size": [-4, 1]},
								"west": {"uv": [33, 95], "uv_size": [-1, 1]},
								"up": {"uv": [64, 86], "uv_size": [-4, 1]}
							}
						},
						{
							"origin": [3, 13, -8],
							"size": [4, 1, 16],
							"uv": {
								"north": {"uv": [59, 84], "uv_size": [-4, 1]},
								"east": {"uv": [83, 45], "uv_size": [-16, 1]},
								"south": {"uv": [64, 84], "uv_size": [-4, 1]},
								"west": {"uv": [81, 24], "uv_size": [-16, 1]},
								"up": {"uv": [52, 0], "uv_size": [-4, 16]},
								"down": {"uv": [54, 33], "uv_size": [-4, -16]}
							}
						},
						{
							"origin": [3, 14.125, -4.75],
							"size": [4, 0.875, 9.5],
							"uv": {
								"north": {"uv": [40, 84], "uv_size": [-4, 1]},
								"east": {"uv": [85, 49], "uv_size": [-10, 1]},
								"south": {"uv": [88, 45], "uv_size": [-4, 1]},
								"west": {"uv": [85, 47], "uv_size": [-10, 1]},
								"up": {"uv": [46, 55], "uv_size": [-4, 10]},
								"down": {"uv": [4, 66], "uv_size": [-4, -10]}
							}
						},
						{
							"origin": [3, 8, 5],
							"size": [4, 4.8125, 3],
							"uv": {
								"north": {"uv": [66, 64], "uv_size": [-4, 5]},
								"east": {"uv": [73, 12], "uv_size": [-3, 5]},
								"south": {"uv": [69, 0], "uv_size": [-4, 5]},
								"west": {"uv": [73, 6], "uv_size": [-3, 5]},
								"up": {"uv": [26, 72], "uv_size": [-4, 3]},
								"down": {"uv": [31, 75], "uv_size": [-4, -3]}
							}
						},
						{
							"origin": [3, 14.125, 5],
							"size": [4, 0.875, 3],
							"uv": {
								"north": {"uv": [74, 85], "uv_size": [-4, 1]},
								"east": {"uv": [62, 88], "uv_size": [-3, 1]},
								"south": {"uv": [79, 85], "uv_size": [-4, 1]},
								"west": {"uv": [58, 88], "uv_size": [-3, 1]},
								"up": {"uv": [76, 63], "uv_size": [-4, 3]},
								"down": {"uv": [76, 70], "uv_size": [-4, -3]}
							}
						},
						{"origin": [3, 2, -5.9375], "size": [1.875, 6, 11.875], "uv": [1, 23], "mirror": true},
						{
							"origin": [3, 2, -4.75],
							"size": [2, 6, 9.5],
							"uv": {
								"north": {"uv": [62, 70], "uv_size": [-2, 6]},
								"south": {"uv": [65, 70], "uv_size": [-2, 6]},
								"west": {"uv": [61, 34], "uv_size": [-10, 6]}
							}
						},
						{
							"origin": [5.73928, 1.65334, 1],
							"size": [0.6875, 2.52344, 1],
							"pivot": [6.42678, 3.17678, 1.5],
							"rotation": [0, 0, -45],
							"uv": {
								"north": {"uv": [46, 89], "uv_size": [-1, 3]},
								"east": {"uv": [52, 89], "uv_size": [-1, 3]},
								"south": {"uv": [50, 89], "uv_size": [-1, 3]},
								"west": {"uv": [48, 89], "uv_size": [-1, 3]},
								"up": {"uv": [97, 85], "uv_size": [-1, 1]},
								"down": {"uv": [97, 88], "uv_size": [-1, -1]}
							}
						},
						{
							"origin": [5.73928, 1.65334, -2],
							"size": [0.6875, 2.52344, 1],
							"pivot": [6.42678, 3.17678, -1.5],
							"rotation": [0, 0, -45],
							"uv": {
								"north": {"uv": [90, 57], "uv_size": [-1, 3]},
								"east": {"uv": [7, 90], "uv_size": [-1, 3]},
								"south": {"uv": [66, 89], "uv_size": [-1, 3]},
								"west": {"uv": [90, 61], "uv_size": [-1, 3]},
								"up": {"uv": [97, 89], "uv_size": [-1, 1]},
								"down": {"uv": [97, 92], "uv_size": [-1, -1]}
							}
						},
						{
							"origin": [2.98438, 2, -6],
							"size": [2.01563, 6, 1],
							"uv": {
								"north": {"uv": [5, 44], "uv_size": [-5, 8]},
								"east": {"uv": [7, 43], "uv_size": [-7, 9]},
								"south": {"uv": [2, 0], "uv_size": [-2, 2]},
								"west": {"uv": [7, 44], "uv_size": [-7, 7]},
								"up": {"uv": [0, 1], "uv_size": [2, -1]},
								"down": {"uv": [0, 1], "uv_size": [2, -1]}
							}
						},
						{
							"origin": [2.98438, 2, 5],
							"size": [2.01563, 6, 1],
							"uv": {
								"north": {"uv": [0, 0], "uv_size": [2, 2]},
								"east": {"uv": [0, 43], "uv_size": [7, 9]},
								"south": {"uv": [0, 44], "uv_size": [5, 8]},
								"west": {"uv": [0, 44], "uv_size": [7, 7]},
								"up": {"uv": [0, 0], "uv_size": [2, 1]},
								"down": {"uv": [0, 0], "uv_size": [2, 1]}
							}
						}
					]
				},
				{
					"name": "center",
					"parent": "ammo_crate",
					"pivot": [0, 0, 0],
					"cubes": [
						{
							"origin": [-3, 1, -6.25],
							"size": [6, 2, 0.75],
							"uv": {
								"north": {"uv": [12, 74], "uv_size": [6, 2]},
								"east": {"uv": [67, 91], "uv_size": [1, 2]},
								"west": {"uv": [91, 70], "uv_size": [1, 2]},
								"down": {"uv": [81, 3], "uv_size": [6, -1]}
							}
						},
						{
							"origin": [-3, 2.44194, -5.65273],
							"size": [6, 1.0625, 0.55469],
							"pivot": [0, 3.44194, -5.27773],
							"rotation": [-45, 0, 0],
							"uv": {
								"north": {"uv": [81, 4], "uv_size": [6, 1]},
								"east": {"uv": [91, 95], "uv_size": [1, 1]},
								"west": {"uv": [0, 96], "uv_size": [1, 1]}
							}
						},
						{
							"origin": [-3, 5.90089, -6.43306],
							"size": [6, 1.4375, 0.74219],
							"pivot": [0, 7.08839, -6.05806],
							"rotation": [45, 0, 0],
							"uv": {
								"north": {"uv": [20, 81], "uv_size": [6, 1]},
								"east": {"uv": [96, 0], "uv_size": [1, 1]},
								"west": {"uv": [2, 96], "uv_size": [1, 1]},
								"down": {"uv": [81, 31], "uv_size": [6, -1]}
							}
						},
						{
							"origin": [-3, 7, -6.5],
							"size": [6, 4, 1],
							"uv": {
								"north": {"uv": [62, 26], "uv_size": [6, 4]},
								"east": {"uv": [43, 87], "uv_size": [1, 4]},
								"west": {"uv": [53, 87], "uv_size": [1, 4]},
								"up": {"uv": [57, 80], "uv_size": [6, 1]}
							}
						},
						{
							"origin": [-3, 11, -6.5],
							"size": [1, 1.875, 1],
							"uv": {
								"north": {"uv": [69, 92], "uv_size": [1, 2]},
								"east": {"uv": [71, 92], "uv_size": [1, 2]},
								"west": {"uv": [73, 92], "uv_size": [1, 2]},
								"up": {"uv": [96, 6], "uv_size": [1, 1]}
							}
						},
						{
							"origin": [-2.45779, 10.88276, -6.5],
							"size": [1.08594, 1.875, 1],
							"pivot": [-1.87185, 11.82026, -6],
							"rotation": [0, 0, -35],
							"uv": {
								"north": {"uv": [92, 73], "uv_size": [1, 2]},
								"east": {"uv": [75, 92], "uv_size": [1, 2]},
								"south": {"uv": [92, 76], "uv_size": [1, 2]},
								"west": {"uv": [77, 92], "uv_size": [1, 2]},
								"up": {"uv": [8, 96], "uv_size": [1, 1]},
								"down": {"uv": [96, 9], "uv_size": [1, -1]}
							}
						},
						{
							"origin": [1.37185, 10.88276, -6.5],
							"size": [1.08594, 1.875, 1],
							"pivot": [1.87185, 11.82026, -6],
							"rotation": [0, 0, 35],
							"uv": {
								"north": {"uv": [92, 92], "uv_size": [1, 2]},
								"east": {"uv": [0, 93], "uv_size": [1, 2]},
								"south": {"uv": [2, 93], "uv_size": [1, 2]},
								"west": {"uv": [8, 93], "uv_size": [1, 2]},
								"up": {"uv": [96, 17], "uv_size": [1, 1]},
								"down": {"uv": [18, 97], "uv_size": [1, -1]}
							}
						},
						{
							"origin": [-0.37815, 10.94526, -6.5],
							"size": [1.625, 1.8125, 1],
							"pivot": [1.87185, 11.82026, -6],
							"rotation": [0, 0, 35],
							"uv": {
								"north": {"uv": [76, 87], "uv_size": [2, 2]},
								"east": {"uv": [10, 93], "uv_size": [1, 2]},
								"south": {"uv": [79, 87], "uv_size": [2, 2]},
								"west": {"uv": [12, 93], "uv_size": [1, 2]},
								"up": {"uv": [92, 79], "uv_size": [2, 1]},
								"down": {"uv": [14, 94], "uv_size": [2, -1]}
							}
						},
						{
							"origin": [-1.24685, 10.94526, -6.5],
							"size": [1.625, 1.8125, 1],
							"pivot": [-1.87185, 11.82026, -6],
							"rotation": [0, 0, -35],
							"uv": {
								"north": {"uv": [82, 87], "uv_size": [2, 2]},
								"east": {"uv": [17, 93], "uv_size": [1, 2]},
								"south": {"uv": [85, 87], "uv_size": [2, 2]},
								"west": {"uv": [19, 93], "uv_size": [1, 2]},
								"up": {"uv": [21, 93], "uv_size": [2, 1]},
								"down": {"uv": [93, 22], "uv_size": [2, -1]}
							}
						},
						{
							"origin": [-1.59889, 10.90159, -6.5],
							"size": [3.14844, 0.4375, 1],
							"uv": {
								"north": {"uv": [13, 89], "uv_size": [3, 1]},
								"east": {"uv": [96, 10], "uv_size": [1, 1]},
								"west": {"uv": [12, 96], "uv_size": [1, 1]},
								"up": {"uv": [22, 89], "uv_size": [3, 1]}
							}
						},
						{
							"origin": [-0.91139, 11.46409, -6.5],
							"size": [1.77344, 0.6875, 1],
							"uv": {
								"north": {"uv": [91, 83], "uv_size": [2, 1]},
								"east": {"uv": [96, 12], "uv_size": [1, 1]},
								"west": {"uv": [16, 96], "uv_size": [1, 1]},
								"up": {"uv": [92, 15], "uv_size": [2, 1]},
								"down": {"uv": [92, 69], "uv_size": [2, -1]}
							}
						},
						{
							"origin": [2, 11, -6.5],
							"size": [1, 1.875, 1],
							"uv": {
								"north": {"uv": [79, 92], "uv_size": [1, 2]},
								"east": {"uv": [92, 87], "uv_size": [1, 2]},
								"west": {"uv": [90, 92], "uv_size": [1, 2]},
								"up": {"uv": [10, 96], "uv_size": [1, 1]}
							}
						},
						{
							"origin": [-3, 13, -6.5],
							"size": [6, 1, 1],
							"uv": {
								"north": {"uv": [81, 51], "uv_size": [6, 1]},
								"east": {"uv": [96, 2], "uv_size": [1, 1]},
								"west": {"uv": [96, 4], "uv_size": [1, 1]},
								"up": {"uv": [81, 67], "uv_size": [6, 1]},
								"down": {"uv": [81, 70], "uv_size": [6, -1]}
							}
						},
						{
							"origin": [-3, 13.38664, -6],
							"size": [6, 1.40625, 0.71875],
							"pivot": [0, 14.29289, -5.5],
							"rotation": [-45, 0, 0],
							"uv": {
								"north": {"uv": [71, 81], "uv_size": [6, 1]},
								"east": {"uv": [96, 19], "uv_size": [1, 1]},
								"west": {"uv": [96, 21], "uv_size": [1, 1]},
								"down": {"uv": [78, 82], "uv_size": [6, -1]}
							}
						},
						{
							"origin": [-3, 8.5625, -6.375],
							"size": [6, 5, 0.875],
							"uv": {
								"north": {"uv": [58, 52], "uv_size": [6, 5]},
								"east": {"uv": [45, 83], "uv_size": [1, 5]},
								"west": {"uv": [47, 83], "uv_size": [1, 5]}
							}
						},
						{
							"origin": [-3, 1, -5.5],
							"size": [6, 2.75781, 1],
							"uv": {
								"north": {"uv": [55, 30], "uv_size": [6, 3]},
								"east": {"uv": [63, 88], "uv_size": [1, 3]},
								"west": {"uv": [88, 87], "uv_size": [1, 3]},
								"up": {"uv": [64, 80], "uv_size": [6, 1]},
								"down": {"uv": [81, 1], "uv_size": [6, -1]}
							}
						},
						{
							"origin": [-3, 3.75781, -5.375],
							"size": [6, 2.24219, 0.875],
							"uv": {
								"north": {"uv": [74, 30], "uv_size": [6, 2]}
							}
						},
						{
							"origin": [-3, 3.75781, -5.5],
							"size": [1.5, 2.24219, 1],
							"uv": {
								"north": {"uv": [70, 87], "uv_size": [2, 2]},
								"east": {"uv": [88, 91], "uv_size": [1, 2]},
								"west": {"uv": [92, 6], "uv_size": [1, 2]}
							}
						},
						{
							"origin": [-0.5, 3.75781, -5.5],
							"size": [1, 2.24219, 1],
							"uv": {
								"north": {"uv": [92, 9], "uv_size": [1, 2]},
								"east": {"uv": [92, 12], "uv_size": [1, 2]},
								"west": {"uv": [92, 26], "uv_size": [1, 2]}
							}
						},
						{
							"origin": [-1.25, 3.75781, -5.5],
							"size": [0.5, 2.24219, 1],
							"uv": {
								"north": {"uv": [92, 32], "uv_size": [1, 2]},
								"east": {"uv": [42, 92], "uv_size": [1, 2]},
								"west": {"uv": [92, 49], "uv_size": [1, 2]}
							}
						},
						{
							"origin": [0.75, 3.75781, -5.5],
							"size": [0.5, 2.24219, 1],
							"uv": {
								"north": {"uv": [61, 92], "uv_size": [1, 2]},
								"east": {"uv": [63, 92], "uv_size": [1, 2]},
								"west": {"uv": [92, 65], "uv_size": [1, 2]}
							}
						},
						{
							"origin": [1.5, 3.75781, -5.5],
							"size": [1.5, 2.24219, 1],
							"uv": {
								"north": {"uv": [73, 87], "uv_size": [2, 2]},
								"east": {"uv": [53, 92], "uv_size": [1, 2]},
								"west": {"uv": [59, 92], "uv_size": [1, 2]}
							}
						},
						{
							"origin": [-3, 6, -5.5],
							"size": [6, 9, 1],
							"uv": {
								"east": {"uv": [60, 0], "uv_size": [1, 9]},
								"south": {"uv": [55, 10], "uv_size": [6, 9]},
								"west": {"uv": [55, 74], "uv_size": [1, 9]},
								"up": {"uv": [81, 32], "uv_size": [6, 1]},
								"down": {"uv": [81, 35], "uv_size": [6, -1]}
							}
						},
						{
							"origin": [-3, 7, 5.5],
							"size": [6, 4, 1],
							"uv": {
								"east": {"uv": [2, 88], "uv_size": [1, 4]},
								"south": {"uv": [62, 31], "uv_size": [6, 4]},
								"west": {"uv": [11, 88], "uv_size": [1, 4]},
								"up": {"uv": [83, 22], "uv_size": [6, 1]}
							}
						},
						{
							"origin": [-3, 1, 4.5],
							"size": [6, 2.75781, 1],
							"uv": {
								"east": {"uv": [0, 89], "uv_size": [1, 3]},
								"south": {"uv": [65, 60], "uv_size": [6, 3]},
								"west": {"uv": [89, 40], "uv_size": [1, 3]},
								"up": {"uv": [82, 75], "uv_size": [6, 1]},
								"down": {"uv": [15, 84], "uv_size": [6, -1]}
							}
						},
						{
							"origin": [-3, 1, 5.5],
							"size": [6, 2, 0.75],
							"uv": {
								"east": {"uv": [94, 48], "uv_size": [1, 2]},
								"south": {"uv": [48, 74], "uv_size": [6, 2]},
								"west": {"uv": [94, 64], "uv_size": [1, 2]},
								"down": {"uv": [82, 65], "uv_size": [6, -1]}
							}
						},
						{
							"origin": [-3, 2.44194, 5.09804],
							"size": [6, 1.0625, 0.55469],
							"pivot": [0, 3.44194, 5.27773],
							"rotation": [45, 0, 0],
							"uv": {
								"east": {"uv": [96, 73], "uv_size": [1, 1]},
								"south": {"uv": [64, 82], "uv_size": [6, 1]},
								"west": {"uv": [96, 75], "uv_size": [1, 1]}
							}
						},
						{
							"origin": [-3, 5.90089, 5.69087],
							"size": [6, 1.4375, 0.74219],
							"pivot": [0, 7.08839, 6.05806],
							"rotation": [-45, 0, 0],
							"uv": {
								"east": {"uv": [65, 96], "uv_size": [1, 1]},
								"south": {"uv": [82, 60], "uv_size": [6, 1]},
								"west": {"uv": [96, 65], "uv_size": [1, 1]},
								"down": {"uv": [82, 63], "uv_size": [6, -1]}
							}
						},
						{
							"origin": [-3, 6, 4.5],
							"size": [6, 9, 1],
							"uv": {
								"north": {"uv": [55, 20], "uv_size": [6, 9]},
								"east": {"uv": [6, 75], "uv_size": [1, 9]},
								"west": {"uv": [43, 77], "uv_size": [1, 9]},
								"up": {"uv": [57, 82], "uv_size": [6, 1]},
								"down": {"uv": [82, 59], "uv_size": [6, -1]}
							}
						},
						{
							"origin": [-3, 3.75781, 4.5],
							"size": [6, 2.24219, 0.875],
							"uv": {
								"south": {"uv": [74, 33], "uv_size": [6, 2]}
							}
						},
						{
							"origin": [-3, 3.75781, 4.5],
							"size": [1.5, 2.24219, 1],
							"uv": {
								"east": {"uv": [94, 29], "uv_size": [1, 2]},
								"south": {"uv": [88, 30], "uv_size": [2, 2]},
								"west": {"uv": [94, 32], "uv_size": [1, 2]}
							}
						},
						{
							"origin": [-0.5, 3.75781, 4.5],
							"size": [1, 2.24219, 1],
							"uv": {
								"east": {"uv": [94, 17], "uv_size": [1, 2]},
								"south": {"uv": [26, 94], "uv_size": [1, 2]},
								"west": {"uv": [94, 26], "uv_size": [1, 2]}
							}
						},
						{
							"origin": [-1.25, 3.75781, 4.5],
							"size": [0.5, 2.24219, 1],
							"uv": {
								"east": {"uv": [94, 6], "uv_size": [1, 2]},
								"south": {"uv": [94, 9], "uv_size": [1, 2]},
								"west": {"uv": [94, 12], "uv_size": [1, 2]}
							}
						},
						{
							"origin": [1.5, 3.75781, 4.5],
							"size": [1.5, 2.24219, 1],
							"uv": {
								"east": {"uv": [4, 94], "uv_size": [1, 2]},
								"south": {"uv": [29, 88], "uv_size": [2, 2]},
								"west": {"uv": [6, 94], "uv_size": [1, 2]}
							}
						},
						{
							"origin": [0.75, 3.75781, 4.5],
							"size": [0.5, 2.24219, 1],
							"uv": {
								"east": {"uv": [85, 93], "uv_size": [1, 2]},
								"south": {"uv": [94, 0], "uv_size": [1, 2]},
								"west": {"uv": [94, 3], "uv_size": [1, 2]}
							}
						},
						{
							"origin": [-3, 13, 5.5],
							"size": [6, 1, 1],
							"uv": {
								"east": {"uv": [56, 96], "uv_size": [1, 1]},
								"south": {"uv": [27, 82], "uv_size": [6, 1]},
								"west": {"uv": [96, 63], "uv_size": [1, 1]},
								"up": {"uv": [34, 82], "uv_size": [6, 1]},
								"down": {"uv": [82, 39], "uv_size": [6, -1]}
							}
						},
						{
							"origin": [-3, 8.5625, 5.5],
							"size": [6, 5, 0.875],
							"uv": {
								"east": {"uv": [49, 83], "uv_size": [1, 5]},
								"south": {"uv": [58, 58], "uv_size": [6, 5]},
								"west": {"uv": [51, 83], "uv_size": [1, 5]}
							}
						},
						{
							"origin": [-3, 11, 5.5],
							"size": [1, 1.875, 1],
							"uv": {
								"east": {"uv": [93, 70], "uv_size": [1, 2]},
								"south": {"uv": [81, 93], "uv_size": [1, 2]},
								"west": {"uv": [83, 93], "uv_size": [1, 2]},
								"up": {"uv": [54, 96], "uv_size": [1, 1]}
							}
						},
						{
							"origin": [-2.45779, 10.88276, 5.5],
							"size": [1.08594, 1.875, 1],
							"pivot": [-1.87185, 11.82026, 6],
							"rotation": [0, 0, -35],
							"uv": {
								"north": {"uv": [57, 93], "uv_size": [1, 2]},
								"east": {"uv": [93, 58], "uv_size": [1, 2]},
								"south": {"uv": [93, 61], "uv_size": [1, 2]},
								"west": {"uv": [65, 93], "uv_size": [1, 2]},
								"up": {"uv": [96, 46], "uv_size": [1, 1]},
								"down": {"uv": [96, 49], "uv_size": [1, -1]}
							}
						},
						{
							"origin": [2, 11, 5.5],
							"size": [1, 1.875, 1],
							"uv": {
								"east": {"uv": [93, 52], "uv_size": [1, 2]},
								"south": {"uv": [55, 93], "uv_size": [1, 2]},
								"west": {"uv": [93, 55], "uv_size": [1, 2]},
								"up": {"uv": [44, 96], "uv_size": [1, 1]}
							}
						},
						{
							"origin": [-1.59889, 10.90159, 5.5],
							"size": [3.14844, 0.4375, 1],
							"uv": {
								"east": {"uv": [96, 37], "uv_size": [1, 1]},
								"south": {"uv": [89, 24], "uv_size": [3, 1]},
								"west": {"uv": [39, 96], "uv_size": [1, 1]},
								"up": {"uv": [89, 38], "uv_size": [3, 1]}
							}
						},
						{
							"origin": [-0.91139, 11.46409, 5.5],
							"size": [1.77344, 0.6875, 1],
							"uv": {
								"east": {"uv": [96, 32], "uv_size": [1, 1]},
								"south": {"uv": [46, 93], "uv_size": [2, 1]},
								"west": {"uv": [34, 96], "uv_size": [1, 1]},
								"up": {"uv": [93, 46], "uv_size": [2, 1]},
								"down": {"uv": [49, 94], "uv_size": [2, -1]}
							}
						},
						{
							"origin": [1.37185, 10.88276, 5.5],
							"size": [1.08594, 1.875, 1],
							"pivot": [1.87185, 11.82026, 6],
							"rotation": [0, 0, 35],
							"uv": {
								"north": {"uv": [40, 93], "uv_size": [1, 2]},
								"east": {"uv": [93, 40], "uv_size": [1, 2]},
								"south": {"uv": [93, 43], "uv_size": [1, 2]},
								"west": {"uv": [44, 93], "uv_size": [1, 2]},
								"up": {"uv": [96, 28], "uv_size": [1, 1]},
								"down": {"uv": [96, 31], "uv_size": [1, -1]}
							}
						},
						{
							"origin": [-0.37815, 10.94526, 5.5],
							"size": [1.625, 1.8125, 1],
							"pivot": [1.87185, 11.82026, 6],
							"rotation": [0, 0, 35],
							"uv": {
								"north": {"uv": [8, 88], "uv_size": [2, 2]},
								"east": {"uv": [35, 93], "uv_size": [1, 2]},
								"south": {"uv": [26, 88], "uv_size": [2, 2]},
								"west": {"uv": [93, 35], "uv_size": [1, 2]},
								"up": {"uv": [37, 93], "uv_size": [2, 1]},
								"down": {"uv": [93, 39], "uv_size": [2, -1]}
							}
						},
						{
							"origin": [-1.24685, 10.94526, 5.5],
							"size": [1.625, 1.8125, 1],
							"pivot": [-1.87185, 11.82026, 6],
							"rotation": [0, 0, -35],
							"uv": {
								"north": {"uv": [88, 0], "uv_size": [2, 2]},
								"east": {"uv": [93, 23], "uv_size": [1, 2]},
								"south": {"uv": [88, 3], "uv_size": [2, 2]},
								"west": {"uv": [24, 93], "uv_size": [1, 2]},
								"up": {"uv": [29, 93], "uv_size": [2, 1]},
								"down": {"uv": [32, 94], "uv_size": [2, -1]}
							}
						},
						{
							"origin": [-3, 13.38664, 5.28125],
							"size": [6, 1.40625, 0.71875],
							"pivot": [0, 14.29289, 5.5],
							"rotation": [45, 0, 0],
							"uv": {
								"east": {"uv": [23, 96], "uv_size": [1, 1]},
								"south": {"uv": [8, 82], "uv_size": [6, 1]},
								"west": {"uv": [96, 26], "uv_size": [1, 1]},
								"down": {"uv": [82, 25], "uv_size": [6, -1]}
							}
						},
						{
							"origin": [-3, 1, -4.25],
							"size": [6, 14, 8.5],
							"uv": {
								"north": {"uv": [43, 17], "uv_size": [6, 14]},
								"east": {"uv": [0, 41], "uv_size": [9, 14]},
								"south": {"uv": [30, 44], "uv_size": [6, 14]},
								"west": {"uv": [10, 41], "uv_size": [9, 14]},
								"up": {"uv": [51, 41], "uv_size": [6, 9]}
							}
						},
						{
							"origin": [-3, 1, -4.5],
							"size": [6, 13.875, 9],
							"uv": {
								"east": {"uv": [20, 41], "uv_size": [9, 14]},
								"west": {"uv": [41, 40], "uv_size": [9, 14]},
								"up": {"uv": [51, 51], "uv_size": [6, 9]},
								"down": {"uv": [53, 9], "uv_size": [6, -9]}
							}
						},
						{
							"origin": [3.09373, 15.29278, 6.3253],
							"size": [0.43041, 2, 0.42188],
							"pivot": [3.30894, 16.29278, 6.53624],
							"rotation": [0, 0, -25],
							"uv": {
								"north": {"uv": [67, 94], "uv_size": [1, 2]},
								"east": {"uv": [94, 73], "uv_size": [1, 2]},
								"south": {"uv": [94, 76], "uv_size": [1, 2]},
								"west": {"uv": [94, 81], "uv_size": [1, 2]},
								"up": {"uv": [96, 77], "uv_size": [1, 1]},
								"down": {"uv": [81, 97], "uv_size": [1, -1]}
							}
						},
						{
							"origin": [-3.52414, 15.29278, 6.3253],
							"size": [0.43041, 2, 0.42188],
							"pivot": [-3.30894, 16.29278, 6.53624],
							"rotation": [0, 0, 25],
							"uv": {
								"north": {"uv": [94, 84], "uv_size": [1, 2]},
								"east": {"uv": [87, 94], "uv_size": [1, 2]},
								"south": {"uv": [94, 87], "uv_size": [1, 2]},
								"west": {"uv": [94, 90], "uv_size": [1, 2]},
								"up": {"uv": [96, 81], "uv_size": [1, 1]},
								"down": {"uv": [83, 97], "uv_size": [1, -1]}
							}
						},
						{
							"origin": [-2.29656, 16.07483, 6.3253],
							"size": [0.43041, 6.16406, 0.42188],
							"pivot": [-2.08136, 17.07483, 6.53624],
							"rotation": [0, 0, 90],
							"uv": {
								"north": {"uv": [4, 79], "uv_size": [1, 6]},
								"east": {"uv": [53, 80], "uv_size": [1, 6]},
								"south": {"uv": [41, 81], "uv_size": [1, 6]},
								"west": {"uv": [0, 82], "uv_size": [1, 6]},
								"up": {"uv": [96, 83], "uv_size": [1, 1]},
								"down": {"uv": [85, 97], "uv_size": [1, -1]}
							}
						}
					]
				},
				{
					"name": "display_illuminated",
					"pivot": [0, 0, 0],
					"cubes": [
						{
							"origin": [-2.75, 17.25, 0],
							"size": [5.5, 5.5, 0],
							"uv": {
								"north": {"uv": [42, 32], "uv_size": [6, 6]}
							}
						},
						{
							"origin": [-1.6875, 19.625, -0.00781],
							"size": [3.375, 0.75, 0],
							"pivot": [0, 20, -0.00781],
							"rotation": [0, 0, -45],
							"uv": {
								"north": {"uv": [1, 105], "uv_size": [25, 7]}
							}
						},
						{
							"origin": [-1.6875, 18.625, -0.00781],
							"size": [3.375, 0.75, 0],
							"pivot": [0, 20, -0.00781],
							"rotation": [0, 0, -45],
							"uv": {
								"north": {"uv": [1, 105], "uv_size": [25, 7]}
							}
						},
						{
							"origin": [-1.6875, 20.625, -0.00781],
							"size": [3.375, 0.75, 0],
							"pivot": [0, 20, -0.00781],
							"rotation": [0, 0, -45],
							"uv": {
								"north": {"uv": [1, 105], "uv_size": [25, 7]}
							}
						},
						{
							"origin": [-1.6875, 20.625, 0.01563],
							"size": [3.375, 0.75, 0],
							"pivot": [0, 20, 0.01563],
							"rotation": [0, 0, -45],
							"uv": {
								"north": {"uv": [1, 105], "uv_size": [25, 7]}
							}
						},
						{
							"origin": [-1.6875, 19.625, 0.01563],
							"size": [3.375, 0.75, 0],
							"pivot": [0, 20, 0.01563],
							"rotation": [0, 0, -45],
							"uv": {
								"north": {"uv": [1, 105], "uv_size": [25, 7]}
							}
						},
						{
							"origin": [-1.6875, 18.625, 0.01563],
							"size": [3.375, 0.75, 0],
							"pivot": [0, 20, 0.01563],
							"rotation": [0, 0, -45],
							"uv": {
								"north": {"uv": [1, 105], "uv_size": [25, 7]}
							}
						},
						{
							"origin": [-1.51783, 9.3857, -6.51562],
							"size": [0.33594, 1.5, 1],
							"pivot": [-1.34986, 9.9482, -6.01562],
							"rotation": [0, 0, -42.5],
							"uv": {
								"north": {"uv": [94, 93], "uv_size": [1, 2]},
								"east": {"uv": [14, 95], "uv_size": [1, 2]},
								"south": {"uv": [21, 95], "uv_size": [1, 2]},
								"west": {"uv": [95, 23], "uv_size": [1, 2]},
								"up": {"uv": [93, 96], "uv_size": [1, 1]},
								"down": {"uv": [96, 94], "uv_size": [1, -1]}
							}
						},
						{
							"origin": [-1.51783, 7.3857, -6.51562],
							"size": [0.33594, 1.5, 1],
							"pivot": [-1.34986, 7.9482, -6.01562],
							"rotation": [0, 0, -42.5],
							"uv": {
								"north": {"uv": [94, 93], "uv_size": [1, 2]},
								"east": {"uv": [14, 95], "uv_size": [1, 2]},
								"south": {"uv": [21, 95], "uv_size": [1, 2]},
								"west": {"uv": [95, 23], "uv_size": [1, 2]},
								"up": {"uv": [93, 96], "uv_size": [1, 1]},
								"down": {"uv": [96, 94], "uv_size": [1, -1]}
							}
						},
						{
							"origin": [1.1819, 7.3857, -6.51562],
							"size": [0.33594, 1.5, 1],
							"pivot": [1.34986, 7.9482, -6.01562],
							"rotation": [0, 0, 42.5],
							"uv": {
								"north": {"uv": [95, 93], "uv_size": [-1, 2]},
								"east": {"uv": [96, 23], "uv_size": [-1, 2]},
								"south": {"uv": [22, 95], "uv_size": [-1, 2]},
								"west": {"uv": [15, 95], "uv_size": [-1, 2]},
								"up": {"uv": [94, 96], "uv_size": [-1, 1]},
								"down": {"uv": [97, 94], "uv_size": [-1, -1]}
							}
						},
						{
							"origin": [1.1819, 9.3857, -6.51562],
							"size": [0.33594, 1.5, 1],
							"pivot": [1.34986, 9.9482, -6.01562],
							"rotation": [0, 0, 42.5],
							"uv": {
								"north": {"uv": [95, 93], "uv_size": [-1, 2]},
								"east": {"uv": [96, 23], "uv_size": [-1, 2]},
								"south": {"uv": [22, 95], "uv_size": [-1, 2]},
								"west": {"uv": [15, 95], "uv_size": [-1, 2]},
								"up": {"uv": [94, 96], "uv_size": [-1, 1]},
								"down": {"uv": [97, 94], "uv_size": [-1, -1]}
							}
						},
						{
							"origin": [-3.875, 15.5, -2.875],
							"size": [0.875, 0.5, 5.75],
							"uv": {
								"north": {"uv": [9, 91], "uv_size": [1, 1]},
								"east": {"uv": [77, 12], "uv_size": [6, 1]},
								"south": {"uv": [13, 91], "uv_size": [1, 1]},
								"west": {"uv": [77, 14], "uv_size": [6, 1]},
								"up": {"uv": [52, 64], "uv_size": [1, 6]},
								"down": {"uv": [55, 70], "uv_size": [1, -6]}
							}
						},
						{
							"origin": [3, 15.5, -2.875],
							"size": [0.875, 0.5, 5.75],
							"uv": {
								"north": {"uv": [10, 91], "uv_size": [-1, 1]},
								"east": {"uv": [83, 14], "uv_size": [-6, 1]},
								"south": {"uv": [14, 91], "uv_size": [-1, 1]},
								"west": {"uv": [83, 12], "uv_size": [-6, 1]},
								"up": {"uv": [53, 64], "uv_size": [-1, 6]},
								"down": {"uv": [56, 70], "uv_size": [-1, -6]}
							}
						}
					]
				}
			]
		}
	]
}