{
  "materials": [
    {
      "item": {
        "tag": "forge:ingots/gold"
      },
      "count": 40
    },
    {
      "item": {
        "tag": "forge:ingots/iron"
      },
      "count": 160
    },
    {
      "item": {
        "tag": "forge:gems/diamond"
      },
      "count": 6
    },
    {
      "item": {
        "tag": "forge:ingots/netherite"
      },
      "count": 1
    },
    {
      "item": {
        "tag": "forge:rods/blaze"
      },
      "count": 1
    }
  ],
  "result": {
    "type": "gun",
    "id": "halor6:m319_greande_launcher"
  },
  "type": "tacz:gun_smith_table_crafting"
}