{
  "materials": [
    {
      "item": {
        "tag": "forge:ingots/gold"
      },
      "count": 60
    },
    {
      "item": {
        "tag": "forge:ingots/iron"
      },
      "count": 256
    },
    {
      "item": {
        "tag": "forge:gems/diamond"
      },
      "count": 12
    },
    {
      "item": {
        "tag": "forge:ingots/netherite"
      },
      "count": 2
    },
    {
      "item": {
        "tag": "forge:rods/blaze"
      },
      "count": 2
    }
  ],
  "result": {
    "type": "gun",
    "id": "halor6:m41_spnkr"
  },
  "type": "tacz:gun_smith_table_crafting"
}