{
  "materials": [
    {
      "item": {
        "tag": "forge:ingots/gold"
      },
      "count": 12
    },
    {
      "item": {
        "tag": "forge:ingots/iron"
      },
      "count": 64
    },
    {
      "item": {
        "tag": "forge:dusts/redstone"
      },
      "count": 4
    },
    {
      "item": {
        "tag": "forge:gems/amethyst"
      },
      "count": 2
    }
  ],
  "result": {
    "type": "gun",
    "id": "halor6:ma40"
  },
  "type": "tacz:gun_smith_table_crafting"
}