{
  "materials": [
    {
      "item": {
        "tag": "forge:ingots/gold"
      },
      "count": 48
    },
    {
      "item": {
        "tag": "forge:ingots/iron"
      },
      "count": 256
    },
    {
      "item": {
        "tag": "forge:gems/diamond"
      },
      "count": 8
    },
    {
      "item": {
        "tag": "forge:gems/amethyst"
      },
      "count": 2
    }
  ],
  "result": {
    "type": "gun",
    "id": "halor6:s7"
  },
  "type": "tacz:gun_smith_table_crafting"
}