{
  "materials": [
    {
      "item": {
        "tag": "forge:ingots/iron"
      },
      "count": 100
    },
    {
      "item": {
        "tag": "forge:ingots/gold"
      },
      "count": 10
    },
    {
      "item": {
        "tag": "forge:dusts/redstone"
      },
      "count": 30
    },
    {
      "item": {
        "tag": "forge:rods/blaze"
      },
      "count": 1
    }
  ],
  "result": {
    "type": "gun",
    "id": "halor6:sentinel_beam_h5"
  },
  "type": "tacz:gun_smith_table_crafting"
}