{
  "materials": [
    {
      "item": {
        "tag": "forge:gems/lapis"
      },
      "count": 60
    },
    {
      "item": {
        "tag": "forge:dusts/glowstone"
      },
      "count": 16
    },
    {
      "item": {
        "tag": "forge:gems/diamond"
      },
      "count": 1
    },
    {
      "item": {
        "tag": "forge:gems/amethyst"
      },
      "count": 2
    }
  ],
  "result": {
    "type": "gun",
    "id": "halor6:type-57b_carbine"
  },
  "type": "tacz:gun_smith_table_crafting"
}