{
  "materials": [
    {
      "item": {
        "tag": "forge:ingots/gold"
      },
      "count": 16
    },
    {
      "item": {
        "tag": "forge:ingots/iron"
      },
      "count": 96
    },
    {
      "item": {
        "tag": "forge:gems/diamond"
      },
      "count": 1
    },
    {
      "item": {
        "tag": "forge:gems/amethyst"
      },
      "count": 2
    }
  ],
  "result": {
    "type": "gun",
    "id": "halor6:vk78"
  },
  "type": "tacz:gun_smith_table_crafting"
}