{
  "materials": [
    {
      "item": {
        "tag": "forge:ingots/iron"
      },
      "count": 120
    },
    {
      "item": {
        "tag": "forge:ingots/gold"
      },
      "count": 20
    },
    {
      "item": {
        "tag": "forge:gems/diamond"
      },
      "count": 2
    },
    {
      "item": {
        "tag": "forge:dusts/redstone"
      },
      "count": 32
    },
    {
      "item": {
        "tag": "forge:rods/blaze"
      },
      "count": 2
    }
  ],
  "result": {
    "type": "gun",
    "id": "halor6:z-250_light_rifle"
  },
  "type": "tacz:gun_smith_table_crafting"
}