{
  "slot": "halor6:attachment/slot/scope_m395b_dmr_default",
  "model": "halor6:attachment/scope_m395b_dmr_default_geo",
  "texture": "halor6:attachment/uv/scope_m395b_dmr_default",
  "lod": {
    "model": "halor6:attachment/scope_m395b_dmr_default_geo",
    "texture": "halor6:attachment/uv/scope_m395b_dmr_default"
  },
  "zoom": [
    3.0
  ],
  "views_fov": [
    30.0
  ],
  "scope": true,
  "sounds": {
    "install": "tacz:attachments/scope_general_d",
    "uninstall": "tacz:attachments/scope_general_d"
  }
}