{
  "slot": "halor6:attachment/slot/scope_br75_default",
  "model": "halor6:attachment/scope_br75_default_geo",
  "texture": "halor6:attachment/uv/scope_br75_default",
  "zoom": [
    2.5
  ],
  "views_fov": [
    35.0
  ],
  "text_show": {
    // 作用的组名，该组的旋转点决定文本的位置和朝向
    "ammo_count_text": {
      // 文本缩放，默认大小对于 BlockBench 里的 1
      "scale": 0.08,
      // 对齐方式：right，center，left
      "align": "left",
      // 阴影
      "shadow": false,
      // 文本颜色
      "color": "#00ffff",
      // 亮度：1-15
      "light": 15,
      // 本地化，且支持PlaceholderAPI 风格的占位符
      // 目前仅支持两个：%player_name% %ammo_count%
      "text": "%ammo_count%"
    }
  },
  "scope": true,
  "sounds": {
    "install": "tacz:attachments/scope_general_d",
    "uninstall": "tacz:attachments/scope_general_d"
  }
}