{
  // 配方过滤器，具体内容位于 data/<命名空间>/recipe_filters 下
  // 如果没有指定，将使用默认过滤器 tacz:default
  "filter": "halor6:default",
  "tabs": [
    {
      // tab的id，在配方的result中指定
      "id": "tacz:rifle",
      // tab的名称，将会显示在gui中
      "name": "tacz.type.rifle.name",
      // tab的图标，可以指定任意一个物品作为图标
      "icon": {
        "item": "tacz:modern_kinetic_gun",
        "nbt": {
          "GunId": "halor6:ma40"
        }
      }
    },
    {
      "id": "tacz:sniper",
      "name": "tacz.type.sniper.name",
      "icon": {
        "item": "tacz:modern_kinetic_gun",
        "nbt": {
          "GunId": "halor6:s7"
        }
      }
    },
    {
      "id": "tacz:pistol",
      "name": "tacz.type.pistol.name",
      "icon": {
        "item": "tacz:modern_kinetic_gun",
        "nbt": {
          "GunId": "halor6:mk50"
        }
      }
    },
    {
      "id": "tacz:mg",
      "name": "tacz.type.mg.name",
      "icon": {
        "item": "tacz:modern_kinetic_gun",
        "nbt": {
          "GunId": "halor6:m247_gpmg"
        }
      }
    },
    {
      "id": "tacz:rpg",
      "name": "tacz.type.rpg.name",
      "icon": {
        "item": "tacz:modern_kinetic_gun",
        "nbt": {
          "GunId": "halor6:m41_spnkr"
        }
      }
    },
    {
      "id": "tacz:shotgun",
      "name": "tacz.type.shotgun.name",
      "icon": {
        "item": "tacz:modern_kinetic_gun",
        "nbt": {
          "GunId": "halor6:m90"
        }
      }
    },
    {
      "id": "tacz:smg",
      "name": "tacz.type.smg.name",
      "icon": {
        "item": "tacz:modern_kinetic_gun",
        "nbt": {
          "GunId": "halor6:sentinel_beam_h5"
        }
      }
    }
  ]
}