{

  "filter": "halor6:default",
  "tabs": [
    {
      "id": "tacz:ammo",
      "name": "tacz.type.ammo.name",
      "icon": {
        "item": "tacz:ammo",
        "nbt": {
          "AmmoId": "halor6:kinetic_ammo"
        }
      }
    },
    {
      "id": "tacz:scope",
      "name": "tacz.type.scope.name",
      "icon": {
        "item": "tacz:attachment",
        "nbt": {
          "AttachmentId": "halor6:scope_s7_default"
        }
      }
    },
    {
      "id": "tacz:muzzle",
      "name": "tacz.type.muzzle.name",
      "icon": {
        "item": "tacz:attachment",
        "nbt": {
          "AttachmentId": "halor6:muzzle_m395b_dmr_default"
        }
      }
    }
  ]
}